Case_ID,Stage,Molecule,Geometry,Charge,Multiplicity,Num_Electrons,Basis,Basis_Source,Active_Space,Active_Electrons,Active_Orbitals,Mapper,N_Qubit,N_Qubit_Source,Method,Ansatz,Ansatz_Reps,Backend_Platform,Optimizer,Opt_Options,Iterations,Shots,Qiskit_Version,TN_Layers_Network,TN_Ansatz,Optimization_Mode,Measurement_Method,Qasm_Ansatz_File,Qasm_Ansatz_SHA256,Num_Opt_Params_Phi,Phi_Init,Num_Opt_Params_Theta,Num_ExpVals_Per_Iter,Num_ExpVals_Source,Error_Mitigation,Precision,QESEM_Execution_Mode,Refines_Case_ID,Converged_Params_File,Converged_Params_SHA256,Notes
1,1_screen,H2,H 0 0 0; H 0 0 0.74144,0,1,2,sto-3g,basis_set_exchange,full,2,2,JW,4,jw_exact,VQE,RealAmplitudes,2,ibm_aachen,COBYLA,{},30,4096,2.3.0,,n/a (not TN-VQE),n/a (not TN-VQE),pauli,data/qasm/RealAmplitudes_4q_2r.qasm,20ee55d404ec,12,random(seed=20260811),,5,qwc_grouping,none,n/a (shot-based),n/a (not QESEM),,,,"N_Qubit = 2 x active orbitals (exact). NO active-space restriction: all 2 electrons in all 2 orbitals of sto-3g, so N_Qubit follows the basis set rather than being held fixed across it. Plain-VQE arm of the RealAmplitudes triple; the TN-VQE and classical-only rows on this circuit differ from it in method alone. Standard per-Pauli-string measurement (baseline)."
2,1_screen,H2,H 0 0 0; H 0 0 0.74144,0,1,2,sto-3g,basis_set_exchange,full,2,2,JW,4,jw_exact,TN-VQE,RealAmplitudes,2,ibm_aachen,COBYLA,{},30,4096,2.3.0,2,givens,both,pauli,data/qasm/RealAmplitudes_4q_2r.qasm,20ee55d404ec,12,random(seed=20260811),8,5,qwc_grouping,none,n/a (shot-based),n/a (not QESEM),,,,"N_Qubit = 2 x active orbitals (exact). NO active-space restriction: all 2 electrons in all 2 orbitals of sto-3g, so N_Qubit follows the basis set rather than being held fixed across it. Single TN-VQE reference point (TN_Layers_Network=2, givens, at the circuit's own 2 repetitions); the full sweep is stage 2. givens is the JW image of a single-particle orbital rotation: it entangles, commutes with the number operator, and leaves U^dag H U a two-body fermionic Hamiltonian, so its Pauli-string count saturates with TN_Layers_Network rather than growing. Standard per-Pauli-string measurement (baseline)."
3,1_screen,H2,H 0 0 0; H 0 0 0.74144,0,1,2,sto-3g,basis_set_exchange,full,2,2,JW,4,jw_exact,VQE,EfficientSU2_circular,2,ibm_aachen,COBYLA,{},32,4096,2.3.0,,n/a (not TN-VQE),n/a (not TN-VQE),pauli,data/qasm/EfficientSU2_circular_4q_2r.qasm,3402b830f182,24,random(seed=20260811),,5,qwc_grouping,none,n/a (shot-based),n/a (not QESEM),,,,"N_Qubit = 2 x active orbitals (exact). NO active-space restriction: all 2 electrons in all 2 orbitals of sto-3g, so N_Qubit follows the basis set rather than being held fixed across it. Plain-VQE arm of the EfficientSU2_circular triple; the TN-VQE and classical-only rows on this circuit differ from it in method alone. Standard per-Pauli-string measurement (baseline)."
4,1_screen,H2,H 0 0 0; H 0 0 0.74144,0,1,2,sto-3g,basis_set_exchange,full,2,2,JW,4,jw_exact,TN-VQE,EfficientSU2_circular,2,ibm_aachen,COBYLA,{},42,4096,2.3.0,2,givens,both,pauli,data/qasm/EfficientSU2_circular_4q_2r.qasm,3402b830f182,24,random(seed=20260811),8,5,qwc_grouping,none,n/a (shot-based),n/a (not QESEM),,,,"N_Qubit = 2 x active orbitals (exact). NO active-space restriction: all 2 electrons in all 2 orbitals of sto-3g, so N_Qubit follows the basis set rather than being held fixed across it. Single TN-VQE reference point (TN_Layers_Network=2, givens, at the circuit's own 2 repetitions); the full sweep is stage 2. givens is the JW image of a single-particle orbital rotation: it entangles, commutes with the number operator, and leaves U^dag H U a two-body fermionic Hamiltonian, so its Pauli-string count saturates with TN_Layers_Network rather than growing. Standard per-Pauli-string measurement (baseline)."
5,1_screen,H2,H 0 0 0; H 0 0 0.74144,0,1,2,sto-3g,basis_set_exchange,full,2,2,JW,4,jw_exact,VQE,RealAmplitudes,2,ibm_aachen,COBYLA,{},30,4096,2.3.0,,n/a (not TN-VQE),n/a (not TN-VQE),grouped,data/qasm/RealAmplitudes_4q_2r.qasm,20ee55d404ec,12,random(seed=20260811),,5,qwc_grouping,none,n/a (shot-based),n/a (not QESEM),,,,"N_Qubit = 2 x active orbitals (exact). NO active-space restriction: all 2 electrons in all 2 orbitals of sto-3g, so N_Qubit follows the basis set rather than being held fixed across it. Plain-VQE arm of the RealAmplitudes triple; the TN-VQE and classical-only rows on this circuit differ from it in method alone. Cebule's basis-state-pair-grouping measurement scheme (TNQCOptInput.measurement_method='grouped'). Expected to need fewer or equal distinct circuits per iteration than 'pauli', but the exact circuit count is an output of a real run, not predictable from the inputs."
6,1_screen,H2,H 0 0 0; H 0 0 0.74144,0,1,2,sto-3g,basis_set_exchange,full,2,2,JW,4,jw_exact,TN-VQE,RealAmplitudes,2,ibm_aachen,COBYLA,{},30,4096,2.3.0,2,givens,both,grouped,data/qasm/RealAmplitudes_4q_2r.qasm,20ee55d404ec,12,random(seed=20260811),8,5,qwc_grouping,none,n/a (shot-based),n/a (not QESEM),,,,"N_Qubit = 2 x active orbitals (exact). NO active-space restriction: all 2 electrons in all 2 orbitals of sto-3g, so N_Qubit follows the basis set rather than being held fixed across it. Single TN-VQE reference point (TN_Layers_Network=2, givens, at the circuit's own 2 repetitions); the full sweep is stage 2. givens is the JW image of a single-particle orbital rotation: it entangles, commutes with the number operator, and leaves U^dag H U a two-body fermionic Hamiltonian, so its Pauli-string count saturates with TN_Layers_Network rather than growing. Cebule's basis-state-pair-grouping measurement scheme (TNQCOptInput.measurement_method='grouped'). Expected to need fewer or equal distinct circuits per iteration than 'pauli', but the exact circuit count is an output of a real run, not predictable from the inputs."
7,1_screen,H2,H 0 0 0; H 0 0 0.74144,0,1,2,sto-3g,basis_set_exchange,full,2,2,JW,4,jw_exact,VQE,EfficientSU2_circular,2,ibm_aachen,COBYLA,{},32,4096,2.3.0,,n/a (not TN-VQE),n/a (not TN-VQE),grouped,data/qasm/EfficientSU2_circular_4q_2r.qasm,3402b830f182,24,random(seed=20260811),,5,qwc_grouping,none,n/a (shot-based),n/a (not QESEM),,,,"N_Qubit = 2 x active orbitals (exact). NO active-space restriction: all 2 electrons in all 2 orbitals of sto-3g, so N_Qubit follows the basis set rather than being held fixed across it. Plain-VQE arm of the EfficientSU2_circular triple; the TN-VQE and classical-only rows on this circuit differ from it in method alone. Cebule's basis-state-pair-grouping measurement scheme (TNQCOptInput.measurement_method='grouped'). Expected to need fewer or equal distinct circuits per iteration than 'pauli', but the exact circuit count is an output of a real run, not predictable from the inputs."
8,1_screen,H2,H 0 0 0; H 0 0 0.74144,0,1,2,sto-3g,basis_set_exchange,full,2,2,JW,4,jw_exact,TN-VQE,EfficientSU2_circular,2,ibm_aachen,COBYLA,{},42,4096,2.3.0,2,givens,both,grouped,data/qasm/EfficientSU2_circular_4q_2r.qasm,3402b830f182,24,random(seed=20260811),8,5,qwc_grouping,none,n/a (shot-based),n/a (not QESEM),,,,"N_Qubit = 2 x active orbitals (exact). NO active-space restriction: all 2 electrons in all 2 orbitals of sto-3g, so N_Qubit follows the basis set rather than being held fixed across it. Single TN-VQE reference point (TN_Layers_Network=2, givens, at the circuit's own 2 repetitions); the full sweep is stage 2. givens is the JW image of a single-particle orbital rotation: it entangles, commutes with the number operator, and leaves U^dag H U a two-body fermionic Hamiltonian, so its Pauli-string count saturates with TN_Layers_Network rather than growing. Cebule's basis-state-pair-grouping measurement scheme (TNQCOptInput.measurement_method='grouped'). Expected to need fewer or equal distinct circuits per iteration than 'pauli', but the exact circuit count is an output of a real run, not predictable from the inputs."
9,1_screen,H2,H 0 0 0; H 0 0 0.74144,0,1,2,sto-3g,basis_set_exchange,full,2,2,JW,4,jw_exact,TN-VQE,RealAmplitudes,2,ibm_aachen,COBYLA,{},30,n/a (network mode),2.3.0,2,givens,network,n/a (network mode),data/qasm/RealAmplitudes_4q_2r.qasm,20ee55d404ec,12,random(seed=20260811),8,n/a (network mode),n/a (network mode),none,n/a (shot-based),n/a (not QESEM),,,,"N_Qubit = 2 x active orbitals (exact). NO active-space restriction: all 2 electrons in all 2 orbitals of sto-3g, so N_Qubit follows the basis set rather than being held fixed across it. ZERO-QPU CONTROL: optimization_mode='network' holds phi at the same Phi_Init the other two arms start from and optimises theta by classical tensor-network contraction, taking no quantum measurements. Costs nothing against any IBM plan budget; this is the floor every 'both' row is measured against. Num_Opt_Params_Phi is the count held FIXED, not optimised. givens is the JW image of a single-particle orbital rotation: it entangles, commutes with the number operator, and leaves U^dag H U a two-body fermionic Hamiltonian, so its Pauli-string count saturates with TN_Layers_Network rather than growing. No quantum measurements taken, so no measurement method applies."
10,1_screen,H2,H 0 0 0; H 0 0 0.74144,0,1,2,sto-3g,basis_set_exchange,full,2,2,JW,4,jw_exact,TN-VQE,EfficientSU2_circular,2,ibm_aachen,COBYLA,{},30,n/a (network mode),2.3.0,2,givens,network,n/a (network mode),data/qasm/EfficientSU2_circular_4q_2r.qasm,3402b830f182,24,random(seed=20260811),8,n/a (network mode),n/a (network mode),none,n/a (shot-based),n/a (not QESEM),,,,"N_Qubit = 2 x active orbitals (exact). NO active-space restriction: all 2 electrons in all 2 orbitals of sto-3g, so N_Qubit follows the basis set rather than being held fixed across it. ZERO-QPU CONTROL: optimization_mode='network' holds phi at the same Phi_Init the other two arms start from and optimises theta by classical tensor-network contraction, taking no quantum measurements. Costs nothing against any IBM plan budget; this is the floor every 'both' row is measured against. Num_Opt_Params_Phi is the count held FIXED, not optimised. givens is the JW image of a single-particle orbital rotation: it entangles, commutes with the number operator, and leaves U^dag H U a two-body fermionic Hamiltonian, so its Pauli-string count saturates with TN_Layers_Network rather than growing. No quantum measurements taken, so no measurement method applies."
11,1_screen,H2,H 0 0 0; H 0 0 0.74144,0,1,2,sto-3g,basis_set_exchange,full,2,2,mol_map,2,mol_map_run,VQE,RealAmplitudes,2,ibm_aachen,COBYLA,{},30,4096,2.3.0,,n/a (not TN-VQE),n/a (not TN-VQE),pauli,data/qasm/RealAmplitudes_2q_2r.qasm,daf8294f21e5,6,random(seed=20260811),,2,measured_run,none,n/a (shot-based),n/a (not QESEM),,,,"N_Qubit confirmed by a real Cebule MOL_MAP run for H2/sto-3g. NO active-space restriction: all 2 electrons in all 2 orbitals of sto-3g, so N_Qubit follows the basis set rather than being held fixed across it. Plain-VQE arm of the RealAmplitudes triple; the TN-VQE and classical-only rows on this circuit differ from it in method alone. Standard per-Pauli-string measurement (baseline)."
12,1_screen,H2,H 0 0 0; H 0 0 0.74144,0,1,2,sto-3g,basis_set_exchange,full,2,2,mol_map,2,mol_map_run,TN-VQE,RealAmplitudes,2,ibm_aachen,COBYLA,{},30,4096,2.3.0,2,givens,both,pauli,data/qasm/RealAmplitudes_2q_2r.qasm,daf8294f21e5,6,random(seed=20260811),3,2,measured_run,none,n/a (shot-based),n/a (not QESEM),,,,"N_Qubit confirmed by a real Cebule MOL_MAP run for H2/sto-3g. NO active-space restriction: all 2 electrons in all 2 orbitals of sto-3g, so N_Qubit follows the basis set rather than being held fixed across it. Single TN-VQE reference point (TN_Layers_Network=2, givens, at the circuit's own 2 repetitions); the full sweep is stage 2. givens is the JW image of a single-particle orbital rotation: it entangles, commutes with the number operator, and leaves U^dag H U a two-body fermionic Hamiltonian, so its Pauli-string count saturates with TN_Layers_Network rather than growing. Standard per-Pauli-string measurement (baseline)."
13,1_screen,H2,H 0 0 0; H 0 0 0.74144,0,1,2,sto-3g,basis_set_exchange,full,2,2,mol_map,2,mol_map_run,VQE,EfficientSU2_circular,2,ibm_aachen,COBYLA,{},30,4096,2.3.0,,n/a (not TN-VQE),n/a (not TN-VQE),pauli,data/qasm/EfficientSU2_circular_2q_2r.qasm,0b771d6dd7a0,12,random(seed=20260811),,2,measured_run,none,n/a (shot-based),n/a (not QESEM),,,,"N_Qubit confirmed by a real Cebule MOL_MAP run for H2/sto-3g. NO active-space restriction: all 2 electrons in all 2 orbitals of sto-3g, so N_Qubit follows the basis set rather than being held fixed across it. Plain-VQE arm of the EfficientSU2_circular triple; the TN-VQE and classical-only rows on this circuit differ from it in method alone. Standard per-Pauli-string measurement (baseline)."
14,1_screen,H2,H 0 0 0; H 0 0 0.74144,0,1,2,sto-3g,basis_set_exchange,full,2,2,mol_map,2,mol_map_run,TN-VQE,EfficientSU2_circular,2,ibm_aachen,COBYLA,{},30,4096,2.3.0,2,givens,both,pauli,data/qasm/EfficientSU2_circular_2q_2r.qasm,0b771d6dd7a0,12,random(seed=20260811),3,2,measured_run,none,n/a (shot-based),n/a (not QESEM),,,,"N_Qubit confirmed by a real Cebule MOL_MAP run for H2/sto-3g. NO active-space restriction: all 2 electrons in all 2 orbitals of sto-3g, so N_Qubit follows the basis set rather than being held fixed across it. Single TN-VQE reference point (TN_Layers_Network=2, givens, at the circuit's own 2 repetitions); the full sweep is stage 2. givens is the JW image of a single-particle orbital rotation: it entangles, commutes with the number operator, and leaves U^dag H U a two-body fermionic Hamiltonian, so its Pauli-string count saturates with TN_Layers_Network rather than growing. Standard per-Pauli-string measurement (baseline)."
15,1_screen,H2,H 0 0 0; H 0 0 0.74144,0,1,2,sto-3g,basis_set_exchange,full,2,2,mol_map,2,mol_map_run,VQE,RealAmplitudes,2,ibm_aachen,COBYLA,{},30,4096,2.3.0,,n/a (not TN-VQE),n/a (not TN-VQE),grouped,data/qasm/RealAmplitudes_2q_2r.qasm,daf8294f21e5,6,random(seed=20260811),,2,measured_run,none,n/a (shot-based),n/a (not QESEM),,,,"N_Qubit confirmed by a real Cebule MOL_MAP run for H2/sto-3g. NO active-space restriction: all 2 electrons in all 2 orbitals of sto-3g, so N_Qubit follows the basis set rather than being held fixed across it. Plain-VQE arm of the RealAmplitudes triple; the TN-VQE and classical-only rows on this circuit differ from it in method alone. Cebule's basis-state-pair-grouping measurement scheme (TNQCOptInput.measurement_method='grouped'). Expected to need fewer or equal distinct circuits per iteration than 'pauli', but the exact circuit count is an output of a real run, not predictable from the inputs."
16,1_screen,H2,H 0 0 0; H 0 0 0.74144,0,1,2,sto-3g,basis_set_exchange,full,2,2,mol_map,2,mol_map_run,TN-VQE,RealAmplitudes,2,ibm_aachen,COBYLA,{},30,4096,2.3.0,2,givens,both,grouped,data/qasm/RealAmplitudes_2q_2r.qasm,daf8294f21e5,6,random(seed=20260811),3,2,measured_run,none,n/a (shot-based),n/a (not QESEM),,,,"N_Qubit confirmed by a real Cebule MOL_MAP run for H2/sto-3g. NO active-space restriction: all 2 electrons in all 2 orbitals of sto-3g, so N_Qubit follows the basis set rather than being held fixed across it. Single TN-VQE reference point (TN_Layers_Network=2, givens, at the circuit's own 2 repetitions); the full sweep is stage 2. givens is the JW image of a single-particle orbital rotation: it entangles, commutes with the number operator, and leaves U^dag H U a two-body fermionic Hamiltonian, so its Pauli-string count saturates with TN_Layers_Network rather than growing. Cebule's basis-state-pair-grouping measurement scheme (TNQCOptInput.measurement_method='grouped'). Expected to need fewer or equal distinct circuits per iteration than 'pauli', but the exact circuit count is an output of a real run, not predictable from the inputs."
17,1_screen,H2,H 0 0 0; H 0 0 0.74144,0,1,2,sto-3g,basis_set_exchange,full,2,2,mol_map,2,mol_map_run,VQE,EfficientSU2_circular,2,ibm_aachen,COBYLA,{},30,4096,2.3.0,,n/a (not TN-VQE),n/a (not TN-VQE),grouped,data/qasm/EfficientSU2_circular_2q_2r.qasm,0b771d6dd7a0,12,random(seed=20260811),,2,measured_run,none,n/a (shot-based),n/a (not QESEM),,,,"N_Qubit confirmed by a real Cebule MOL_MAP run for H2/sto-3g. NO active-space restriction: all 2 electrons in all 2 orbitals of sto-3g, so N_Qubit follows the basis set rather than being held fixed across it. Plain-VQE arm of the EfficientSU2_circular triple; the TN-VQE and classical-only rows on this circuit differ from it in method alone. Cebule's basis-state-pair-grouping measurement scheme (TNQCOptInput.measurement_method='grouped'). Expected to need fewer or equal distinct circuits per iteration than 'pauli', but the exact circuit count is an output of a real run, not predictable from the inputs."
18,1_screen,H2,H 0 0 0; H 0 0 0.74144,0,1,2,sto-3g,basis_set_exchange,full,2,2,mol_map,2,mol_map_run,TN-VQE,EfficientSU2_circular,2,ibm_aachen,COBYLA,{},30,4096,2.3.0,2,givens,both,grouped,data/qasm/EfficientSU2_circular_2q_2r.qasm,0b771d6dd7a0,12,random(seed=20260811),3,2,measured_run,none,n/a (shot-based),n/a (not QESEM),,,,"N_Qubit confirmed by a real Cebule MOL_MAP run for H2/sto-3g. NO active-space restriction: all 2 electrons in all 2 orbitals of sto-3g, so N_Qubit follows the basis set rather than being held fixed across it. Single TN-VQE reference point (TN_Layers_Network=2, givens, at the circuit's own 2 repetitions); the full sweep is stage 2. givens is the JW image of a single-particle orbital rotation: it entangles, commutes with the number operator, and leaves U^dag H U a two-body fermionic Hamiltonian, so its Pauli-string count saturates with TN_Layers_Network rather than growing. Cebule's basis-state-pair-grouping measurement scheme (TNQCOptInput.measurement_method='grouped'). Expected to need fewer or equal distinct circuits per iteration than 'pauli', but the exact circuit count is an output of a real run, not predictable from the inputs."
19,1_screen,H2,H 0 0 0; H 0 0 0.74144,0,1,2,sto-3g,basis_set_exchange,full,2,2,mol_map,2,mol_map_run,TN-VQE,RealAmplitudes,2,ibm_aachen,COBYLA,{},30,n/a (network mode),2.3.0,2,givens,network,n/a (network mode),data/qasm/RealAmplitudes_2q_2r.qasm,daf8294f21e5,6,random(seed=20260811),3,n/a (network mode),n/a (network mode),none,n/a (shot-based),n/a (not QESEM),,,,"N_Qubit confirmed by a real Cebule MOL_MAP run for H2/sto-3g. NO active-space restriction: all 2 electrons in all 2 orbitals of sto-3g, so N_Qubit follows the basis set rather than being held fixed across it. ZERO-QPU CONTROL: optimization_mode='network' holds phi at the same Phi_Init the other two arms start from and optimises theta by classical tensor-network contraction, taking no quantum measurements. Costs nothing against any IBM plan budget; this is the floor every 'both' row is measured against. Num_Opt_Params_Phi is the count held FIXED, not optimised. givens is the JW image of a single-particle orbital rotation: it entangles, commutes with the number operator, and leaves U^dag H U a two-body fermionic Hamiltonian, so its Pauli-string count saturates with TN_Layers_Network rather than growing. No quantum measurements taken, so no measurement method applies."
20,1_screen,H2,H 0 0 0; H 0 0 0.74144,0,1,2,sto-3g,basis_set_exchange,full,2,2,mol_map,2,mol_map_run,TN-VQE,EfficientSU2_circular,2,ibm_aachen,COBYLA,{},30,n/a (network mode),2.3.0,2,givens,network,n/a (network mode),data/qasm/EfficientSU2_circular_2q_2r.qasm,0b771d6dd7a0,12,random(seed=20260811),3,n/a (network mode),n/a (network mode),none,n/a (shot-based),n/a (not QESEM),,,,"N_Qubit confirmed by a real Cebule MOL_MAP run for H2/sto-3g. NO active-space restriction: all 2 electrons in all 2 orbitals of sto-3g, so N_Qubit follows the basis set rather than being held fixed across it. ZERO-QPU CONTROL: optimization_mode='network' holds phi at the same Phi_Init the other two arms start from and optimises theta by classical tensor-network contraction, taking no quantum measurements. Costs nothing against any IBM plan budget; this is the floor every 'both' row is measured against. Num_Opt_Params_Phi is the count held FIXED, not optimised. givens is the JW image of a single-particle orbital rotation: it entangles, commutes with the number operator, and leaves U^dag H U a two-body fermionic Hamiltonian, so its Pauli-string count saturates with TN_Layers_Network rather than growing. No quantum measurements taken, so no measurement method applies."
21,1_screen,H2,H 0 0 0; H 0 0 0.74144,0,1,2,6-31g,basis_set_exchange,full,2,4,JW,8,jw_exact,VQE,RealAmplitudes,2,ibm_aachen,COBYLA,{},32,4096,2.3.0,,n/a (not TN-VQE),n/a (not TN-VQE),pauli,data/qasm/RealAmplitudes_8q_2r.qasm,746c96139c6c,24,random(seed=20260811),,34,measured_run,none,n/a (shot-based),n/a (not QESEM),,,,"N_Qubit = 2 x active orbitals (exact). NO active-space restriction: all 2 electrons in all 4 orbitals of 6-31g, so N_Qubit follows the basis set rather than being held fixed across it. Plain-VQE arm of the RealAmplitudes triple; the TN-VQE and classical-only rows on this circuit differ from it in method alone. Standard per-Pauli-string measurement (baseline)."
22,1_screen,H2,H 0 0 0; H 0 0 0.74144,0,1,2,6-31g,basis_set_exchange,full,2,4,JW,8,jw_exact,TN-VQE,RealAmplitudes,2,ibm_aachen,COBYLA,{},55,4096,2.3.0,2,givens,both,pauli,data/qasm/RealAmplitudes_8q_2r.qasm,746c96139c6c,24,random(seed=20260811),18,34,measured_run,none,n/a (shot-based),n/a (not QESEM),,,,"N_Qubit = 2 x active orbitals (exact). NO active-space restriction: all 2 electrons in all 4 orbitals of 6-31g, so N_Qubit follows the basis set rather than being held fixed across it. Single TN-VQE reference point (TN_Layers_Network=2, givens, at the circuit's own 2 repetitions); the full sweep is stage 2. givens is the JW image of a single-particle orbital rotation: it entangles, commutes with the number operator, and leaves U^dag H U a two-body fermionic Hamiltonian, so its Pauli-string count saturates with TN_Layers_Network rather than growing. Standard per-Pauli-string measurement (baseline)."
23,1_screen,H2,H 0 0 0; H 0 0 0.74144,0,1,2,6-31g,basis_set_exchange,full,2,4,JW,8,jw_exact,VQE,EfficientSU2_circular,2,ibm_aachen,COBYLA,{},63,4096,2.3.0,,n/a (not TN-VQE),n/a (not TN-VQE),pauli,data/qasm/EfficientSU2_circular_8q_2r.qasm,08a1af8edb04,48,random(seed=20260811),,34,measured_run,none,n/a (shot-based),n/a (not QESEM),,,,"N_Qubit = 2 x active orbitals (exact). NO active-space restriction: all 2 electrons in all 4 orbitals of 6-31g, so N_Qubit follows the basis set rather than being held fixed across it. Plain-VQE arm of the EfficientSU2_circular triple; the TN-VQE and classical-only rows on this circuit differ from it in method alone. Standard per-Pauli-string measurement (baseline)."
24,1_screen,H2,H 0 0 0; H 0 0 0.74144,0,1,2,6-31g,basis_set_exchange,full,2,4,JW,8,jw_exact,TN-VQE,EfficientSU2_circular,2,ibm_aachen,COBYLA,{},86,4096,2.3.0,2,givens,both,pauli,data/qasm/EfficientSU2_circular_8q_2r.qasm,08a1af8edb04,48,random(seed=20260811),18,34,measured_run,none,n/a (shot-based),n/a (not QESEM),,,,"N_Qubit = 2 x active orbitals (exact). NO active-space restriction: all 2 electrons in all 4 orbitals of 6-31g, so N_Qubit follows the basis set rather than being held fixed across it. Single TN-VQE reference point (TN_Layers_Network=2, givens, at the circuit's own 2 repetitions); the full sweep is stage 2. givens is the JW image of a single-particle orbital rotation: it entangles, commutes with the number operator, and leaves U^dag H U a two-body fermionic Hamiltonian, so its Pauli-string count saturates with TN_Layers_Network rather than growing. Standard per-Pauli-string measurement (baseline)."
25,1_screen,H2,H 0 0 0; H 0 0 0.74144,0,1,2,6-31g,basis_set_exchange,full,2,4,JW,8,jw_exact,VQE,RealAmplitudes,2,ibm_aachen,COBYLA,{},32,4096,2.3.0,,n/a (not TN-VQE),n/a (not TN-VQE),grouped,data/qasm/RealAmplitudes_8q_2r.qasm,746c96139c6c,24,random(seed=20260811),,34,measured_run,none,n/a (shot-based),n/a (not QESEM),,,,"N_Qubit = 2 x active orbitals (exact). NO active-space restriction: all 2 electrons in all 4 orbitals of 6-31g, so N_Qubit follows the basis set rather than being held fixed across it. Plain-VQE arm of the RealAmplitudes triple; the TN-VQE and classical-only rows on this circuit differ from it in method alone. Cebule's basis-state-pair-grouping measurement scheme (TNQCOptInput.measurement_method='grouped'). Expected to need fewer or equal distinct circuits per iteration than 'pauli', but the exact circuit count is an output of a real run, not predictable from the inputs."
26,1_screen,H2,H 0 0 0; H 0 0 0.74144,0,1,2,6-31g,basis_set_exchange,full,2,4,JW,8,jw_exact,TN-VQE,RealAmplitudes,2,ibm_aachen,COBYLA,{},55,4096,2.3.0,2,givens,both,grouped,data/qasm/RealAmplitudes_8q_2r.qasm,746c96139c6c,24,random(seed=20260811),18,34,measured_run,none,n/a (shot-based),n/a (not QESEM),,,,"N_Qubit = 2 x active orbitals (exact). NO active-space restriction: all 2 electrons in all 4 orbitals of 6-31g, so N_Qubit follows the basis set rather than being held fixed across it. Single TN-VQE reference point (TN_Layers_Network=2, givens, at the circuit's own 2 repetitions); the full sweep is stage 2. givens is the JW image of a single-particle orbital rotation: it entangles, commutes with the number operator, and leaves U^dag H U a two-body fermionic Hamiltonian, so its Pauli-string count saturates with TN_Layers_Network rather than growing. Cebule's basis-state-pair-grouping measurement scheme (TNQCOptInput.measurement_method='grouped'). Expected to need fewer or equal distinct circuits per iteration than 'pauli', but the exact circuit count is an output of a real run, not predictable from the inputs."
27,1_screen,H2,H 0 0 0; H 0 0 0.74144,0,1,2,6-31g,basis_set_exchange,full,2,4,JW,8,jw_exact,VQE,EfficientSU2_circular,2,ibm_aachen,COBYLA,{},63,4096,2.3.0,,n/a (not TN-VQE),n/a (not TN-VQE),grouped,data/qasm/EfficientSU2_circular_8q_2r.qasm,08a1af8edb04,48,random(seed=20260811),,34,measured_run,none,n/a (shot-based),n/a (not QESEM),,,,"N_Qubit = 2 x active orbitals (exact). NO active-space restriction: all 2 electrons in all 4 orbitals of 6-31g, so N_Qubit follows the basis set rather than being held fixed across it. Plain-VQE arm of the EfficientSU2_circular triple; the TN-VQE and classical-only rows on this circuit differ from it in method alone. Cebule's basis-state-pair-grouping measurement scheme (TNQCOptInput.measurement_method='grouped'). Expected to need fewer or equal distinct circuits per iteration than 'pauli', but the exact circuit count is an output of a real run, not predictable from the inputs."
28,1_screen,H2,H 0 0 0; H 0 0 0.74144,0,1,2,6-31g,basis_set_exchange,full,2,4,JW,8,jw_exact,TN-VQE,EfficientSU2_circular,2,ibm_aachen,COBYLA,{},86,4096,2.3.0,2,givens,both,grouped,data/qasm/EfficientSU2_circular_8q_2r.qasm,08a1af8edb04,48,random(seed=20260811),18,34,measured_run,none,n/a (shot-based),n/a (not QESEM),,,,"N_Qubit = 2 x active orbitals (exact). NO active-space restriction: all 2 electrons in all 4 orbitals of 6-31g, so N_Qubit follows the basis set rather than being held fixed across it. Single TN-VQE reference point (TN_Layers_Network=2, givens, at the circuit's own 2 repetitions); the full sweep is stage 2. givens is the JW image of a single-particle orbital rotation: it entangles, commutes with the number operator, and leaves U^dag H U a two-body fermionic Hamiltonian, so its Pauli-string count saturates with TN_Layers_Network rather than growing. Cebule's basis-state-pair-grouping measurement scheme (TNQCOptInput.measurement_method='grouped'). Expected to need fewer or equal distinct circuits per iteration than 'pauli', but the exact circuit count is an output of a real run, not predictable from the inputs."
29,1_screen,H2,H 0 0 0; H 0 0 0.74144,0,1,2,6-31g,basis_set_exchange,full,2,4,JW,8,jw_exact,TN-VQE,RealAmplitudes,2,ibm_aachen,COBYLA,{},30,n/a (network mode),2.3.0,2,givens,network,n/a (network mode),data/qasm/RealAmplitudes_8q_2r.qasm,746c96139c6c,24,random(seed=20260811),18,n/a (network mode),n/a (network mode),none,n/a (shot-based),n/a (not QESEM),,,,"N_Qubit = 2 x active orbitals (exact). NO active-space restriction: all 2 electrons in all 4 orbitals of 6-31g, so N_Qubit follows the basis set rather than being held fixed across it. ZERO-QPU CONTROL: optimization_mode='network' holds phi at the same Phi_Init the other two arms start from and optimises theta by classical tensor-network contraction, taking no quantum measurements. Costs nothing against any IBM plan budget; this is the floor every 'both' row is measured against. Num_Opt_Params_Phi is the count held FIXED, not optimised. givens is the JW image of a single-particle orbital rotation: it entangles, commutes with the number operator, and leaves U^dag H U a two-body fermionic Hamiltonian, so its Pauli-string count saturates with TN_Layers_Network rather than growing. No quantum measurements taken, so no measurement method applies."
30,1_screen,H2,H 0 0 0; H 0 0 0.74144,0,1,2,6-31g,basis_set_exchange,full,2,4,JW,8,jw_exact,TN-VQE,EfficientSU2_circular,2,ibm_aachen,COBYLA,{},30,n/a (network mode),2.3.0,2,givens,network,n/a (network mode),data/qasm/EfficientSU2_circular_8q_2r.qasm,08a1af8edb04,48,random(seed=20260811),18,n/a (network mode),n/a (network mode),none,n/a (shot-based),n/a (not QESEM),,,,"N_Qubit = 2 x active orbitals (exact). NO active-space restriction: all 2 electrons in all 4 orbitals of 6-31g, so N_Qubit follows the basis set rather than being held fixed across it. ZERO-QPU CONTROL: optimization_mode='network' holds phi at the same Phi_Init the other two arms start from and optimises theta by classical tensor-network contraction, taking no quantum measurements. Costs nothing against any IBM plan budget; this is the floor every 'both' row is measured against. Num_Opt_Params_Phi is the count held FIXED, not optimised. givens is the JW image of a single-particle orbital rotation: it entangles, commutes with the number operator, and leaves U^dag H U a two-body fermionic Hamiltonian, so its Pauli-string count saturates with TN_Layers_Network rather than growing. No quantum measurements taken, so no measurement method applies."
31,1_screen,H2,H 0 0 0; H 0 0 0.74144,0,1,2,6-31g,basis_set_exchange,full,2,4,mol_map,4,mol_map_run,VQE,RealAmplitudes,2,ibm_aachen,COBYLA,{},30,4096,2.3.0,,n/a (not TN-VQE),n/a (not TN-VQE),pauli,data/qasm/RealAmplitudes_4q_2r.qasm,20ee55d404ec,12,random(seed=20260811),,37,measured_run,none,n/a (shot-based),n/a (not QESEM),,,,"N_Qubit confirmed by a real Cebule MOL_MAP run for H2/6-31g. NO active-space restriction: all 2 electrons in all 4 orbitals of 6-31g, so N_Qubit follows the basis set rather than being held fixed across it. Plain-VQE arm of the RealAmplitudes triple; the TN-VQE and classical-only rows on this circuit differ from it in method alone. Standard per-Pauli-string measurement (baseline)."
32,1_screen,H2,H 0 0 0; H 0 0 0.74144,0,1,2,6-31g,basis_set_exchange,full,2,4,mol_map,4,mol_map_run,TN-VQE,RealAmplitudes,2,ibm_aachen,COBYLA,{},30,4096,2.3.0,2,givens,both,pauli,data/qasm/RealAmplitudes_4q_2r.qasm,20ee55d404ec,12,random(seed=20260811),8,37,measured_run,none,n/a (shot-based),n/a (not QESEM),,,,"N_Qubit confirmed by a real Cebule MOL_MAP run for H2/6-31g. NO active-space restriction: all 2 electrons in all 4 orbitals of 6-31g, so N_Qubit follows the basis set rather than being held fixed across it. Single TN-VQE reference point (TN_Layers_Network=2, givens, at the circuit's own 2 repetitions); the full sweep is stage 2. givens is the JW image of a single-particle orbital rotation: it entangles, commutes with the number operator, and leaves U^dag H U a two-body fermionic Hamiltonian, so its Pauli-string count saturates with TN_Layers_Network rather than growing. Standard per-Pauli-string measurement (baseline)."
33,1_screen,H2,H 0 0 0; H 0 0 0.74144,0,1,2,6-31g,basis_set_exchange,full,2,4,mol_map,4,mol_map_run,VQE,EfficientSU2_circular,2,ibm_aachen,COBYLA,{},32,4096,2.3.0,,n/a (not TN-VQE),n/a (not TN-VQE),pauli,data/qasm/EfficientSU2_circular_4q_2r.qasm,3402b830f182,24,random(seed=20260811),,37,measured_run,none,n/a (shot-based),n/a (not QESEM),,,,"N_Qubit confirmed by a real Cebule MOL_MAP run for H2/6-31g. NO active-space restriction: all 2 electrons in all 4 orbitals of 6-31g, so N_Qubit follows the basis set rather than being held fixed across it. Plain-VQE arm of the EfficientSU2_circular triple; the TN-VQE and classical-only rows on this circuit differ from it in method alone. Standard per-Pauli-string measurement (baseline)."
34,1_screen,H2,H 0 0 0; H 0 0 0.74144,0,1,2,6-31g,basis_set_exchange,full,2,4,mol_map,4,mol_map_run,TN-VQE,EfficientSU2_circular,2,ibm_aachen,COBYLA,{},42,4096,2.3.0,2,givens,both,pauli,data/qasm/EfficientSU2_circular_4q_2r.qasm,3402b830f182,24,random(seed=20260811),8,37,measured_run,none,n/a (shot-based),n/a (not QESEM),,,,"N_Qubit confirmed by a real Cebule MOL_MAP run for H2/6-31g. NO active-space restriction: all 2 electrons in all 4 orbitals of 6-31g, so N_Qubit follows the basis set rather than being held fixed across it. Single TN-VQE reference point (TN_Layers_Network=2, givens, at the circuit's own 2 repetitions); the full sweep is stage 2. givens is the JW image of a single-particle orbital rotation: it entangles, commutes with the number operator, and leaves U^dag H U a two-body fermionic Hamiltonian, so its Pauli-string count saturates with TN_Layers_Network rather than growing. Standard per-Pauli-string measurement (baseline)."
35,1_screen,H2,H 0 0 0; H 0 0 0.74144,0,1,2,6-31g,basis_set_exchange,full,2,4,mol_map,4,mol_map_run,VQE,RealAmplitudes,2,ibm_aachen,COBYLA,{},30,4096,2.3.0,,n/a (not TN-VQE),n/a (not TN-VQE),grouped,data/qasm/RealAmplitudes_4q_2r.qasm,20ee55d404ec,12,random(seed=20260811),,37,measured_run,none,n/a (shot-based),n/a (not QESEM),,,,"N_Qubit confirmed by a real Cebule MOL_MAP run for H2/6-31g. NO active-space restriction: all 2 electrons in all 4 orbitals of 6-31g, so N_Qubit follows the basis set rather than being held fixed across it. Plain-VQE arm of the RealAmplitudes triple; the TN-VQE and classical-only rows on this circuit differ from it in method alone. Cebule's basis-state-pair-grouping measurement scheme (TNQCOptInput.measurement_method='grouped'). Expected to need fewer or equal distinct circuits per iteration than 'pauli', but the exact circuit count is an output of a real run, not predictable from the inputs."
36,1_screen,H2,H 0 0 0; H 0 0 0.74144,0,1,2,6-31g,basis_set_exchange,full,2,4,mol_map,4,mol_map_run,TN-VQE,RealAmplitudes,2,ibm_aachen,COBYLA,{},30,4096,2.3.0,2,givens,both,grouped,data/qasm/RealAmplitudes_4q_2r.qasm,20ee55d404ec,12,random(seed=20260811),8,37,measured_run,none,n/a (shot-based),n/a (not QESEM),,,,"N_Qubit confirmed by a real Cebule MOL_MAP run for H2/6-31g. NO active-space restriction: all 2 electrons in all 4 orbitals of 6-31g, so N_Qubit follows the basis set rather than being held fixed across it. Single TN-VQE reference point (TN_Layers_Network=2, givens, at the circuit's own 2 repetitions); the full sweep is stage 2. givens is the JW image of a single-particle orbital rotation: it entangles, commutes with the number operator, and leaves U^dag H U a two-body fermionic Hamiltonian, so its Pauli-string count saturates with TN_Layers_Network rather than growing. Cebule's basis-state-pair-grouping measurement scheme (TNQCOptInput.measurement_method='grouped'). Expected to need fewer or equal distinct circuits per iteration than 'pauli', but the exact circuit count is an output of a real run, not predictable from the inputs."
37,1_screen,H2,H 0 0 0; H 0 0 0.74144,0,1,2,6-31g,basis_set_exchange,full,2,4,mol_map,4,mol_map_run,VQE,EfficientSU2_circular,2,ibm_aachen,COBYLA,{},32,4096,2.3.0,,n/a (not TN-VQE),n/a (not TN-VQE),grouped,data/qasm/EfficientSU2_circular_4q_2r.qasm,3402b830f182,24,random(seed=20260811),,37,measured_run,none,n/a (shot-based),n/a (not QESEM),,,,"N_Qubit confirmed by a real Cebule MOL_MAP run for H2/6-31g. NO active-space restriction: all 2 electrons in all 4 orbitals of 6-31g, so N_Qubit follows the basis set rather than being held fixed across it. Plain-VQE arm of the EfficientSU2_circular triple; the TN-VQE and classical-only rows on this circuit differ from it in method alone. Cebule's basis-state-pair-grouping measurement scheme (TNQCOptInput.measurement_method='grouped'). Expected to need fewer or equal distinct circuits per iteration than 'pauli', but the exact circuit count is an output of a real run, not predictable from the inputs."
38,1_screen,H2,H 0 0 0; H 0 0 0.74144,0,1,2,6-31g,basis_set_exchange,full,2,4,mol_map,4,mol_map_run,TN-VQE,EfficientSU2_circular,2,ibm_aachen,COBYLA,{},42,4096,2.3.0,2,givens,both,grouped,data/qasm/EfficientSU2_circular_4q_2r.qasm,3402b830f182,24,random(seed=20260811),8,37,measured_run,none,n/a (shot-based),n/a (not QESEM),,,,"N_Qubit confirmed by a real Cebule MOL_MAP run for H2/6-31g. NO active-space restriction: all 2 electrons in all 4 orbitals of 6-31g, so N_Qubit follows the basis set rather than being held fixed across it. Single TN-VQE reference point (TN_Layers_Network=2, givens, at the circuit's own 2 repetitions); the full sweep is stage 2. givens is the JW image of a single-particle orbital rotation: it entangles, commutes with the number operator, and leaves U^dag H U a two-body fermionic Hamiltonian, so its Pauli-string count saturates with TN_Layers_Network rather than growing. Cebule's basis-state-pair-grouping measurement scheme (TNQCOptInput.measurement_method='grouped'). Expected to need fewer or equal distinct circuits per iteration than 'pauli', but the exact circuit count is an output of a real run, not predictable from the inputs."
39,1_screen,H2,H 0 0 0; H 0 0 0.74144,0,1,2,6-31g,basis_set_exchange,full,2,4,mol_map,4,mol_map_run,TN-VQE,RealAmplitudes,2,ibm_aachen,COBYLA,{},30,n/a (network mode),2.3.0,2,givens,network,n/a (network mode),data/qasm/RealAmplitudes_4q_2r.qasm,20ee55d404ec,12,random(seed=20260811),8,n/a (network mode),n/a (network mode),none,n/a (shot-based),n/a (not QESEM),,,,"N_Qubit confirmed by a real Cebule MOL_MAP run for H2/6-31g. NO active-space restriction: all 2 electrons in all 4 orbitals of 6-31g, so N_Qubit follows the basis set rather than being held fixed across it. ZERO-QPU CONTROL: optimization_mode='network' holds phi at the same Phi_Init the other two arms start from and optimises theta by classical tensor-network contraction, taking no quantum measurements. Costs nothing against any IBM plan budget; this is the floor every 'both' row is measured against. Num_Opt_Params_Phi is the count held FIXED, not optimised. givens is the JW image of a single-particle orbital rotation: it entangles, commutes with the number operator, and leaves U^dag H U a two-body fermionic Hamiltonian, so its Pauli-string count saturates with TN_Layers_Network rather than growing. No quantum measurements taken, so no measurement method applies."
40,1_screen,H2,H 0 0 0; H 0 0 0.74144,0,1,2,6-31g,basis_set_exchange,full,2,4,mol_map,4,mol_map_run,TN-VQE,EfficientSU2_circular,2,ibm_aachen,COBYLA,{},30,n/a (network mode),2.3.0,2,givens,network,n/a (network mode),data/qasm/EfficientSU2_circular_4q_2r.qasm,3402b830f182,24,random(seed=20260811),8,n/a (network mode),n/a (network mode),none,n/a (shot-based),n/a (not QESEM),,,,"N_Qubit confirmed by a real Cebule MOL_MAP run for H2/6-31g. NO active-space restriction: all 2 electrons in all 4 orbitals of 6-31g, so N_Qubit follows the basis set rather than being held fixed across it. ZERO-QPU CONTROL: optimization_mode='network' holds phi at the same Phi_Init the other two arms start from and optimises theta by classical tensor-network contraction, taking no quantum measurements. Costs nothing against any IBM plan budget; this is the floor every 'both' row is measured against. Num_Opt_Params_Phi is the count held FIXED, not optimised. givens is the JW image of a single-particle orbital rotation: it entangles, commutes with the number operator, and leaves U^dag H U a two-body fermionic Hamiltonian, so its Pauli-string count saturates with TN_Layers_Network rather than growing. No quantum measurements taken, so no measurement method applies."
41,1_screen,H2,H 0 0 0; H 0 0 0.74144,0,1,2,cc-pvdz,basis_set_exchange,full,2,10,mol_map,7,mol_map_run,VQE,RealAmplitudes,2,ibm_aachen,COBYLA,{},30,4096,2.3.0,,n/a (not TN-VQE),n/a (not TN-VQE),pauli,data/qasm/RealAmplitudes_7q_2r.qasm,b1a6681f2b68,21,random(seed=20260811),,37,assumed,none,n/a (shot-based),n/a (not QESEM),,,,"N_Qubit confirmed by a real Cebule MOL_MAP run for H2/cc-pvdz. NO active-space restriction: all 2 electrons in all 10 orbitals of cc-pvdz, so N_Qubit follows the basis set rather than being held fixed across it. Plain-VQE arm of the RealAmplitudes triple; the TN-VQE and classical-only rows on this circuit differ from it in method alone. Standard per-Pauli-string measurement (baseline)."
42,1_screen,H2,H 0 0 0; H 0 0 0.74144,0,1,2,cc-pvdz,basis_set_exchange,full,2,10,mol_map,7,mol_map_run,TN-VQE,RealAmplitudes,2,ibm_aachen,COBYLA,{},58,4096,2.3.0,2,givens,both,pauli,data/qasm/RealAmplitudes_7q_2r.qasm,b1a6681f2b68,21,random(seed=20260811),23,37,assumed,none,n/a (shot-based),n/a (not QESEM),,,,"N_Qubit confirmed by a real Cebule MOL_MAP run for H2/cc-pvdz. NO active-space restriction: all 2 electrons in all 10 orbitals of cc-pvdz, so N_Qubit follows the basis set rather than being held fixed across it. Single TN-VQE reference point (TN_Layers_Network=2, givens, at the circuit's own 2 repetitions); the full sweep is stage 2. givens is the JW image of a single-particle orbital rotation: it entangles, commutes with the number operator, and leaves U^dag H U a two-body fermionic Hamiltonian, so its Pauli-string count saturates with TN_Layers_Network rather than growing. Standard per-Pauli-string measurement (baseline)."
43,1_screen,H2,H 0 0 0; H 0 0 0.74144,0,1,2,cc-pvdz,basis_set_exchange,full,2,10,mol_map,7,mol_map_run,VQE,EfficientSU2_circular,2,ibm_aachen,COBYLA,{},55,4096,2.3.0,,n/a (not TN-VQE),n/a (not TN-VQE),pauli,data/qasm/EfficientSU2_circular_7q_2r.qasm,f917fe941302,42,random(seed=20260811),,37,assumed,none,n/a (shot-based),n/a (not QESEM),,,,"N_Qubit confirmed by a real Cebule MOL_MAP run for H2/cc-pvdz. NO active-space restriction: all 2 electrons in all 10 orbitals of cc-pvdz, so N_Qubit follows the basis set rather than being held fixed across it. Plain-VQE arm of the EfficientSU2_circular triple; the TN-VQE and classical-only rows on this circuit differ from it in method alone. Standard per-Pauli-string measurement (baseline)."
44,1_screen,H2,H 0 0 0; H 0 0 0.74144,0,1,2,cc-pvdz,basis_set_exchange,full,2,10,mol_map,7,mol_map_run,TN-VQE,EfficientSU2_circular,2,ibm_aachen,COBYLA,{},85,4096,2.3.0,2,givens,both,pauli,data/qasm/EfficientSU2_circular_7q_2r.qasm,f917fe941302,42,random(seed=20260811),23,37,assumed,none,n/a (shot-based),n/a (not QESEM),,,,"N_Qubit confirmed by a real Cebule MOL_MAP run for H2/cc-pvdz. NO active-space restriction: all 2 electrons in all 10 orbitals of cc-pvdz, so N_Qubit follows the basis set rather than being held fixed across it. Single TN-VQE reference point (TN_Layers_Network=2, givens, at the circuit's own 2 repetitions); the full sweep is stage 2. givens is the JW image of a single-particle orbital rotation: it entangles, commutes with the number operator, and leaves U^dag H U a two-body fermionic Hamiltonian, so its Pauli-string count saturates with TN_Layers_Network rather than growing. Standard per-Pauli-string measurement (baseline)."
45,1_screen,H2,H 0 0 0; H 0 0 0.74144,0,1,2,cc-pvdz,basis_set_exchange,full,2,10,mol_map,7,mol_map_run,VQE,RealAmplitudes,2,ibm_aachen,COBYLA,{},30,4096,2.3.0,,n/a (not TN-VQE),n/a (not TN-VQE),grouped,data/qasm/RealAmplitudes_7q_2r.qasm,b1a6681f2b68,21,random(seed=20260811),,37,assumed,none,n/a (shot-based),n/a (not QESEM),,,,"N_Qubit confirmed by a real Cebule MOL_MAP run for H2/cc-pvdz. NO active-space restriction: all 2 electrons in all 10 orbitals of cc-pvdz, so N_Qubit follows the basis set rather than being held fixed across it. Plain-VQE arm of the RealAmplitudes triple; the TN-VQE and classical-only rows on this circuit differ from it in method alone. Cebule's basis-state-pair-grouping measurement scheme (TNQCOptInput.measurement_method='grouped'). Expected to need fewer or equal distinct circuits per iteration than 'pauli', but the exact circuit count is an output of a real run, not predictable from the inputs."
46,1_screen,H2,H 0 0 0; H 0 0 0.74144,0,1,2,cc-pvdz,basis_set_exchange,full,2,10,mol_map,7,mol_map_run,TN-VQE,RealAmplitudes,2,ibm_aachen,COBYLA,{},58,4096,2.3.0,2,givens,both,grouped,data/qasm/RealAmplitudes_7q_2r.qasm,b1a6681f2b68,21,random(seed=20260811),23,37,assumed,none,n/a (shot-based),n/a (not QESEM),,,,"N_Qubit confirmed by a real Cebule MOL_MAP run for H2/cc-pvdz. NO active-space restriction: all 2 electrons in all 10 orbitals of cc-pvdz, so N_Qubit follows the basis set rather than being held fixed across it. Single TN-VQE reference point (TN_Layers_Network=2, givens, at the circuit's own 2 repetitions); the full sweep is stage 2. givens is the JW image of a single-particle orbital rotation: it entangles, commutes with the number operator, and leaves U^dag H U a two-body fermionic Hamiltonian, so its Pauli-string count saturates with TN_Layers_Network rather than growing. Cebule's basis-state-pair-grouping measurement scheme (TNQCOptInput.measurement_method='grouped'). Expected to need fewer or equal distinct circuits per iteration than 'pauli', but the exact circuit count is an output of a real run, not predictable from the inputs."
47,1_screen,H2,H 0 0 0; H 0 0 0.74144,0,1,2,cc-pvdz,basis_set_exchange,full,2,10,mol_map,7,mol_map_run,VQE,EfficientSU2_circular,2,ibm_aachen,COBYLA,{},55,4096,2.3.0,,n/a (not TN-VQE),n/a (not TN-VQE),grouped,data/qasm/EfficientSU2_circular_7q_2r.qasm,f917fe941302,42,random(seed=20260811),,37,assumed,none,n/a (shot-based),n/a (not QESEM),,,,"N_Qubit confirmed by a real Cebule MOL_MAP run for H2/cc-pvdz. NO active-space restriction: all 2 electrons in all 10 orbitals of cc-pvdz, so N_Qubit follows the basis set rather than being held fixed across it. Plain-VQE arm of the EfficientSU2_circular triple; the TN-VQE and classical-only rows on this circuit differ from it in method alone. Cebule's basis-state-pair-grouping measurement scheme (TNQCOptInput.measurement_method='grouped'). Expected to need fewer or equal distinct circuits per iteration than 'pauli', but the exact circuit count is an output of a real run, not predictable from the inputs."
48,1_screen,H2,H 0 0 0; H 0 0 0.74144,0,1,2,cc-pvdz,basis_set_exchange,full,2,10,mol_map,7,mol_map_run,TN-VQE,EfficientSU2_circular,2,ibm_aachen,COBYLA,{},85,4096,2.3.0,2,givens,both,grouped,data/qasm/EfficientSU2_circular_7q_2r.qasm,f917fe941302,42,random(seed=20260811),23,37,assumed,none,n/a (shot-based),n/a (not QESEM),,,,"N_Qubit confirmed by a real Cebule MOL_MAP run for H2/cc-pvdz. NO active-space restriction: all 2 electrons in all 10 orbitals of cc-pvdz, so N_Qubit follows the basis set rather than being held fixed across it. Single TN-VQE reference point (TN_Layers_Network=2, givens, at the circuit's own 2 repetitions); the full sweep is stage 2. givens is the JW image of a single-particle orbital rotation: it entangles, commutes with the number operator, and leaves U^dag H U a two-body fermionic Hamiltonian, so its Pauli-string count saturates with TN_Layers_Network rather than growing. Cebule's basis-state-pair-grouping measurement scheme (TNQCOptInput.measurement_method='grouped'). Expected to need fewer or equal distinct circuits per iteration than 'pauli', but the exact circuit count is an output of a real run, not predictable from the inputs."
49,1_screen,H2,H 0 0 0; H 0 0 0.74144,0,1,2,cc-pvdz,basis_set_exchange,full,2,10,mol_map,7,mol_map_run,TN-VQE,RealAmplitudes,2,ibm_aachen,COBYLA,{},30,n/a (network mode),2.3.0,2,givens,network,n/a (network mode),data/qasm/RealAmplitudes_7q_2r.qasm,b1a6681f2b68,21,random(seed=20260811),23,n/a (network mode),n/a (network mode),none,n/a (shot-based),n/a (not QESEM),,,,"N_Qubit confirmed by a real Cebule MOL_MAP run for H2/cc-pvdz. NO active-space restriction: all 2 electrons in all 10 orbitals of cc-pvdz, so N_Qubit follows the basis set rather than being held fixed across it. ZERO-QPU CONTROL: optimization_mode='network' holds phi at the same Phi_Init the other two arms start from and optimises theta by classical tensor-network contraction, taking no quantum measurements. Costs nothing against any IBM plan budget; this is the floor every 'both' row is measured against. Num_Opt_Params_Phi is the count held FIXED, not optimised. givens is the JW image of a single-particle orbital rotation: it entangles, commutes with the number operator, and leaves U^dag H U a two-body fermionic Hamiltonian, so its Pauli-string count saturates with TN_Layers_Network rather than growing. No quantum measurements taken, so no measurement method applies."
50,1_screen,H2,H 0 0 0; H 0 0 0.74144,0,1,2,cc-pvdz,basis_set_exchange,full,2,10,mol_map,7,mol_map_run,TN-VQE,EfficientSU2_circular,2,ibm_aachen,COBYLA,{},30,n/a (network mode),2.3.0,2,givens,network,n/a (network mode),data/qasm/EfficientSU2_circular_7q_2r.qasm,f917fe941302,42,random(seed=20260811),23,n/a (network mode),n/a (network mode),none,n/a (shot-based),n/a (not QESEM),,,,"N_Qubit confirmed by a real Cebule MOL_MAP run for H2/cc-pvdz. NO active-space restriction: all 2 electrons in all 10 orbitals of cc-pvdz, so N_Qubit follows the basis set rather than being held fixed across it. ZERO-QPU CONTROL: optimization_mode='network' holds phi at the same Phi_Init the other two arms start from and optimises theta by classical tensor-network contraction, taking no quantum measurements. Costs nothing against any IBM plan budget; this is the floor every 'both' row is measured against. Num_Opt_Params_Phi is the count held FIXED, not optimised. givens is the JW image of a single-particle orbital rotation: it entangles, commutes with the number operator, and leaves U^dag H U a two-body fermionic Hamiltonian, so its Pauli-string count saturates with TN_Layers_Network rather than growing. No quantum measurements taken, so no measurement method applies."
51,1_screen,H2,H 0 0 0; H 0 0 0.74144,0,1,2,def2-tzvp,basis_set_exchange,full,2,12,mol_map,8,mol_map_run,VQE,RealAmplitudes,2,ibm_aachen,COBYLA,{},32,4096,2.3.0,,n/a (not TN-VQE),n/a (not TN-VQE),pauli,data/qasm/RealAmplitudes_8q_2r.qasm,746c96139c6c,24,random(seed=20260811),,37,assumed,none,n/a (shot-based),n/a (not QESEM),,,,"N_Qubit confirmed by a real Cebule MOL_MAP run for H2/def2-tzvp. NO active-space restriction: all 2 electrons in all 12 orbitals of def2-tzvp, so N_Qubit follows the basis set rather than being held fixed across it. Plain-VQE arm of the RealAmplitudes triple; the TN-VQE and classical-only rows on this circuit differ from it in method alone. Standard per-Pauli-string measurement (baseline)."
52,1_screen,H2,H 0 0 0; H 0 0 0.74144,0,1,2,def2-tzvp,basis_set_exchange,full,2,12,mol_map,8,mol_map_run,TN-VQE,RealAmplitudes,2,ibm_aachen,COBYLA,{},68,4096,2.3.0,2,givens,both,pauli,data/qasm/RealAmplitudes_8q_2r.qasm,746c96139c6c,24,random(seed=20260811),28,37,assumed,none,n/a (shot-based),n/a (not QESEM),,,,"N_Qubit confirmed by a real Cebule MOL_MAP run for H2/def2-tzvp. NO active-space restriction: all 2 electrons in all 12 orbitals of def2-tzvp, so N_Qubit follows the basis set rather than being held fixed across it. Single TN-VQE reference point (TN_Layers_Network=2, givens, at the circuit's own 2 repetitions); the full sweep is stage 2. givens is the JW image of a single-particle orbital rotation: it entangles, commutes with the number operator, and leaves U^dag H U a two-body fermionic Hamiltonian, so its Pauli-string count saturates with TN_Layers_Network rather than growing. Standard per-Pauli-string measurement (baseline)."
53,1_screen,H2,H 0 0 0; H 0 0 0.74144,0,1,2,def2-tzvp,basis_set_exchange,full,2,12,mol_map,8,mol_map_run,VQE,EfficientSU2_circular,2,ibm_aachen,COBYLA,{},63,4096,2.3.0,,n/a (not TN-VQE),n/a (not TN-VQE),pauli,data/qasm/EfficientSU2_circular_8q_2r.qasm,08a1af8edb04,48,random(seed=20260811),,37,assumed,none,n/a (shot-based),n/a (not QESEM),,,,"N_Qubit confirmed by a real Cebule MOL_MAP run for H2/def2-tzvp. NO active-space restriction: all 2 electrons in all 12 orbitals of def2-tzvp, so N_Qubit follows the basis set rather than being held fixed across it. Plain-VQE arm of the EfficientSU2_circular triple; the TN-VQE and classical-only rows on this circuit differ from it in method alone. Standard per-Pauli-string measurement (baseline)."
54,1_screen,H2,H 0 0 0; H 0 0 0.74144,0,1,2,def2-tzvp,basis_set_exchange,full,2,12,mol_map,8,mol_map_run,TN-VQE,EfficientSU2_circular,2,ibm_aachen,COBYLA,{},99,4096,2.3.0,2,givens,both,pauli,data/qasm/EfficientSU2_circular_8q_2r.qasm,08a1af8edb04,48,random(seed=20260811),28,37,assumed,none,n/a (shot-based),n/a (not QESEM),,,,"N_Qubit confirmed by a real Cebule MOL_MAP run for H2/def2-tzvp. NO active-space restriction: all 2 electrons in all 12 orbitals of def2-tzvp, so N_Qubit follows the basis set rather than being held fixed across it. Single TN-VQE reference point (TN_Layers_Network=2, givens, at the circuit's own 2 repetitions); the full sweep is stage 2. givens is the JW image of a single-particle orbital rotation: it entangles, commutes with the number operator, and leaves U^dag H U a two-body fermionic Hamiltonian, so its Pauli-string count saturates with TN_Layers_Network rather than growing. Standard per-Pauli-string measurement (baseline)."
55,1_screen,H2,H 0 0 0; H 0 0 0.74144,0,1,2,def2-tzvp,basis_set_exchange,full,2,12,mol_map,8,mol_map_run,VQE,RealAmplitudes,2,ibm_aachen,COBYLA,{},32,4096,2.3.0,,n/a (not TN-VQE),n/a (not TN-VQE),grouped,data/qasm/RealAmplitudes_8q_2r.qasm,746c96139c6c,24,random(seed=20260811),,37,assumed,none,n/a (shot-based),n/a (not QESEM),,,,"N_Qubit confirmed by a real Cebule MOL_MAP run for H2/def2-tzvp. NO active-space restriction: all 2 electrons in all 12 orbitals of def2-tzvp, so N_Qubit follows the basis set rather than being held fixed across it. Plain-VQE arm of the RealAmplitudes triple; the TN-VQE and classical-only rows on this circuit differ from it in method alone. Cebule's basis-state-pair-grouping measurement scheme (TNQCOptInput.measurement_method='grouped'). Expected to need fewer or equal distinct circuits per iteration than 'pauli', but the exact circuit count is an output of a real run, not predictable from the inputs."
56,1_screen,H2,H 0 0 0; H 0 0 0.74144,0,1,2,def2-tzvp,basis_set_exchange,full,2,12,mol_map,8,mol_map_run,TN-VQE,RealAmplitudes,2,ibm_aachen,COBYLA,{},68,4096,2.3.0,2,givens,both,grouped,data/qasm/RealAmplitudes_8q_2r.qasm,746c96139c6c,24,random(seed=20260811),28,37,assumed,none,n/a (shot-based),n/a (not QESEM),,,,"N_Qubit confirmed by a real Cebule MOL_MAP run for H2/def2-tzvp. NO active-space restriction: all 2 electrons in all 12 orbitals of def2-tzvp, so N_Qubit follows the basis set rather than being held fixed across it. Single TN-VQE reference point (TN_Layers_Network=2, givens, at the circuit's own 2 repetitions); the full sweep is stage 2. givens is the JW image of a single-particle orbital rotation: it entangles, commutes with the number operator, and leaves U^dag H U a two-body fermionic Hamiltonian, so its Pauli-string count saturates with TN_Layers_Network rather than growing. Cebule's basis-state-pair-grouping measurement scheme (TNQCOptInput.measurement_method='grouped'). Expected to need fewer or equal distinct circuits per iteration than 'pauli', but the exact circuit count is an output of a real run, not predictable from the inputs."
57,1_screen,H2,H 0 0 0; H 0 0 0.74144,0,1,2,def2-tzvp,basis_set_exchange,full,2,12,mol_map,8,mol_map_run,VQE,EfficientSU2_circular,2,ibm_aachen,COBYLA,{},63,4096,2.3.0,,n/a (not TN-VQE),n/a (not TN-VQE),grouped,data/qasm/EfficientSU2_circular_8q_2r.qasm,08a1af8edb04,48,random(seed=20260811),,37,assumed,none,n/a (shot-based),n/a (not QESEM),,,,"N_Qubit confirmed by a real Cebule MOL_MAP run for H2/def2-tzvp. NO active-space restriction: all 2 electrons in all 12 orbitals of def2-tzvp, so N_Qubit follows the basis set rather than being held fixed across it. Plain-VQE arm of the EfficientSU2_circular triple; the TN-VQE and classical-only rows on this circuit differ from it in method alone. Cebule's basis-state-pair-grouping measurement scheme (TNQCOptInput.measurement_method='grouped'). Expected to need fewer or equal distinct circuits per iteration than 'pauli', but the exact circuit count is an output of a real run, not predictable from the inputs."
58,1_screen,H2,H 0 0 0; H 0 0 0.74144,0,1,2,def2-tzvp,basis_set_exchange,full,2,12,mol_map,8,mol_map_run,TN-VQE,EfficientSU2_circular,2,ibm_aachen,COBYLA,{},99,4096,2.3.0,2,givens,both,grouped,data/qasm/EfficientSU2_circular_8q_2r.qasm,08a1af8edb04,48,random(seed=20260811),28,37,assumed,none,n/a (shot-based),n/a (not QESEM),,,,"N_Qubit confirmed by a real Cebule MOL_MAP run for H2/def2-tzvp. NO active-space restriction: all 2 electrons in all 12 orbitals of def2-tzvp, so N_Qubit follows the basis set rather than being held fixed across it. Single TN-VQE reference point (TN_Layers_Network=2, givens, at the circuit's own 2 repetitions); the full sweep is stage 2. givens is the JW image of a single-particle orbital rotation: it entangles, commutes with the number operator, and leaves U^dag H U a two-body fermionic Hamiltonian, so its Pauli-string count saturates with TN_Layers_Network rather than growing. Cebule's basis-state-pair-grouping measurement scheme (TNQCOptInput.measurement_method='grouped'). Expected to need fewer or equal distinct circuits per iteration than 'pauli', but the exact circuit count is an output of a real run, not predictable from the inputs."
59,1_screen,H2,H 0 0 0; H 0 0 0.74144,0,1,2,def2-tzvp,basis_set_exchange,full,2,12,mol_map,8,mol_map_run,TN-VQE,RealAmplitudes,2,ibm_aachen,COBYLA,{},37,n/a (network mode),2.3.0,2,givens,network,n/a (network mode),data/qasm/RealAmplitudes_8q_2r.qasm,746c96139c6c,24,random(seed=20260811),28,n/a (network mode),n/a (network mode),none,n/a (shot-based),n/a (not QESEM),,,,"N_Qubit confirmed by a real Cebule MOL_MAP run for H2/def2-tzvp. NO active-space restriction: all 2 electrons in all 12 orbitals of def2-tzvp, so N_Qubit follows the basis set rather than being held fixed across it. ZERO-QPU CONTROL: optimization_mode='network' holds phi at the same Phi_Init the other two arms start from and optimises theta by classical tensor-network contraction, taking no quantum measurements. Costs nothing against any IBM plan budget; this is the floor every 'both' row is measured against. Num_Opt_Params_Phi is the count held FIXED, not optimised. givens is the JW image of a single-particle orbital rotation: it entangles, commutes with the number operator, and leaves U^dag H U a two-body fermionic Hamiltonian, so its Pauli-string count saturates with TN_Layers_Network rather than growing. No quantum measurements taken, so no measurement method applies."
60,1_screen,H2,H 0 0 0; H 0 0 0.74144,0,1,2,def2-tzvp,basis_set_exchange,full,2,12,mol_map,8,mol_map_run,TN-VQE,EfficientSU2_circular,2,ibm_aachen,COBYLA,{},37,n/a (network mode),2.3.0,2,givens,network,n/a (network mode),data/qasm/EfficientSU2_circular_8q_2r.qasm,08a1af8edb04,48,random(seed=20260811),28,n/a (network mode),n/a (network mode),none,n/a (shot-based),n/a (not QESEM),,,,"N_Qubit confirmed by a real Cebule MOL_MAP run for H2/def2-tzvp. NO active-space restriction: all 2 electrons in all 12 orbitals of def2-tzvp, so N_Qubit follows the basis set rather than being held fixed across it. ZERO-QPU CONTROL: optimization_mode='network' holds phi at the same Phi_Init the other two arms start from and optimises theta by classical tensor-network contraction, taking no quantum measurements. Costs nothing against any IBM plan budget; this is the floor every 'both' row is measured against. Num_Opt_Params_Phi is the count held FIXED, not optimised. givens is the JW image of a single-particle orbital rotation: it entangles, commutes with the number operator, and leaves U^dag H U a two-body fermionic Hamiltonian, so its Pauli-string count saturates with TN_Layers_Network rather than growing. No quantum measurements taken, so no measurement method applies."
61,1_screen,H2,H 0 0 0; H 0 0 0.74144,0,1,2,qvSZP,grimme_qvszp,full,2,8,mol_map,6,mol_map_inferred,VQE,RealAmplitudes,2,ibm_aachen,COBYLA,{},30,4096,2.3.0,,n/a (not TN-VQE),n/a (not TN-VQE),pauli,data/qasm/RealAmplitudes_6q_2r.qasm,68f3557999e6,18,random(seed=20260811),,37,assumed,none,n/a (shot-based),n/a (not QESEM),,,,"N_Qubit predicted by hamiltonian_sources.mol_map's inferred constraint-encoding formula, not a real MOL_MAP run -- exact for all 8 counts real runs have reported, but an estimate here. NO active-space restriction: all 2 electrons in all 8 orbitals of qvSZP, so N_Qubit follows the basis set rather than being held fixed across it. Plain-VQE arm of the RealAmplitudes triple; the TN-VQE and classical-only rows on this circuit differ from it in method alone. Standard per-Pauli-string measurement (baseline)."
62,1_screen,H2,H 0 0 0; H 0 0 0.74144,0,1,2,qvSZP,grimme_qvszp,full,2,8,mol_map,6,mol_map_inferred,TN-VQE,RealAmplitudes,2,ibm_aachen,COBYLA,{},47,4096,2.3.0,2,givens,both,pauli,data/qasm/RealAmplitudes_6q_2r.qasm,68f3557999e6,18,random(seed=20260811),18,37,assumed,none,n/a (shot-based),n/a (not QESEM),,,,"N_Qubit predicted by hamiltonian_sources.mol_map's inferred constraint-encoding formula, not a real MOL_MAP run -- exact for all 8 counts real runs have reported, but an estimate here. NO active-space restriction: all 2 electrons in all 8 orbitals of qvSZP, so N_Qubit follows the basis set rather than being held fixed across it. Single TN-VQE reference point (TN_Layers_Network=2, givens, at the circuit's own 2 repetitions); the full sweep is stage 2. givens is the JW image of a single-particle orbital rotation: it entangles, commutes with the number operator, and leaves U^dag H U a two-body fermionic Hamiltonian, so its Pauli-string count saturates with TN_Layers_Network rather than growing. Standard per-Pauli-string measurement (baseline)."
63,1_screen,H2,H 0 0 0; H 0 0 0.74144,0,1,2,qvSZP,grimme_qvszp,full,2,8,mol_map,6,mol_map_inferred,VQE,EfficientSU2_circular,2,ibm_aachen,COBYLA,{},47,4096,2.3.0,,n/a (not TN-VQE),n/a (not TN-VQE),pauli,data/qasm/EfficientSU2_circular_6q_2r.qasm,594746e66253,36,random(seed=20260811),,37,assumed,none,n/a (shot-based),n/a (not QESEM),,,,"N_Qubit predicted by hamiltonian_sources.mol_map's inferred constraint-encoding formula, not a real MOL_MAP run -- exact for all 8 counts real runs have reported, but an estimate here. NO active-space restriction: all 2 electrons in all 8 orbitals of qvSZP, so N_Qubit follows the basis set rather than being held fixed across it. Plain-VQE arm of the EfficientSU2_circular triple; the TN-VQE and classical-only rows on this circuit differ from it in method alone. Standard per-Pauli-string measurement (baseline)."
64,1_screen,H2,H 0 0 0; H 0 0 0.74144,0,1,2,qvSZP,grimme_qvszp,full,2,8,mol_map,6,mol_map_inferred,TN-VQE,EfficientSU2_circular,2,ibm_aachen,COBYLA,{},71,4096,2.3.0,2,givens,both,pauli,data/qasm/EfficientSU2_circular_6q_2r.qasm,594746e66253,36,random(seed=20260811),18,37,assumed,none,n/a (shot-based),n/a (not QESEM),,,,"N_Qubit predicted by hamiltonian_sources.mol_map's inferred constraint-encoding formula, not a real MOL_MAP run -- exact for all 8 counts real runs have reported, but an estimate here. NO active-space restriction: all 2 electrons in all 8 orbitals of qvSZP, so N_Qubit follows the basis set rather than being held fixed across it. Single TN-VQE reference point (TN_Layers_Network=2, givens, at the circuit's own 2 repetitions); the full sweep is stage 2. givens is the JW image of a single-particle orbital rotation: it entangles, commutes with the number operator, and leaves U^dag H U a two-body fermionic Hamiltonian, so its Pauli-string count saturates with TN_Layers_Network rather than growing. Standard per-Pauli-string measurement (baseline)."
65,1_screen,H2,H 0 0 0; H 0 0 0.74144,0,1,2,qvSZP,grimme_qvszp,full,2,8,mol_map,6,mol_map_inferred,VQE,RealAmplitudes,2,ibm_aachen,COBYLA,{},30,4096,2.3.0,,n/a (not TN-VQE),n/a (not TN-VQE),grouped,data/qasm/RealAmplitudes_6q_2r.qasm,68f3557999e6,18,random(seed=20260811),,37,assumed,none,n/a (shot-based),n/a (not QESEM),,,,"N_Qubit predicted by hamiltonian_sources.mol_map's inferred constraint-encoding formula, not a real MOL_MAP run -- exact for all 8 counts real runs have reported, but an estimate here. NO active-space restriction: all 2 electrons in all 8 orbitals of qvSZP, so N_Qubit follows the basis set rather than being held fixed across it. Plain-VQE arm of the RealAmplitudes triple; the TN-VQE and classical-only rows on this circuit differ from it in method alone. Cebule's basis-state-pair-grouping measurement scheme (TNQCOptInput.measurement_method='grouped'). Expected to need fewer or equal distinct circuits per iteration than 'pauli', but the exact circuit count is an output of a real run, not predictable from the inputs."
66,1_screen,H2,H 0 0 0; H 0 0 0.74144,0,1,2,qvSZP,grimme_qvszp,full,2,8,mol_map,6,mol_map_inferred,TN-VQE,RealAmplitudes,2,ibm_aachen,COBYLA,{},47,4096,2.3.0,2,givens,both,grouped,data/qasm/RealAmplitudes_6q_2r.qasm,68f3557999e6,18,random(seed=20260811),18,37,assumed,none,n/a (shot-based),n/a (not QESEM),,,,"N_Qubit predicted by hamiltonian_sources.mol_map's inferred constraint-encoding formula, not a real MOL_MAP run -- exact for all 8 counts real runs have reported, but an estimate here. NO active-space restriction: all 2 electrons in all 8 orbitals of qvSZP, so N_Qubit follows the basis set rather than being held fixed across it. Single TN-VQE reference point (TN_Layers_Network=2, givens, at the circuit's own 2 repetitions); the full sweep is stage 2. givens is the JW image of a single-particle orbital rotation: it entangles, commutes with the number operator, and leaves U^dag H U a two-body fermionic Hamiltonian, so its Pauli-string count saturates with TN_Layers_Network rather than growing. Cebule's basis-state-pair-grouping measurement scheme (TNQCOptInput.measurement_method='grouped'). Expected to need fewer or equal distinct circuits per iteration than 'pauli', but the exact circuit count is an output of a real run, not predictable from the inputs."
67,1_screen,H2,H 0 0 0; H 0 0 0.74144,0,1,2,qvSZP,grimme_qvszp,full,2,8,mol_map,6,mol_map_inferred,VQE,EfficientSU2_circular,2,ibm_aachen,COBYLA,{},47,4096,2.3.0,,n/a (not TN-VQE),n/a (not TN-VQE),grouped,data/qasm/EfficientSU2_circular_6q_2r.qasm,594746e66253,36,random(seed=20260811),,37,assumed,none,n/a (shot-based),n/a (not QESEM),,,,"N_Qubit predicted by hamiltonian_sources.mol_map's inferred constraint-encoding formula, not a real MOL_MAP run -- exact for all 8 counts real runs have reported, but an estimate here. NO active-space restriction: all 2 electrons in all 8 orbitals of qvSZP, so N_Qubit follows the basis set rather than being held fixed across it. Plain-VQE arm of the EfficientSU2_circular triple; the TN-VQE and classical-only rows on this circuit differ from it in method alone. Cebule's basis-state-pair-grouping measurement scheme (TNQCOptInput.measurement_method='grouped'). Expected to need fewer or equal distinct circuits per iteration than 'pauli', but the exact circuit count is an output of a real run, not predictable from the inputs."
68,1_screen,H2,H 0 0 0; H 0 0 0.74144,0,1,2,qvSZP,grimme_qvszp,full,2,8,mol_map,6,mol_map_inferred,TN-VQE,EfficientSU2_circular,2,ibm_aachen,COBYLA,{},71,4096,2.3.0,2,givens,both,grouped,data/qasm/EfficientSU2_circular_6q_2r.qasm,594746e66253,36,random(seed=20260811),18,37,assumed,none,n/a (shot-based),n/a (not QESEM),,,,"N_Qubit predicted by hamiltonian_sources.mol_map's inferred constraint-encoding formula, not a real MOL_MAP run -- exact for all 8 counts real runs have reported, but an estimate here. NO active-space restriction: all 2 electrons in all 8 orbitals of qvSZP, so N_Qubit follows the basis set rather than being held fixed across it. Single TN-VQE reference point (TN_Layers_Network=2, givens, at the circuit's own 2 repetitions); the full sweep is stage 2. givens is the JW image of a single-particle orbital rotation: it entangles, commutes with the number operator, and leaves U^dag H U a two-body fermionic Hamiltonian, so its Pauli-string count saturates with TN_Layers_Network rather than growing. Cebule's basis-state-pair-grouping measurement scheme (TNQCOptInput.measurement_method='grouped'). Expected to need fewer or equal distinct circuits per iteration than 'pauli', but the exact circuit count is an output of a real run, not predictable from the inputs."
69,1_screen,H2,H 0 0 0; H 0 0 0.74144,0,1,2,qvSZP,grimme_qvszp,full,2,8,mol_map,6,mol_map_inferred,TN-VQE,RealAmplitudes,2,ibm_aachen,COBYLA,{},30,n/a (network mode),2.3.0,2,givens,network,n/a (network mode),data/qasm/RealAmplitudes_6q_2r.qasm,68f3557999e6,18,random(seed=20260811),18,n/a (network mode),n/a (network mode),none,n/a (shot-based),n/a (not QESEM),,,,"N_Qubit predicted by hamiltonian_sources.mol_map's inferred constraint-encoding formula, not a real MOL_MAP run -- exact for all 8 counts real runs have reported, but an estimate here. NO active-space restriction: all 2 electrons in all 8 orbitals of qvSZP, so N_Qubit follows the basis set rather than being held fixed across it. ZERO-QPU CONTROL: optimization_mode='network' holds phi at the same Phi_Init the other two arms start from and optimises theta by classical tensor-network contraction, taking no quantum measurements. Costs nothing against any IBM plan budget; this is the floor every 'both' row is measured against. Num_Opt_Params_Phi is the count held FIXED, not optimised. givens is the JW image of a single-particle orbital rotation: it entangles, commutes with the number operator, and leaves U^dag H U a two-body fermionic Hamiltonian, so its Pauli-string count saturates with TN_Layers_Network rather than growing. No quantum measurements taken, so no measurement method applies."
70,1_screen,H2,H 0 0 0; H 0 0 0.74144,0,1,2,qvSZP,grimme_qvszp,full,2,8,mol_map,6,mol_map_inferred,TN-VQE,EfficientSU2_circular,2,ibm_aachen,COBYLA,{},30,n/a (network mode),2.3.0,2,givens,network,n/a (network mode),data/qasm/EfficientSU2_circular_6q_2r.qasm,594746e66253,36,random(seed=20260811),18,n/a (network mode),n/a (network mode),none,n/a (shot-based),n/a (not QESEM),,,,"N_Qubit predicted by hamiltonian_sources.mol_map's inferred constraint-encoding formula, not a real MOL_MAP run -- exact for all 8 counts real runs have reported, but an estimate here. NO active-space restriction: all 2 electrons in all 8 orbitals of qvSZP, so N_Qubit follows the basis set rather than being held fixed across it. ZERO-QPU CONTROL: optimization_mode='network' holds phi at the same Phi_Init the other two arms start from and optimises theta by classical tensor-network contraction, taking no quantum measurements. Costs nothing against any IBM plan budget; this is the floor every 'both' row is measured against. Num_Opt_Params_Phi is the count held FIXED, not optimised. givens is the JW image of a single-particle orbital rotation: it entangles, commutes with the number operator, and leaves U^dag H U a two-body fermionic Hamiltonian, so its Pauli-string count saturates with TN_Layers_Network rather than growing. No quantum measurements taken, so no measurement method applies."
71,1_screen,H2O,O 0 0 0; H 0 0.75695 0.58588; H 0 -0.75695 0.58588,0,1,10,sto-3g,basis_set_exchange,valence_cas,4,4,JW,8,jw_exact,VQE,RealAmplitudes,2,ibm_aachen,COBYLA,{},32,4096,2.3.0,,n/a (not TN-VQE),n/a (not TN-VQE),pauli,data/qasm/RealAmplitudes_8q_2r.qasm,746c96139c6c,24,random(seed=20260811),,29,qwc_grouping,none,n/a (shot-based),n/a (not QESEM),,,,"N_Qubit = 2 x active orbitals (exact). Stage-1 screening active space CAS(4,4), held fixed across all basis sets; 1 core orbital(s) frozen. PROVISIONAL: how far to restrict this molecule is an open campaign decision. Plain-VQE arm of the RealAmplitudes triple; the TN-VQE and classical-only rows on this circuit differ from it in method alone. Standard per-Pauli-string measurement (baseline)."
72,1_screen,H2O,O 0 0 0; H 0 0.75695 0.58588; H 0 -0.75695 0.58588,0,1,10,sto-3g,basis_set_exchange,valence_cas,4,4,JW,8,jw_exact,TN-VQE,RealAmplitudes,2,ibm_aachen,COBYLA,{},55,4096,2.3.0,2,givens,both,pauli,data/qasm/RealAmplitudes_8q_2r.qasm,746c96139c6c,24,random(seed=20260811),18,29,qwc_grouping,none,n/a (shot-based),n/a (not QESEM),,,,"N_Qubit = 2 x active orbitals (exact). Stage-1 screening active space CAS(4,4), held fixed across all basis sets; 1 core orbital(s) frozen. PROVISIONAL: how far to restrict this molecule is an open campaign decision. Single TN-VQE reference point (TN_Layers_Network=2, givens, at the circuit's own 2 repetitions); the full sweep is stage 2. givens is the JW image of a single-particle orbital rotation: it entangles, commutes with the number operator, and leaves U^dag H U a two-body fermionic Hamiltonian, so its Pauli-string count saturates with TN_Layers_Network rather than growing. Standard per-Pauli-string measurement (baseline)."
73,1_screen,H2O,O 0 0 0; H 0 0.75695 0.58588; H 0 -0.75695 0.58588,0,1,10,sto-3g,basis_set_exchange,valence_cas,4,4,JW,8,jw_exact,VQE,EfficientSU2_circular,2,ibm_aachen,COBYLA,{},63,4096,2.3.0,,n/a (not TN-VQE),n/a (not TN-VQE),pauli,data/qasm/EfficientSU2_circular_8q_2r.qasm,08a1af8edb04,48,random(seed=20260811),,29,qwc_grouping,none,n/a (shot-based),n/a (not QESEM),,,,"N_Qubit = 2 x active orbitals (exact). Stage-1 screening active space CAS(4,4), held fixed across all basis sets; 1 core orbital(s) frozen. PROVISIONAL: how far to restrict this molecule is an open campaign decision. Plain-VQE arm of the EfficientSU2_circular triple; the TN-VQE and classical-only rows on this circuit differ from it in method alone. Standard per-Pauli-string measurement (baseline)."
74,1_screen,H2O,O 0 0 0; H 0 0.75695 0.58588; H 0 -0.75695 0.58588,0,1,10,sto-3g,basis_set_exchange,valence_cas,4,4,JW,8,jw_exact,TN-VQE,EfficientSU2_circular,2,ibm_aachen,COBYLA,{},86,4096,2.3.0,2,givens,both,pauli,data/qasm/EfficientSU2_circular_8q_2r.qasm,08a1af8edb04,48,random(seed=20260811),18,29,qwc_grouping,none,n/a (shot-based),n/a (not QESEM),,,,"N_Qubit = 2 x active orbitals (exact). Stage-1 screening active space CAS(4,4), held fixed across all basis sets; 1 core orbital(s) frozen. PROVISIONAL: how far to restrict this molecule is an open campaign decision. Single TN-VQE reference point (TN_Layers_Network=2, givens, at the circuit's own 2 repetitions); the full sweep is stage 2. givens is the JW image of a single-particle orbital rotation: it entangles, commutes with the number operator, and leaves U^dag H U a two-body fermionic Hamiltonian, so its Pauli-string count saturates with TN_Layers_Network rather than growing. Standard per-Pauli-string measurement (baseline)."
75,1_screen,H2O,O 0 0 0; H 0 0.75695 0.58588; H 0 -0.75695 0.58588,0,1,10,sto-3g,basis_set_exchange,valence_cas,4,4,JW,8,jw_exact,VQE,RealAmplitudes,2,ibm_aachen,COBYLA,{},32,4096,2.3.0,,n/a (not TN-VQE),n/a (not TN-VQE),grouped,data/qasm/RealAmplitudes_8q_2r.qasm,746c96139c6c,24,random(seed=20260811),,29,qwc_grouping,none,n/a (shot-based),n/a (not QESEM),,,,"N_Qubit = 2 x active orbitals (exact). Stage-1 screening active space CAS(4,4), held fixed across all basis sets; 1 core orbital(s) frozen. PROVISIONAL: how far to restrict this molecule is an open campaign decision. Plain-VQE arm of the RealAmplitudes triple; the TN-VQE and classical-only rows on this circuit differ from it in method alone. Cebule's basis-state-pair-grouping measurement scheme (TNQCOptInput.measurement_method='grouped'). Expected to need fewer or equal distinct circuits per iteration than 'pauli', but the exact circuit count is an output of a real run, not predictable from the inputs."
76,1_screen,H2O,O 0 0 0; H 0 0.75695 0.58588; H 0 -0.75695 0.58588,0,1,10,sto-3g,basis_set_exchange,valence_cas,4,4,JW,8,jw_exact,TN-VQE,RealAmplitudes,2,ibm_aachen,COBYLA,{},55,4096,2.3.0,2,givens,both,grouped,data/qasm/RealAmplitudes_8q_2r.qasm,746c96139c6c,24,random(seed=20260811),18,29,qwc_grouping,none,n/a (shot-based),n/a (not QESEM),,,,"N_Qubit = 2 x active orbitals (exact). Stage-1 screening active space CAS(4,4), held fixed across all basis sets; 1 core orbital(s) frozen. PROVISIONAL: how far to restrict this molecule is an open campaign decision. Single TN-VQE reference point (TN_Layers_Network=2, givens, at the circuit's own 2 repetitions); the full sweep is stage 2. givens is the JW image of a single-particle orbital rotation: it entangles, commutes with the number operator, and leaves U^dag H U a two-body fermionic Hamiltonian, so its Pauli-string count saturates with TN_Layers_Network rather than growing. Cebule's basis-state-pair-grouping measurement scheme (TNQCOptInput.measurement_method='grouped'). Expected to need fewer or equal distinct circuits per iteration than 'pauli', but the exact circuit count is an output of a real run, not predictable from the inputs."
77,1_screen,H2O,O 0 0 0; H 0 0.75695 0.58588; H 0 -0.75695 0.58588,0,1,10,sto-3g,basis_set_exchange,valence_cas,4,4,JW,8,jw_exact,VQE,EfficientSU2_circular,2,ibm_aachen,COBYLA,{},63,4096,2.3.0,,n/a (not TN-VQE),n/a (not TN-VQE),grouped,data/qasm/EfficientSU2_circular_8q_2r.qasm,08a1af8edb04,48,random(seed=20260811),,29,qwc_grouping,none,n/a (shot-based),n/a (not QESEM),,,,"N_Qubit = 2 x active orbitals (exact). Stage-1 screening active space CAS(4,4), held fixed across all basis sets; 1 core orbital(s) frozen. PROVISIONAL: how far to restrict this molecule is an open campaign decision. Plain-VQE arm of the EfficientSU2_circular triple; the TN-VQE and classical-only rows on this circuit differ from it in method alone. Cebule's basis-state-pair-grouping measurement scheme (TNQCOptInput.measurement_method='grouped'). Expected to need fewer or equal distinct circuits per iteration than 'pauli', but the exact circuit count is an output of a real run, not predictable from the inputs."
78,1_screen,H2O,O 0 0 0; H 0 0.75695 0.58588; H 0 -0.75695 0.58588,0,1,10,sto-3g,basis_set_exchange,valence_cas,4,4,JW,8,jw_exact,TN-VQE,EfficientSU2_circular,2,ibm_aachen,COBYLA,{},86,4096,2.3.0,2,givens,both,grouped,data/qasm/EfficientSU2_circular_8q_2r.qasm,08a1af8edb04,48,random(seed=20260811),18,29,qwc_grouping,none,n/a (shot-based),n/a (not QESEM),,,,"N_Qubit = 2 x active orbitals (exact). Stage-1 screening active space CAS(4,4), held fixed across all basis sets; 1 core orbital(s) frozen. PROVISIONAL: how far to restrict this molecule is an open campaign decision. Single TN-VQE reference point (TN_Layers_Network=2, givens, at the circuit's own 2 repetitions); the full sweep is stage 2. givens is the JW image of a single-particle orbital rotation: it entangles, commutes with the number operator, and leaves U^dag H U a two-body fermionic Hamiltonian, so its Pauli-string count saturates with TN_Layers_Network rather than growing. Cebule's basis-state-pair-grouping measurement scheme (TNQCOptInput.measurement_method='grouped'). Expected to need fewer or equal distinct circuits per iteration than 'pauli', but the exact circuit count is an output of a real run, not predictable from the inputs."
79,1_screen,H2O,O 0 0 0; H 0 0.75695 0.58588; H 0 -0.75695 0.58588,0,1,10,sto-3g,basis_set_exchange,valence_cas,4,4,JW,8,jw_exact,TN-VQE,RealAmplitudes,2,ibm_aachen,COBYLA,{},30,n/a (network mode),2.3.0,2,givens,network,n/a (network mode),data/qasm/RealAmplitudes_8q_2r.qasm,746c96139c6c,24,random(seed=20260811),18,n/a (network mode),n/a (network mode),none,n/a (shot-based),n/a (not QESEM),,,,"N_Qubit = 2 x active orbitals (exact). Stage-1 screening active space CAS(4,4), held fixed across all basis sets; 1 core orbital(s) frozen. PROVISIONAL: how far to restrict this molecule is an open campaign decision. ZERO-QPU CONTROL: optimization_mode='network' holds phi at the same Phi_Init the other two arms start from and optimises theta by classical tensor-network contraction, taking no quantum measurements. Costs nothing against any IBM plan budget; this is the floor every 'both' row is measured against. Num_Opt_Params_Phi is the count held FIXED, not optimised. givens is the JW image of a single-particle orbital rotation: it entangles, commutes with the number operator, and leaves U^dag H U a two-body fermionic Hamiltonian, so its Pauli-string count saturates with TN_Layers_Network rather than growing. No quantum measurements taken, so no measurement method applies."
80,1_screen,H2O,O 0 0 0; H 0 0.75695 0.58588; H 0 -0.75695 0.58588,0,1,10,sto-3g,basis_set_exchange,valence_cas,4,4,JW,8,jw_exact,TN-VQE,EfficientSU2_circular,2,ibm_aachen,COBYLA,{},30,n/a (network mode),2.3.0,2,givens,network,n/a (network mode),data/qasm/EfficientSU2_circular_8q_2r.qasm,08a1af8edb04,48,random(seed=20260811),18,n/a (network mode),n/a (network mode),none,n/a (shot-based),n/a (not QESEM),,,,"N_Qubit = 2 x active orbitals (exact). Stage-1 screening active space CAS(4,4), held fixed across all basis sets; 1 core orbital(s) frozen. PROVISIONAL: how far to restrict this molecule is an open campaign decision. ZERO-QPU CONTROL: optimization_mode='network' holds phi at the same Phi_Init the other two arms start from and optimises theta by classical tensor-network contraction, taking no quantum measurements. Costs nothing against any IBM plan budget; this is the floor every 'both' row is measured against. Num_Opt_Params_Phi is the count held FIXED, not optimised. givens is the JW image of a single-particle orbital rotation: it entangles, commutes with the number operator, and leaves U^dag H U a two-body fermionic Hamiltonian, so its Pauli-string count saturates with TN_Layers_Network rather than growing. No quantum measurements taken, so no measurement method applies."
81,1_screen,H2O,O 0 0 0; H 0 0.75695 0.58588; H 0 -0.75695 0.58588,0,1,10,sto-3g,basis_set_exchange,valence_cas,4,4,mol_map,6,mol_map_inferred,VQE,RealAmplitudes,2,ibm_aachen,COBYLA,{},30,4096,2.3.0,,n/a (not TN-VQE),n/a (not TN-VQE),grouped,data/qasm/RealAmplitudes_6q_2r.qasm,68f3557999e6,18,random(seed=20260811),,37,assumed,none,n/a (shot-based),n/a (not QESEM),,,,"N_Qubit predicted by hamiltonian_sources.mol_map's inferred constraint-encoding formula, not a real MOL_MAP run -- exact for all 8 counts real runs have reported, but an estimate here. Stage-1 screening active space CAS(4,4), held fixed across all basis sets; 1 core orbital(s) frozen. PROVISIONAL: how far to restrict this molecule is an open campaign decision. Plain-VQE arm of the RealAmplitudes triple; the TN-VQE and classical-only rows on this circuit differ from it in method alone. Cebule's basis-state-pair-grouping measurement scheme (TNQCOptInput.measurement_method='grouped'). Expected to need fewer or equal distinct circuits per iteration than 'pauli', but the exact circuit count is an output of a real run, not predictable from the inputs."
82,1_screen,H2O,O 0 0 0; H 0 0.75695 0.58588; H 0 -0.75695 0.58588,0,1,10,sto-3g,basis_set_exchange,valence_cas,4,4,mol_map,6,mol_map_inferred,TN-VQE,RealAmplitudes,2,ibm_aachen,COBYLA,{},34,4096,2.3.0,2,givens,both,grouped,data/qasm/RealAmplitudes_6q_2r.qasm,68f3557999e6,18,random(seed=20260811),8,37,assumed,none,n/a (shot-based),n/a (not QESEM),,,,"N_Qubit predicted by hamiltonian_sources.mol_map's inferred constraint-encoding formula, not a real MOL_MAP run -- exact for all 8 counts real runs have reported, but an estimate here. Stage-1 screening active space CAS(4,4), held fixed across all basis sets; 1 core orbital(s) frozen. PROVISIONAL: how far to restrict this molecule is an open campaign decision. Single TN-VQE reference point (TN_Layers_Network=2, givens, at the circuit's own 2 repetitions); the full sweep is stage 2. givens is the JW image of a single-particle orbital rotation: it entangles, commutes with the number operator, and leaves U^dag H U a two-body fermionic Hamiltonian, so its Pauli-string count saturates with TN_Layers_Network rather than growing. Cebule's basis-state-pair-grouping measurement scheme (TNQCOptInput.measurement_method='grouped'). Expected to need fewer or equal distinct circuits per iteration than 'pauli', but the exact circuit count is an output of a real run, not predictable from the inputs."
83,1_screen,H2O,O 0 0 0; H 0 0.75695 0.58588; H 0 -0.75695 0.58588,0,1,10,sto-3g,basis_set_exchange,valence_cas,4,4,mol_map,6,mol_map_inferred,VQE,EfficientSU2_circular,2,ibm_aachen,COBYLA,{},47,4096,2.3.0,,n/a (not TN-VQE),n/a (not TN-VQE),grouped,data/qasm/EfficientSU2_circular_6q_2r.qasm,594746e66253,36,random(seed=20260811),,37,assumed,none,n/a (shot-based),n/a (not QESEM),,,,"N_Qubit predicted by hamiltonian_sources.mol_map's inferred constraint-encoding formula, not a real MOL_MAP run -- exact for all 8 counts real runs have reported, but an estimate here. Stage-1 screening active space CAS(4,4), held fixed across all basis sets; 1 core orbital(s) frozen. PROVISIONAL: how far to restrict this molecule is an open campaign decision. Plain-VQE arm of the EfficientSU2_circular triple; the TN-VQE and classical-only rows on this circuit differ from it in method alone. Cebule's basis-state-pair-grouping measurement scheme (TNQCOptInput.measurement_method='grouped'). Expected to need fewer or equal distinct circuits per iteration than 'pauli', but the exact circuit count is an output of a real run, not predictable from the inputs."
84,1_screen,H2O,O 0 0 0; H 0 0.75695 0.58588; H 0 -0.75695 0.58588,0,1,10,sto-3g,basis_set_exchange,valence_cas,4,4,mol_map,6,mol_map_inferred,TN-VQE,EfficientSU2_circular,2,ibm_aachen,COBYLA,{},58,4096,2.3.0,2,givens,both,grouped,data/qasm/EfficientSU2_circular_6q_2r.qasm,594746e66253,36,random(seed=20260811),8,37,assumed,none,n/a (shot-based),n/a (not QESEM),,,,"N_Qubit predicted by hamiltonian_sources.mol_map's inferred constraint-encoding formula, not a real MOL_MAP run -- exact for all 8 counts real runs have reported, but an estimate here. Stage-1 screening active space CAS(4,4), held fixed across all basis sets; 1 core orbital(s) frozen. PROVISIONAL: how far to restrict this molecule is an open campaign decision. Single TN-VQE reference point (TN_Layers_Network=2, givens, at the circuit's own 2 repetitions); the full sweep is stage 2. givens is the JW image of a single-particle orbital rotation: it entangles, commutes with the number operator, and leaves U^dag H U a two-body fermionic Hamiltonian, so its Pauli-string count saturates with TN_Layers_Network rather than growing. Cebule's basis-state-pair-grouping measurement scheme (TNQCOptInput.measurement_method='grouped'). Expected to need fewer or equal distinct circuits per iteration than 'pauli', but the exact circuit count is an output of a real run, not predictable from the inputs."
85,1_screen,H2O,O 0 0 0; H 0 0.75695 0.58588; H 0 -0.75695 0.58588,0,1,10,sto-3g,basis_set_exchange,valence_cas,4,4,mol_map,6,mol_map_inferred,TN-VQE,RealAmplitudes,2,ibm_aachen,COBYLA,{},30,n/a (network mode),2.3.0,2,givens,network,n/a (network mode),data/qasm/RealAmplitudes_6q_2r.qasm,68f3557999e6,18,random(seed=20260811),8,n/a (network mode),n/a (network mode),none,n/a (shot-based),n/a (not QESEM),,,,"N_Qubit predicted by hamiltonian_sources.mol_map's inferred constraint-encoding formula, not a real MOL_MAP run -- exact for all 8 counts real runs have reported, but an estimate here. Stage-1 screening active space CAS(4,4), held fixed across all basis sets; 1 core orbital(s) frozen. PROVISIONAL: how far to restrict this molecule is an open campaign decision. ZERO-QPU CONTROL: optimization_mode='network' holds phi at the same Phi_Init the other two arms start from and optimises theta by classical tensor-network contraction, taking no quantum measurements. Costs nothing against any IBM plan budget; this is the floor every 'both' row is measured against. Num_Opt_Params_Phi is the count held FIXED, not optimised. givens is the JW image of a single-particle orbital rotation: it entangles, commutes with the number operator, and leaves U^dag H U a two-body fermionic Hamiltonian, so its Pauli-string count saturates with TN_Layers_Network rather than growing. No quantum measurements taken, so no measurement method applies."
86,1_screen,H2O,O 0 0 0; H 0 0.75695 0.58588; H 0 -0.75695 0.58588,0,1,10,sto-3g,basis_set_exchange,valence_cas,4,4,mol_map,6,mol_map_inferred,TN-VQE,EfficientSU2_circular,2,ibm_aachen,COBYLA,{},30,n/a (network mode),2.3.0,2,givens,network,n/a (network mode),data/qasm/EfficientSU2_circular_6q_2r.qasm,594746e66253,36,random(seed=20260811),8,n/a (network mode),n/a (network mode),none,n/a (shot-based),n/a (not QESEM),,,,"N_Qubit predicted by hamiltonian_sources.mol_map's inferred constraint-encoding formula, not a real MOL_MAP run -- exact for all 8 counts real runs have reported, but an estimate here. Stage-1 screening active space CAS(4,4), held fixed across all basis sets; 1 core orbital(s) frozen. PROVISIONAL: how far to restrict this molecule is an open campaign decision. ZERO-QPU CONTROL: optimization_mode='network' holds phi at the same Phi_Init the other two arms start from and optimises theta by classical tensor-network contraction, taking no quantum measurements. Costs nothing against any IBM plan budget; this is the floor every 'both' row is measured against. Num_Opt_Params_Phi is the count held FIXED, not optimised. givens is the JW image of a single-particle orbital rotation: it entangles, commutes with the number operator, and leaves U^dag H U a two-body fermionic Hamiltonian, so its Pauli-string count saturates with TN_Layers_Network rather than growing. No quantum measurements taken, so no measurement method applies."
87,1_screen,H2O,O 0 0 0; H 0 0.75695 0.58588; H 0 -0.75695 0.58588,0,1,10,6-31g,basis_set_exchange,valence_cas,4,4,JW,8,jw_exact,VQE,RealAmplitudes,2,ibm_aachen,COBYLA,{},32,4096,2.3.0,,n/a (not TN-VQE),n/a (not TN-VQE),pauli,data/qasm/RealAmplitudes_8q_2r.qasm,746c96139c6c,24,random(seed=20260811),,29,qwc_grouping,none,n/a (shot-based),n/a (not QESEM),,,,"N_Qubit = 2 x active orbitals (exact). Stage-1 screening active space CAS(4,4), held fixed across all basis sets; 1 core orbital(s) frozen. PROVISIONAL: how far to restrict this molecule is an open campaign decision. Plain-VQE arm of the RealAmplitudes triple; the TN-VQE and classical-only rows on this circuit differ from it in method alone. Standard per-Pauli-string measurement (baseline)."
88,1_screen,H2O,O 0 0 0; H 0 0.75695 0.58588; H 0 -0.75695 0.58588,0,1,10,6-31g,basis_set_exchange,valence_cas,4,4,JW,8,jw_exact,TN-VQE,RealAmplitudes,2,ibm_aachen,COBYLA,{},55,4096,2.3.0,2,givens,both,pauli,data/qasm/RealAmplitudes_8q_2r.qasm,746c96139c6c,24,random(seed=20260811),18,29,qwc_grouping,none,n/a (shot-based),n/a (not QESEM),,,,"N_Qubit = 2 x active orbitals (exact). Stage-1 screening active space CAS(4,4), held fixed across all basis sets; 1 core orbital(s) frozen. PROVISIONAL: how far to restrict this molecule is an open campaign decision. Single TN-VQE reference point (TN_Layers_Network=2, givens, at the circuit's own 2 repetitions); the full sweep is stage 2. givens is the JW image of a single-particle orbital rotation: it entangles, commutes with the number operator, and leaves U^dag H U a two-body fermionic Hamiltonian, so its Pauli-string count saturates with TN_Layers_Network rather than growing. Standard per-Pauli-string measurement (baseline)."
89,1_screen,H2O,O 0 0 0; H 0 0.75695 0.58588; H 0 -0.75695 0.58588,0,1,10,6-31g,basis_set_exchange,valence_cas,4,4,JW,8,jw_exact,VQE,EfficientSU2_circular,2,ibm_aachen,COBYLA,{},63,4096,2.3.0,,n/a (not TN-VQE),n/a (not TN-VQE),pauli,data/qasm/EfficientSU2_circular_8q_2r.qasm,08a1af8edb04,48,random(seed=20260811),,29,qwc_grouping,none,n/a (shot-based),n/a (not QESEM),,,,"N_Qubit = 2 x active orbitals (exact). Stage-1 screening active space CAS(4,4), held fixed across all basis sets; 1 core orbital(s) frozen. PROVISIONAL: how far to restrict this molecule is an open campaign decision. Plain-VQE arm of the EfficientSU2_circular triple; the TN-VQE and classical-only rows on this circuit differ from it in method alone. Standard per-Pauli-string measurement (baseline)."
90,1_screen,H2O,O 0 0 0; H 0 0.75695 0.58588; H 0 -0.75695 0.58588,0,1,10,6-31g,basis_set_exchange,valence_cas,4,4,JW,8,jw_exact,TN-VQE,EfficientSU2_circular,2,ibm_aachen,COBYLA,{},86,4096,2.3.0,2,givens,both,pauli,data/qasm/EfficientSU2_circular_8q_2r.qasm,08a1af8edb04,48,random(seed=20260811),18,29,qwc_grouping,none,n/a (shot-based),n/a (not QESEM),,,,"N_Qubit = 2 x active orbitals (exact). Stage-1 screening active space CAS(4,4), held fixed across all basis sets; 1 core orbital(s) frozen. PROVISIONAL: how far to restrict this molecule is an open campaign decision. Single TN-VQE reference point (TN_Layers_Network=2, givens, at the circuit's own 2 repetitions); the full sweep is stage 2. givens is the JW image of a single-particle orbital rotation: it entangles, commutes with the number operator, and leaves U^dag H U a two-body fermionic Hamiltonian, so its Pauli-string count saturates with TN_Layers_Network rather than growing. Standard per-Pauli-string measurement (baseline)."
91,1_screen,H2O,O 0 0 0; H 0 0.75695 0.58588; H 0 -0.75695 0.58588,0,1,10,6-31g,basis_set_exchange,valence_cas,4,4,JW,8,jw_exact,VQE,RealAmplitudes,2,ibm_aachen,COBYLA,{},32,4096,2.3.0,,n/a (not TN-VQE),n/a (not TN-VQE),grouped,data/qasm/RealAmplitudes_8q_2r.qasm,746c96139c6c,24,random(seed=20260811),,29,qwc_grouping,none,n/a (shot-based),n/a (not QESEM),,,,"N_Qubit = 2 x active orbitals (exact). Stage-1 screening active space CAS(4,4), held fixed across all basis sets; 1 core orbital(s) frozen. PROVISIONAL: how far to restrict this molecule is an open campaign decision. Plain-VQE arm of the RealAmplitudes triple; the TN-VQE and classical-only rows on this circuit differ from it in method alone. Cebule's basis-state-pair-grouping measurement scheme (TNQCOptInput.measurement_method='grouped'). Expected to need fewer or equal distinct circuits per iteration than 'pauli', but the exact circuit count is an output of a real run, not predictable from the inputs."
92,1_screen,H2O,O 0 0 0; H 0 0.75695 0.58588; H 0 -0.75695 0.58588,0,1,10,6-31g,basis_set_exchange,valence_cas,4,4,JW,8,jw_exact,TN-VQE,RealAmplitudes,2,ibm_aachen,COBYLA,{},55,4096,2.3.0,2,givens,both,grouped,data/qasm/RealAmplitudes_8q_2r.qasm,746c96139c6c,24,random(seed=20260811),18,29,qwc_grouping,none,n/a (shot-based),n/a (not QESEM),,,,"N_Qubit = 2 x active orbitals (exact). Stage-1 screening active space CAS(4,4), held fixed across all basis sets; 1 core orbital(s) frozen. PROVISIONAL: how far to restrict this molecule is an open campaign decision. Single TN-VQE reference point (TN_Layers_Network=2, givens, at the circuit's own 2 repetitions); the full sweep is stage 2. givens is the JW image of a single-particle orbital rotation: it entangles, commutes with the number operator, and leaves U^dag H U a two-body fermionic Hamiltonian, so its Pauli-string count saturates with TN_Layers_Network rather than growing. Cebule's basis-state-pair-grouping measurement scheme (TNQCOptInput.measurement_method='grouped'). Expected to need fewer or equal distinct circuits per iteration than 'pauli', but the exact circuit count is an output of a real run, not predictable from the inputs."
93,1_screen,H2O,O 0 0 0; H 0 0.75695 0.58588; H 0 -0.75695 0.58588,0,1,10,6-31g,basis_set_exchange,valence_cas,4,4,JW,8,jw_exact,VQE,EfficientSU2_circular,2,ibm_aachen,COBYLA,{},63,4096,2.3.0,,n/a (not TN-VQE),n/a (not TN-VQE),grouped,data/qasm/EfficientSU2_circular_8q_2r.qasm,08a1af8edb04,48,random(seed=20260811),,29,qwc_grouping,none,n/a (shot-based),n/a (not QESEM),,,,"N_Qubit = 2 x active orbitals (exact). Stage-1 screening active space CAS(4,4), held fixed across all basis sets; 1 core orbital(s) frozen. PROVISIONAL: how far to restrict this molecule is an open campaign decision. Plain-VQE arm of the EfficientSU2_circular triple; the TN-VQE and classical-only rows on this circuit differ from it in method alone. Cebule's basis-state-pair-grouping measurement scheme (TNQCOptInput.measurement_method='grouped'). Expected to need fewer or equal distinct circuits per iteration than 'pauli', but the exact circuit count is an output of a real run, not predictable from the inputs."
94,1_screen,H2O,O 0 0 0; H 0 0.75695 0.58588; H 0 -0.75695 0.58588,0,1,10,6-31g,basis_set_exchange,valence_cas,4,4,JW,8,jw_exact,TN-VQE,EfficientSU2_circular,2,ibm_aachen,COBYLA,{},86,4096,2.3.0,2,givens,both,grouped,data/qasm/EfficientSU2_circular_8q_2r.qasm,08a1af8edb04,48,random(seed=20260811),18,29,qwc_grouping,none,n/a (shot-based),n/a (not QESEM),,,,"N_Qubit = 2 x active orbitals (exact). Stage-1 screening active space CAS(4,4), held fixed across all basis sets; 1 core orbital(s) frozen. PROVISIONAL: how far to restrict this molecule is an open campaign decision. Single TN-VQE reference point (TN_Layers_Network=2, givens, at the circuit's own 2 repetitions); the full sweep is stage 2. givens is the JW image of a single-particle orbital rotation: it entangles, commutes with the number operator, and leaves U^dag H U a two-body fermionic Hamiltonian, so its Pauli-string count saturates with TN_Layers_Network rather than growing. Cebule's basis-state-pair-grouping measurement scheme (TNQCOptInput.measurement_method='grouped'). Expected to need fewer or equal distinct circuits per iteration than 'pauli', but the exact circuit count is an output of a real run, not predictable from the inputs."
95,1_screen,H2O,O 0 0 0; H 0 0.75695 0.58588; H 0 -0.75695 0.58588,0,1,10,6-31g,basis_set_exchange,valence_cas,4,4,JW,8,jw_exact,TN-VQE,RealAmplitudes,2,ibm_aachen,COBYLA,{},30,n/a (network mode),2.3.0,2,givens,network,n/a (network mode),data/qasm/RealAmplitudes_8q_2r.qasm,746c96139c6c,24,random(seed=20260811),18,n/a (network mode),n/a (network mode),none,n/a (shot-based),n/a (not QESEM),,,,"N_Qubit = 2 x active orbitals (exact). Stage-1 screening active space CAS(4,4), held fixed across all basis sets; 1 core orbital(s) frozen. PROVISIONAL: how far to restrict this molecule is an open campaign decision. ZERO-QPU CONTROL: optimization_mode='network' holds phi at the same Phi_Init the other two arms start from and optimises theta by classical tensor-network contraction, taking no quantum measurements. Costs nothing against any IBM plan budget; this is the floor every 'both' row is measured against. Num_Opt_Params_Phi is the count held FIXED, not optimised. givens is the JW image of a single-particle orbital rotation: it entangles, commutes with the number operator, and leaves U^dag H U a two-body fermionic Hamiltonian, so its Pauli-string count saturates with TN_Layers_Network rather than growing. No quantum measurements taken, so no measurement method applies."
96,1_screen,H2O,O 0 0 0; H 0 0.75695 0.58588; H 0 -0.75695 0.58588,0,1,10,6-31g,basis_set_exchange,valence_cas,4,4,JW,8,jw_exact,TN-VQE,EfficientSU2_circular,2,ibm_aachen,COBYLA,{},30,n/a (network mode),2.3.0,2,givens,network,n/a (network mode),data/qasm/EfficientSU2_circular_8q_2r.qasm,08a1af8edb04,48,random(seed=20260811),18,n/a (network mode),n/a (network mode),none,n/a (shot-based),n/a (not QESEM),,,,"N_Qubit = 2 x active orbitals (exact). Stage-1 screening active space CAS(4,4), held fixed across all basis sets; 1 core orbital(s) frozen. PROVISIONAL: how far to restrict this molecule is an open campaign decision. ZERO-QPU CONTROL: optimization_mode='network' holds phi at the same Phi_Init the other two arms start from and optimises theta by classical tensor-network contraction, taking no quantum measurements. Costs nothing against any IBM plan budget; this is the floor every 'both' row is measured against. Num_Opt_Params_Phi is the count held FIXED, not optimised. givens is the JW image of a single-particle orbital rotation: it entangles, commutes with the number operator, and leaves U^dag H U a two-body fermionic Hamiltonian, so its Pauli-string count saturates with TN_Layers_Network rather than growing. No quantum measurements taken, so no measurement method applies."
97,1_screen,H2O,O 0 0 0; H 0 0.75695 0.58588; H 0 -0.75695 0.58588,0,1,10,6-31g,basis_set_exchange,valence_cas,4,4,mol_map,6,mol_map_inferred,VQE,RealAmplitudes,2,ibm_aachen,COBYLA,{},30,4096,2.3.0,,n/a (not TN-VQE),n/a (not TN-VQE),grouped,data/qasm/RealAmplitudes_6q_2r.qasm,68f3557999e6,18,random(seed=20260811),,37,assumed,none,n/a (shot-based),n/a (not QESEM),,,,"N_Qubit predicted by hamiltonian_sources.mol_map's inferred constraint-encoding formula, not a real MOL_MAP run -- exact for all 8 counts real runs have reported, but an estimate here. Stage-1 screening active space CAS(4,4), held fixed across all basis sets; 1 core orbital(s) frozen. PROVISIONAL: how far to restrict this molecule is an open campaign decision. Plain-VQE arm of the RealAmplitudes triple; the TN-VQE and classical-only rows on this circuit differ from it in method alone. Cebule's basis-state-pair-grouping measurement scheme (TNQCOptInput.measurement_method='grouped'). Expected to need fewer or equal distinct circuits per iteration than 'pauli', but the exact circuit count is an output of a real run, not predictable from the inputs."
98,1_screen,H2O,O 0 0 0; H 0 0.75695 0.58588; H 0 -0.75695 0.58588,0,1,10,6-31g,basis_set_exchange,valence_cas,4,4,mol_map,6,mol_map_inferred,TN-VQE,RealAmplitudes,2,ibm_aachen,COBYLA,{},34,4096,2.3.0,2,givens,both,grouped,data/qasm/RealAmplitudes_6q_2r.qasm,68f3557999e6,18,random(seed=20260811),8,37,assumed,none,n/a (shot-based),n/a (not QESEM),,,,"N_Qubit predicted by hamiltonian_sources.mol_map's inferred constraint-encoding formula, not a real MOL_MAP run -- exact for all 8 counts real runs have reported, but an estimate here. Stage-1 screening active space CAS(4,4), held fixed across all basis sets; 1 core orbital(s) frozen. PROVISIONAL: how far to restrict this molecule is an open campaign decision. Single TN-VQE reference point (TN_Layers_Network=2, givens, at the circuit's own 2 repetitions); the full sweep is stage 2. givens is the JW image of a single-particle orbital rotation: it entangles, commutes with the number operator, and leaves U^dag H U a two-body fermionic Hamiltonian, so its Pauli-string count saturates with TN_Layers_Network rather than growing. Cebule's basis-state-pair-grouping measurement scheme (TNQCOptInput.measurement_method='grouped'). Expected to need fewer or equal distinct circuits per iteration than 'pauli', but the exact circuit count is an output of a real run, not predictable from the inputs."
99,1_screen,H2O,O 0 0 0; H 0 0.75695 0.58588; H 0 -0.75695 0.58588,0,1,10,6-31g,basis_set_exchange,valence_cas,4,4,mol_map,6,mol_map_inferred,VQE,EfficientSU2_circular,2,ibm_aachen,COBYLA,{},47,4096,2.3.0,,n/a (not TN-VQE),n/a (not TN-VQE),grouped,data/qasm/EfficientSU2_circular_6q_2r.qasm,594746e66253,36,random(seed=20260811),,37,assumed,none,n/a (shot-based),n/a (not QESEM),,,,"N_Qubit predicted by hamiltonian_sources.mol_map's inferred constraint-encoding formula, not a real MOL_MAP run -- exact for all 8 counts real runs have reported, but an estimate here. Stage-1 screening active space CAS(4,4), held fixed across all basis sets; 1 core orbital(s) frozen. PROVISIONAL: how far to restrict this molecule is an open campaign decision. Plain-VQE arm of the EfficientSU2_circular triple; the TN-VQE and classical-only rows on this circuit differ from it in method alone. Cebule's basis-state-pair-grouping measurement scheme (TNQCOptInput.measurement_method='grouped'). Expected to need fewer or equal distinct circuits per iteration than 'pauli', but the exact circuit count is an output of a real run, not predictable from the inputs."
100,1_screen,H2O,O 0 0 0; H 0 0.75695 0.58588; H 0 -0.75695 0.58588,0,1,10,6-31g,basis_set_exchange,valence_cas,4,4,mol_map,6,mol_map_inferred,TN-VQE,EfficientSU2_circular,2,ibm_aachen,COBYLA,{},58,4096,2.3.0,2,givens,both,grouped,data/qasm/EfficientSU2_circular_6q_2r.qasm,594746e66253,36,random(seed=20260811),8,37,assumed,none,n/a (shot-based),n/a (not QESEM),,,,"N_Qubit predicted by hamiltonian_sources.mol_map's inferred constraint-encoding formula, not a real MOL_MAP run -- exact for all 8 counts real runs have reported, but an estimate here. Stage-1 screening active space CAS(4,4), held fixed across all basis sets; 1 core orbital(s) frozen. PROVISIONAL: how far to restrict this molecule is an open campaign decision. Single TN-VQE reference point (TN_Layers_Network=2, givens, at the circuit's own 2 repetitions); the full sweep is stage 2. givens is the JW image of a single-particle orbital rotation: it entangles, commutes with the number operator, and leaves U^dag H U a two-body fermionic Hamiltonian, so its Pauli-string count saturates with TN_Layers_Network rather than growing. Cebule's basis-state-pair-grouping measurement scheme (TNQCOptInput.measurement_method='grouped'). Expected to need fewer or equal distinct circuits per iteration than 'pauli', but the exact circuit count is an output of a real run, not predictable from the inputs."
101,1_screen,H2O,O 0 0 0; H 0 0.75695 0.58588; H 0 -0.75695 0.58588,0,1,10,6-31g,basis_set_exchange,valence_cas,4,4,mol_map,6,mol_map_inferred,TN-VQE,RealAmplitudes,2,ibm_aachen,COBYLA,{},30,n/a (network mode),2.3.0,2,givens,network,n/a (network mode),data/qasm/RealAmplitudes_6q_2r.qasm,68f3557999e6,18,random(seed=20260811),8,n/a (network mode),n/a (network mode),none,n/a (shot-based),n/a (not QESEM),,,,"N_Qubit predicted by hamiltonian_sources.mol_map's inferred constraint-encoding formula, not a real MOL_MAP run -- exact for all 8 counts real runs have reported, but an estimate here. Stage-1 screening active space CAS(4,4), held fixed across all basis sets; 1 core orbital(s) frozen. PROVISIONAL: how far to restrict this molecule is an open campaign decision. ZERO-QPU CONTROL: optimization_mode='network' holds phi at the same Phi_Init the other two arms start from and optimises theta by classical tensor-network contraction, taking no quantum measurements. Costs nothing against any IBM plan budget; this is the floor every 'both' row is measured against. Num_Opt_Params_Phi is the count held FIXED, not optimised. givens is the JW image of a single-particle orbital rotation: it entangles, commutes with the number operator, and leaves U^dag H U a two-body fermionic Hamiltonian, so its Pauli-string count saturates with TN_Layers_Network rather than growing. No quantum measurements taken, so no measurement method applies."
102,1_screen,H2O,O 0 0 0; H 0 0.75695 0.58588; H 0 -0.75695 0.58588,0,1,10,6-31g,basis_set_exchange,valence_cas,4,4,mol_map,6,mol_map_inferred,TN-VQE,EfficientSU2_circular,2,ibm_aachen,COBYLA,{},30,n/a (network mode),2.3.0,2,givens,network,n/a (network mode),data/qasm/EfficientSU2_circular_6q_2r.qasm,594746e66253,36,random(seed=20260811),8,n/a (network mode),n/a (network mode),none,n/a (shot-based),n/a (not QESEM),,,,"N_Qubit predicted by hamiltonian_sources.mol_map's inferred constraint-encoding formula, not a real MOL_MAP run -- exact for all 8 counts real runs have reported, but an estimate here. Stage-1 screening active space CAS(4,4), held fixed across all basis sets; 1 core orbital(s) frozen. PROVISIONAL: how far to restrict this molecule is an open campaign decision. ZERO-QPU CONTROL: optimization_mode='network' holds phi at the same Phi_Init the other two arms start from and optimises theta by classical tensor-network contraction, taking no quantum measurements. Costs nothing against any IBM plan budget; this is the floor every 'both' row is measured against. Num_Opt_Params_Phi is the count held FIXED, not optimised. givens is the JW image of a single-particle orbital rotation: it entangles, commutes with the number operator, and leaves U^dag H U a two-body fermionic Hamiltonian, so its Pauli-string count saturates with TN_Layers_Network rather than growing. No quantum measurements taken, so no measurement method applies."
103,1_screen,H2O,O 0 0 0; H 0 0.75695 0.58588; H 0 -0.75695 0.58588,0,1,10,cc-pvdz,basis_set_exchange,valence_cas,4,4,JW,8,jw_exact,VQE,RealAmplitudes,2,ibm_aachen,COBYLA,{},32,4096,2.3.0,,n/a (not TN-VQE),n/a (not TN-VQE),pauli,data/qasm/RealAmplitudes_8q_2r.qasm,746c96139c6c,24,random(seed=20260811),,29,qwc_grouping,none,n/a (shot-based),n/a (not QESEM),,,,"N_Qubit = 2 x active orbitals (exact). Stage-1 screening active space CAS(4,4), held fixed across all basis sets; 1 core orbital(s) frozen. PROVISIONAL: how far to restrict this molecule is an open campaign decision. Plain-VQE arm of the RealAmplitudes triple; the TN-VQE and classical-only rows on this circuit differ from it in method alone. Standard per-Pauli-string measurement (baseline)."
104,1_screen,H2O,O 0 0 0; H 0 0.75695 0.58588; H 0 -0.75695 0.58588,0,1,10,cc-pvdz,basis_set_exchange,valence_cas,4,4,JW,8,jw_exact,TN-VQE,RealAmplitudes,2,ibm_aachen,COBYLA,{},55,4096,2.3.0,2,givens,both,pauli,data/qasm/RealAmplitudes_8q_2r.qasm,746c96139c6c,24,random(seed=20260811),18,29,qwc_grouping,none,n/a (shot-based),n/a (not QESEM),,,,"N_Qubit = 2 x active orbitals (exact). Stage-1 screening active space CAS(4,4), held fixed across all basis sets; 1 core orbital(s) frozen. PROVISIONAL: how far to restrict this molecule is an open campaign decision. Single TN-VQE reference point (TN_Layers_Network=2, givens, at the circuit's own 2 repetitions); the full sweep is stage 2. givens is the JW image of a single-particle orbital rotation: it entangles, commutes with the number operator, and leaves U^dag H U a two-body fermionic Hamiltonian, so its Pauli-string count saturates with TN_Layers_Network rather than growing. Standard per-Pauli-string measurement (baseline)."
105,1_screen,H2O,O 0 0 0; H 0 0.75695 0.58588; H 0 -0.75695 0.58588,0,1,10,cc-pvdz,basis_set_exchange,valence_cas,4,4,JW,8,jw_exact,VQE,EfficientSU2_circular,2,ibm_aachen,COBYLA,{},63,4096,2.3.0,,n/a (not TN-VQE),n/a (not TN-VQE),pauli,data/qasm/EfficientSU2_circular_8q_2r.qasm,08a1af8edb04,48,random(seed=20260811),,29,qwc_grouping,none,n/a (shot-based),n/a (not QESEM),,,,"N_Qubit = 2 x active orbitals (exact). Stage-1 screening active space CAS(4,4), held fixed across all basis sets; 1 core orbital(s) frozen. PROVISIONAL: how far to restrict this molecule is an open campaign decision. Plain-VQE arm of the EfficientSU2_circular triple; the TN-VQE and classical-only rows on this circuit differ from it in method alone. Standard per-Pauli-string measurement (baseline)."
106,1_screen,H2O,O 0 0 0; H 0 0.75695 0.58588; H 0 -0.75695 0.58588,0,1,10,cc-pvdz,basis_set_exchange,valence_cas,4,4,JW,8,jw_exact,TN-VQE,EfficientSU2_circular,2,ibm_aachen,COBYLA,{},86,4096,2.3.0,2,givens,both,pauli,data/qasm/EfficientSU2_circular_8q_2r.qasm,08a1af8edb04,48,random(seed=20260811),18,29,qwc_grouping,none,n/a (shot-based),n/a (not QESEM),,,,"N_Qubit = 2 x active orbitals (exact). Stage-1 screening active space CAS(4,4), held fixed across all basis sets; 1 core orbital(s) frozen. PROVISIONAL: how far to restrict this molecule is an open campaign decision. Single TN-VQE reference point (TN_Layers_Network=2, givens, at the circuit's own 2 repetitions); the full sweep is stage 2. givens is the JW image of a single-particle orbital rotation: it entangles, commutes with the number operator, and leaves U^dag H U a two-body fermionic Hamiltonian, so its Pauli-string count saturates with TN_Layers_Network rather than growing. Standard per-Pauli-string measurement (baseline)."
107,1_screen,H2O,O 0 0 0; H 0 0.75695 0.58588; H 0 -0.75695 0.58588,0,1,10,cc-pvdz,basis_set_exchange,valence_cas,4,4,JW,8,jw_exact,VQE,RealAmplitudes,2,ibm_aachen,COBYLA,{},32,4096,2.3.0,,n/a (not TN-VQE),n/a (not TN-VQE),grouped,data/qasm/RealAmplitudes_8q_2r.qasm,746c96139c6c,24,random(seed=20260811),,29,qwc_grouping,none,n/a (shot-based),n/a (not QESEM),,,,"N_Qubit = 2 x active orbitals (exact). Stage-1 screening active space CAS(4,4), held fixed across all basis sets; 1 core orbital(s) frozen. PROVISIONAL: how far to restrict this molecule is an open campaign decision. Plain-VQE arm of the RealAmplitudes triple; the TN-VQE and classical-only rows on this circuit differ from it in method alone. Cebule's basis-state-pair-grouping measurement scheme (TNQCOptInput.measurement_method='grouped'). Expected to need fewer or equal distinct circuits per iteration than 'pauli', but the exact circuit count is an output of a real run, not predictable from the inputs."
108,1_screen,H2O,O 0 0 0; H 0 0.75695 0.58588; H 0 -0.75695 0.58588,0,1,10,cc-pvdz,basis_set_exchange,valence_cas,4,4,JW,8,jw_exact,TN-VQE,RealAmplitudes,2,ibm_aachen,COBYLA,{},55,4096,2.3.0,2,givens,both,grouped,data/qasm/RealAmplitudes_8q_2r.qasm,746c96139c6c,24,random(seed=20260811),18,29,qwc_grouping,none,n/a (shot-based),n/a (not QESEM),,,,"N_Qubit = 2 x active orbitals (exact). Stage-1 screening active space CAS(4,4), held fixed across all basis sets; 1 core orbital(s) frozen. PROVISIONAL: how far to restrict this molecule is an open campaign decision. Single TN-VQE reference point (TN_Layers_Network=2, givens, at the circuit's own 2 repetitions); the full sweep is stage 2. givens is the JW image of a single-particle orbital rotation: it entangles, commutes with the number operator, and leaves U^dag H U a two-body fermionic Hamiltonian, so its Pauli-string count saturates with TN_Layers_Network rather than growing. Cebule's basis-state-pair-grouping measurement scheme (TNQCOptInput.measurement_method='grouped'). Expected to need fewer or equal distinct circuits per iteration than 'pauli', but the exact circuit count is an output of a real run, not predictable from the inputs."
109,1_screen,H2O,O 0 0 0; H 0 0.75695 0.58588; H 0 -0.75695 0.58588,0,1,10,cc-pvdz,basis_set_exchange,valence_cas,4,4,JW,8,jw_exact,VQE,EfficientSU2_circular,2,ibm_aachen,COBYLA,{},63,4096,2.3.0,,n/a (not TN-VQE),n/a (not TN-VQE),grouped,data/qasm/EfficientSU2_circular_8q_2r.qasm,08a1af8edb04,48,random(seed=20260811),,29,qwc_grouping,none,n/a (shot-based),n/a (not QESEM),,,,"N_Qubit = 2 x active orbitals (exact). Stage-1 screening active space CAS(4,4), held fixed across all basis sets; 1 core orbital(s) frozen. PROVISIONAL: how far to restrict this molecule is an open campaign decision. Plain-VQE arm of the EfficientSU2_circular triple; the TN-VQE and classical-only rows on this circuit differ from it in method alone. Cebule's basis-state-pair-grouping measurement scheme (TNQCOptInput.measurement_method='grouped'). Expected to need fewer or equal distinct circuits per iteration than 'pauli', but the exact circuit count is an output of a real run, not predictable from the inputs."
110,1_screen,H2O,O 0 0 0; H 0 0.75695 0.58588; H 0 -0.75695 0.58588,0,1,10,cc-pvdz,basis_set_exchange,valence_cas,4,4,JW,8,jw_exact,TN-VQE,EfficientSU2_circular,2,ibm_aachen,COBYLA,{},86,4096,2.3.0,2,givens,both,grouped,data/qasm/EfficientSU2_circular_8q_2r.qasm,08a1af8edb04,48,random(seed=20260811),18,29,qwc_grouping,none,n/a (shot-based),n/a (not QESEM),,,,"N_Qubit = 2 x active orbitals (exact). Stage-1 screening active space CAS(4,4), held fixed across all basis sets; 1 core orbital(s) frozen. PROVISIONAL: how far to restrict this molecule is an open campaign decision. Single TN-VQE reference point (TN_Layers_Network=2, givens, at the circuit's own 2 repetitions); the full sweep is stage 2. givens is the JW image of a single-particle orbital rotation: it entangles, commutes with the number operator, and leaves U^dag H U a two-body fermionic Hamiltonian, so its Pauli-string count saturates with TN_Layers_Network rather than growing. Cebule's basis-state-pair-grouping measurement scheme (TNQCOptInput.measurement_method='grouped'). Expected to need fewer or equal distinct circuits per iteration than 'pauli', but the exact circuit count is an output of a real run, not predictable from the inputs."
111,1_screen,H2O,O 0 0 0; H 0 0.75695 0.58588; H 0 -0.75695 0.58588,0,1,10,cc-pvdz,basis_set_exchange,valence_cas,4,4,JW,8,jw_exact,TN-VQE,RealAmplitudes,2,ibm_aachen,COBYLA,{},30,n/a (network mode),2.3.0,2,givens,network,n/a (network mode),data/qasm/RealAmplitudes_8q_2r.qasm,746c96139c6c,24,random(seed=20260811),18,n/a (network mode),n/a (network mode),none,n/a (shot-based),n/a (not QESEM),,,,"N_Qubit = 2 x active orbitals (exact). Stage-1 screening active space CAS(4,4), held fixed across all basis sets; 1 core orbital(s) frozen. PROVISIONAL: how far to restrict this molecule is an open campaign decision. ZERO-QPU CONTROL: optimization_mode='network' holds phi at the same Phi_Init the other two arms start from and optimises theta by classical tensor-network contraction, taking no quantum measurements. Costs nothing against any IBM plan budget; this is the floor every 'both' row is measured against. Num_Opt_Params_Phi is the count held FIXED, not optimised. givens is the JW image of a single-particle orbital rotation: it entangles, commutes with the number operator, and leaves U^dag H U a two-body fermionic Hamiltonian, so its Pauli-string count saturates with TN_Layers_Network rather than growing. No quantum measurements taken, so no measurement method applies."
112,1_screen,H2O,O 0 0 0; H 0 0.75695 0.58588; H 0 -0.75695 0.58588,0,1,10,cc-pvdz,basis_set_exchange,valence_cas,4,4,JW,8,jw_exact,TN-VQE,EfficientSU2_circular,2,ibm_aachen,COBYLA,{},30,n/a (network mode),2.3.0,2,givens,network,n/a (network mode),data/qasm/EfficientSU2_circular_8q_2r.qasm,08a1af8edb04,48,random(seed=20260811),18,n/a (network mode),n/a (network mode),none,n/a (shot-based),n/a (not QESEM),,,,"N_Qubit = 2 x active orbitals (exact). Stage-1 screening active space CAS(4,4), held fixed across all basis sets; 1 core orbital(s) frozen. PROVISIONAL: how far to restrict this molecule is an open campaign decision. ZERO-QPU CONTROL: optimization_mode='network' holds phi at the same Phi_Init the other two arms start from and optimises theta by classical tensor-network contraction, taking no quantum measurements. Costs nothing against any IBM plan budget; this is the floor every 'both' row is measured against. Num_Opt_Params_Phi is the count held FIXED, not optimised. givens is the JW image of a single-particle orbital rotation: it entangles, commutes with the number operator, and leaves U^dag H U a two-body fermionic Hamiltonian, so its Pauli-string count saturates with TN_Layers_Network rather than growing. No quantum measurements taken, so no measurement method applies."
113,1_screen,H2O,O 0 0 0; H 0 0.75695 0.58588; H 0 -0.75695 0.58588,0,1,10,cc-pvdz,basis_set_exchange,valence_cas,4,4,mol_map,6,mol_map_inferred,VQE,RealAmplitudes,2,ibm_aachen,COBYLA,{},30,4096,2.3.0,,n/a (not TN-VQE),n/a (not TN-VQE),grouped,data/qasm/RealAmplitudes_6q_2r.qasm,68f3557999e6,18,random(seed=20260811),,37,assumed,none,n/a (shot-based),n/a (not QESEM),,,,"N_Qubit predicted by hamiltonian_sources.mol_map's inferred constraint-encoding formula, not a real MOL_MAP run -- exact for all 8 counts real runs have reported, but an estimate here. Stage-1 screening active space CAS(4,4), held fixed across all basis sets; 1 core orbital(s) frozen. PROVISIONAL: how far to restrict this molecule is an open campaign decision. Plain-VQE arm of the RealAmplitudes triple; the TN-VQE and classical-only rows on this circuit differ from it in method alone. Cebule's basis-state-pair-grouping measurement scheme (TNQCOptInput.measurement_method='grouped'). Expected to need fewer or equal distinct circuits per iteration than 'pauli', but the exact circuit count is an output of a real run, not predictable from the inputs."
114,1_screen,H2O,O 0 0 0; H 0 0.75695 0.58588; H 0 -0.75695 0.58588,0,1,10,cc-pvdz,basis_set_exchange,valence_cas,4,4,mol_map,6,mol_map_inferred,TN-VQE,RealAmplitudes,2,ibm_aachen,COBYLA,{},34,4096,2.3.0,2,givens,both,grouped,data/qasm/RealAmplitudes_6q_2r.qasm,68f3557999e6,18,random(seed=20260811),8,37,assumed,none,n/a (shot-based),n/a (not QESEM),,,,"N_Qubit predicted by hamiltonian_sources.mol_map's inferred constraint-encoding formula, not a real MOL_MAP run -- exact for all 8 counts real runs have reported, but an estimate here. Stage-1 screening active space CAS(4,4), held fixed across all basis sets; 1 core orbital(s) frozen. PROVISIONAL: how far to restrict this molecule is an open campaign decision. Single TN-VQE reference point (TN_Layers_Network=2, givens, at the circuit's own 2 repetitions); the full sweep is stage 2. givens is the JW image of a single-particle orbital rotation: it entangles, commutes with the number operator, and leaves U^dag H U a two-body fermionic Hamiltonian, so its Pauli-string count saturates with TN_Layers_Network rather than growing. Cebule's basis-state-pair-grouping measurement scheme (TNQCOptInput.measurement_method='grouped'). Expected to need fewer or equal distinct circuits per iteration than 'pauli', but the exact circuit count is an output of a real run, not predictable from the inputs."
115,1_screen,H2O,O 0 0 0; H 0 0.75695 0.58588; H 0 -0.75695 0.58588,0,1,10,cc-pvdz,basis_set_exchange,valence_cas,4,4,mol_map,6,mol_map_inferred,VQE,EfficientSU2_circular,2,ibm_aachen,COBYLA,{},47,4096,2.3.0,,n/a (not TN-VQE),n/a (not TN-VQE),grouped,data/qasm/EfficientSU2_circular_6q_2r.qasm,594746e66253,36,random(seed=20260811),,37,assumed,none,n/a (shot-based),n/a (not QESEM),,,,"N_Qubit predicted by hamiltonian_sources.mol_map's inferred constraint-encoding formula, not a real MOL_MAP run -- exact for all 8 counts real runs have reported, but an estimate here. Stage-1 screening active space CAS(4,4), held fixed across all basis sets; 1 core orbital(s) frozen. PROVISIONAL: how far to restrict this molecule is an open campaign decision. Plain-VQE arm of the EfficientSU2_circular triple; the TN-VQE and classical-only rows on this circuit differ from it in method alone. Cebule's basis-state-pair-grouping measurement scheme (TNQCOptInput.measurement_method='grouped'). Expected to need fewer or equal distinct circuits per iteration than 'pauli', but the exact circuit count is an output of a real run, not predictable from the inputs."
116,1_screen,H2O,O 0 0 0; H 0 0.75695 0.58588; H 0 -0.75695 0.58588,0,1,10,cc-pvdz,basis_set_exchange,valence_cas,4,4,mol_map,6,mol_map_inferred,TN-VQE,EfficientSU2_circular,2,ibm_aachen,COBYLA,{},58,4096,2.3.0,2,givens,both,grouped,data/qasm/EfficientSU2_circular_6q_2r.qasm,594746e66253,36,random(seed=20260811),8,37,assumed,none,n/a (shot-based),n/a (not QESEM),,,,"N_Qubit predicted by hamiltonian_sources.mol_map's inferred constraint-encoding formula, not a real MOL_MAP run -- exact for all 8 counts real runs have reported, but an estimate here. Stage-1 screening active space CAS(4,4), held fixed across all basis sets; 1 core orbital(s) frozen. PROVISIONAL: how far to restrict this molecule is an open campaign decision. Single TN-VQE reference point (TN_Layers_Network=2, givens, at the circuit's own 2 repetitions); the full sweep is stage 2. givens is the JW image of a single-particle orbital rotation: it entangles, commutes with the number operator, and leaves U^dag H U a two-body fermionic Hamiltonian, so its Pauli-string count saturates with TN_Layers_Network rather than growing. Cebule's basis-state-pair-grouping measurement scheme (TNQCOptInput.measurement_method='grouped'). Expected to need fewer or equal distinct circuits per iteration than 'pauli', but the exact circuit count is an output of a real run, not predictable from the inputs."
117,1_screen,H2O,O 0 0 0; H 0 0.75695 0.58588; H 0 -0.75695 0.58588,0,1,10,cc-pvdz,basis_set_exchange,valence_cas,4,4,mol_map,6,mol_map_inferred,TN-VQE,RealAmplitudes,2,ibm_aachen,COBYLA,{},30,n/a (network mode),2.3.0,2,givens,network,n/a (network mode),data/qasm/RealAmplitudes_6q_2r.qasm,68f3557999e6,18,random(seed=20260811),8,n/a (network mode),n/a (network mode),none,n/a (shot-based),n/a (not QESEM),,,,"N_Qubit predicted by hamiltonian_sources.mol_map's inferred constraint-encoding formula, not a real MOL_MAP run -- exact for all 8 counts real runs have reported, but an estimate here. Stage-1 screening active space CAS(4,4), held fixed across all basis sets; 1 core orbital(s) frozen. PROVISIONAL: how far to restrict this molecule is an open campaign decision. ZERO-QPU CONTROL: optimization_mode='network' holds phi at the same Phi_Init the other two arms start from and optimises theta by classical tensor-network contraction, taking no quantum measurements. Costs nothing against any IBM plan budget; this is the floor every 'both' row is measured against. Num_Opt_Params_Phi is the count held FIXED, not optimised. givens is the JW image of a single-particle orbital rotation: it entangles, commutes with the number operator, and leaves U^dag H U a two-body fermionic Hamiltonian, so its Pauli-string count saturates with TN_Layers_Network rather than growing. No quantum measurements taken, so no measurement method applies."
118,1_screen,H2O,O 0 0 0; H 0 0.75695 0.58588; H 0 -0.75695 0.58588,0,1,10,cc-pvdz,basis_set_exchange,valence_cas,4,4,mol_map,6,mol_map_inferred,TN-VQE,EfficientSU2_circular,2,ibm_aachen,COBYLA,{},30,n/a (network mode),2.3.0,2,givens,network,n/a (network mode),data/qasm/EfficientSU2_circular_6q_2r.qasm,594746e66253,36,random(seed=20260811),8,n/a (network mode),n/a (network mode),none,n/a (shot-based),n/a (not QESEM),,,,"N_Qubit predicted by hamiltonian_sources.mol_map's inferred constraint-encoding formula, not a real MOL_MAP run -- exact for all 8 counts real runs have reported, but an estimate here. Stage-1 screening active space CAS(4,4), held fixed across all basis sets; 1 core orbital(s) frozen. PROVISIONAL: how far to restrict this molecule is an open campaign decision. ZERO-QPU CONTROL: optimization_mode='network' holds phi at the same Phi_Init the other two arms start from and optimises theta by classical tensor-network contraction, taking no quantum measurements. Costs nothing against any IBM plan budget; this is the floor every 'both' row is measured against. Num_Opt_Params_Phi is the count held FIXED, not optimised. givens is the JW image of a single-particle orbital rotation: it entangles, commutes with the number operator, and leaves U^dag H U a two-body fermionic Hamiltonian, so its Pauli-string count saturates with TN_Layers_Network rather than growing. No quantum measurements taken, so no measurement method applies."
119,1_screen,H2O,O 0 0 0; H 0 0.75695 0.58588; H 0 -0.75695 0.58588,0,1,10,cc-pvtz,basis_set_exchange,valence_cas,4,4,JW,8,jw_exact,VQE,RealAmplitudes,2,ibm_aachen,COBYLA,{},32,4096,2.3.0,,n/a (not TN-VQE),n/a (not TN-VQE),pauli,data/qasm/RealAmplitudes_8q_2r.qasm,746c96139c6c,24,random(seed=20260811),,29,qwc_grouping,none,n/a (shot-based),n/a (not QESEM),,,,"N_Qubit = 2 x active orbitals (exact). Stage-1 screening active space CAS(4,4), held fixed across all basis sets; 1 core orbital(s) frozen. PROVISIONAL: how far to restrict this molecule is an open campaign decision. Plain-VQE arm of the RealAmplitudes triple; the TN-VQE and classical-only rows on this circuit differ from it in method alone. Standard per-Pauli-string measurement (baseline)."
120,1_screen,H2O,O 0 0 0; H 0 0.75695 0.58588; H 0 -0.75695 0.58588,0,1,10,cc-pvtz,basis_set_exchange,valence_cas,4,4,JW,8,jw_exact,TN-VQE,RealAmplitudes,2,ibm_aachen,COBYLA,{},55,4096,2.3.0,2,givens,both,pauli,data/qasm/RealAmplitudes_8q_2r.qasm,746c96139c6c,24,random(seed=20260811),18,29,qwc_grouping,none,n/a (shot-based),n/a (not QESEM),,,,"N_Qubit = 2 x active orbitals (exact). Stage-1 screening active space CAS(4,4), held fixed across all basis sets; 1 core orbital(s) frozen. PROVISIONAL: how far to restrict this molecule is an open campaign decision. Single TN-VQE reference point (TN_Layers_Network=2, givens, at the circuit's own 2 repetitions); the full sweep is stage 2. givens is the JW image of a single-particle orbital rotation: it entangles, commutes with the number operator, and leaves U^dag H U a two-body fermionic Hamiltonian, so its Pauli-string count saturates with TN_Layers_Network rather than growing. Standard per-Pauli-string measurement (baseline)."
121,1_screen,H2O,O 0 0 0; H 0 0.75695 0.58588; H 0 -0.75695 0.58588,0,1,10,cc-pvtz,basis_set_exchange,valence_cas,4,4,JW,8,jw_exact,VQE,EfficientSU2_circular,2,ibm_aachen,COBYLA,{},63,4096,2.3.0,,n/a (not TN-VQE),n/a (not TN-VQE),pauli,data/qasm/EfficientSU2_circular_8q_2r.qasm,08a1af8edb04,48,random(seed=20260811),,29,qwc_grouping,none,n/a (shot-based),n/a (not QESEM),,,,"N_Qubit = 2 x active orbitals (exact). Stage-1 screening active space CAS(4,4), held fixed across all basis sets; 1 core orbital(s) frozen. PROVISIONAL: how far to restrict this molecule is an open campaign decision. Plain-VQE arm of the EfficientSU2_circular triple; the TN-VQE and classical-only rows on this circuit differ from it in method alone. Standard per-Pauli-string measurement (baseline)."
122,1_screen,H2O,O 0 0 0; H 0 0.75695 0.58588; H 0 -0.75695 0.58588,0,1,10,cc-pvtz,basis_set_exchange,valence_cas,4,4,JW,8,jw_exact,TN-VQE,EfficientSU2_circular,2,ibm_aachen,COBYLA,{},86,4096,2.3.0,2,givens,both,pauli,data/qasm/EfficientSU2_circular_8q_2r.qasm,08a1af8edb04,48,random(seed=20260811),18,29,qwc_grouping,none,n/a (shot-based),n/a (not QESEM),,,,"N_Qubit = 2 x active orbitals (exact). Stage-1 screening active space CAS(4,4), held fixed across all basis sets; 1 core orbital(s) frozen. PROVISIONAL: how far to restrict this molecule is an open campaign decision. Single TN-VQE reference point (TN_Layers_Network=2, givens, at the circuit's own 2 repetitions); the full sweep is stage 2. givens is the JW image of a single-particle orbital rotation: it entangles, commutes with the number operator, and leaves U^dag H U a two-body fermionic Hamiltonian, so its Pauli-string count saturates with TN_Layers_Network rather than growing. Standard per-Pauli-string measurement (baseline)."
123,1_screen,H2O,O 0 0 0; H 0 0.75695 0.58588; H 0 -0.75695 0.58588,0,1,10,cc-pvtz,basis_set_exchange,valence_cas,4,4,JW,8,jw_exact,VQE,RealAmplitudes,2,ibm_aachen,COBYLA,{},32,4096,2.3.0,,n/a (not TN-VQE),n/a (not TN-VQE),grouped,data/qasm/RealAmplitudes_8q_2r.qasm,746c96139c6c,24,random(seed=20260811),,29,qwc_grouping,none,n/a (shot-based),n/a (not QESEM),,,,"N_Qubit = 2 x active orbitals (exact). Stage-1 screening active space CAS(4,4), held fixed across all basis sets; 1 core orbital(s) frozen. PROVISIONAL: how far to restrict this molecule is an open campaign decision. Plain-VQE arm of the RealAmplitudes triple; the TN-VQE and classical-only rows on this circuit differ from it in method alone. Cebule's basis-state-pair-grouping measurement scheme (TNQCOptInput.measurement_method='grouped'). Expected to need fewer or equal distinct circuits per iteration than 'pauli', but the exact circuit count is an output of a real run, not predictable from the inputs."
124,1_screen,H2O,O 0 0 0; H 0 0.75695 0.58588; H 0 -0.75695 0.58588,0,1,10,cc-pvtz,basis_set_exchange,valence_cas,4,4,JW,8,jw_exact,TN-VQE,RealAmplitudes,2,ibm_aachen,COBYLA,{},55,4096,2.3.0,2,givens,both,grouped,data/qasm/RealAmplitudes_8q_2r.qasm,746c96139c6c,24,random(seed=20260811),18,29,qwc_grouping,none,n/a (shot-based),n/a (not QESEM),,,,"N_Qubit = 2 x active orbitals (exact). Stage-1 screening active space CAS(4,4), held fixed across all basis sets; 1 core orbital(s) frozen. PROVISIONAL: how far to restrict this molecule is an open campaign decision. Single TN-VQE reference point (TN_Layers_Network=2, givens, at the circuit's own 2 repetitions); the full sweep is stage 2. givens is the JW image of a single-particle orbital rotation: it entangles, commutes with the number operator, and leaves U^dag H U a two-body fermionic Hamiltonian, so its Pauli-string count saturates with TN_Layers_Network rather than growing. Cebule's basis-state-pair-grouping measurement scheme (TNQCOptInput.measurement_method='grouped'). Expected to need fewer or equal distinct circuits per iteration than 'pauli', but the exact circuit count is an output of a real run, not predictable from the inputs."
125,1_screen,H2O,O 0 0 0; H 0 0.75695 0.58588; H 0 -0.75695 0.58588,0,1,10,cc-pvtz,basis_set_exchange,valence_cas,4,4,JW,8,jw_exact,VQE,EfficientSU2_circular,2,ibm_aachen,COBYLA,{},63,4096,2.3.0,,n/a (not TN-VQE),n/a (not TN-VQE),grouped,data/qasm/EfficientSU2_circular_8q_2r.qasm,08a1af8edb04,48,random(seed=20260811),,29,qwc_grouping,none,n/a (shot-based),n/a (not QESEM),,,,"N_Qubit = 2 x active orbitals (exact). Stage-1 screening active space CAS(4,4), held fixed across all basis sets; 1 core orbital(s) frozen. PROVISIONAL: how far to restrict this molecule is an open campaign decision. Plain-VQE arm of the EfficientSU2_circular triple; the TN-VQE and classical-only rows on this circuit differ from it in method alone. Cebule's basis-state-pair-grouping measurement scheme (TNQCOptInput.measurement_method='grouped'). Expected to need fewer or equal distinct circuits per iteration than 'pauli', but the exact circuit count is an output of a real run, not predictable from the inputs."
126,1_screen,H2O,O 0 0 0; H 0 0.75695 0.58588; H 0 -0.75695 0.58588,0,1,10,cc-pvtz,basis_set_exchange,valence_cas,4,4,JW,8,jw_exact,TN-VQE,EfficientSU2_circular,2,ibm_aachen,COBYLA,{},86,4096,2.3.0,2,givens,both,grouped,data/qasm/EfficientSU2_circular_8q_2r.qasm,08a1af8edb04,48,random(seed=20260811),18,29,qwc_grouping,none,n/a (shot-based),n/a (not QESEM),,,,"N_Qubit = 2 x active orbitals (exact). Stage-1 screening active space CAS(4,4), held fixed across all basis sets; 1 core orbital(s) frozen. PROVISIONAL: how far to restrict this molecule is an open campaign decision. Single TN-VQE reference point (TN_Layers_Network=2, givens, at the circuit's own 2 repetitions); the full sweep is stage 2. givens is the JW image of a single-particle orbital rotation: it entangles, commutes with the number operator, and leaves U^dag H U a two-body fermionic Hamiltonian, so its Pauli-string count saturates with TN_Layers_Network rather than growing. Cebule's basis-state-pair-grouping measurement scheme (TNQCOptInput.measurement_method='grouped'). Expected to need fewer or equal distinct circuits per iteration than 'pauli', but the exact circuit count is an output of a real run, not predictable from the inputs."
127,1_screen,H2O,O 0 0 0; H 0 0.75695 0.58588; H 0 -0.75695 0.58588,0,1,10,cc-pvtz,basis_set_exchange,valence_cas,4,4,JW,8,jw_exact,TN-VQE,RealAmplitudes,2,ibm_aachen,COBYLA,{},30,n/a (network mode),2.3.0,2,givens,network,n/a (network mode),data/qasm/RealAmplitudes_8q_2r.qasm,746c96139c6c,24,random(seed=20260811),18,n/a (network mode),n/a (network mode),none,n/a (shot-based),n/a (not QESEM),,,,"N_Qubit = 2 x active orbitals (exact). Stage-1 screening active space CAS(4,4), held fixed across all basis sets; 1 core orbital(s) frozen. PROVISIONAL: how far to restrict this molecule is an open campaign decision. ZERO-QPU CONTROL: optimization_mode='network' holds phi at the same Phi_Init the other two arms start from and optimises theta by classical tensor-network contraction, taking no quantum measurements. Costs nothing against any IBM plan budget; this is the floor every 'both' row is measured against. Num_Opt_Params_Phi is the count held FIXED, not optimised. givens is the JW image of a single-particle orbital rotation: it entangles, commutes with the number operator, and leaves U^dag H U a two-body fermionic Hamiltonian, so its Pauli-string count saturates with TN_Layers_Network rather than growing. No quantum measurements taken, so no measurement method applies."
128,1_screen,H2O,O 0 0 0; H 0 0.75695 0.58588; H 0 -0.75695 0.58588,0,1,10,cc-pvtz,basis_set_exchange,valence_cas,4,4,JW,8,jw_exact,TN-VQE,EfficientSU2_circular,2,ibm_aachen,COBYLA,{},30,n/a (network mode),2.3.0,2,givens,network,n/a (network mode),data/qasm/EfficientSU2_circular_8q_2r.qasm,08a1af8edb04,48,random(seed=20260811),18,n/a (network mode),n/a (network mode),none,n/a (shot-based),n/a (not QESEM),,,,"N_Qubit = 2 x active orbitals (exact). Stage-1 screening active space CAS(4,4), held fixed across all basis sets; 1 core orbital(s) frozen. PROVISIONAL: how far to restrict this molecule is an open campaign decision. ZERO-QPU CONTROL: optimization_mode='network' holds phi at the same Phi_Init the other two arms start from and optimises theta by classical tensor-network contraction, taking no quantum measurements. Costs nothing against any IBM plan budget; this is the floor every 'both' row is measured against. Num_Opt_Params_Phi is the count held FIXED, not optimised. givens is the JW image of a single-particle orbital rotation: it entangles, commutes with the number operator, and leaves U^dag H U a two-body fermionic Hamiltonian, so its Pauli-string count saturates with TN_Layers_Network rather than growing. No quantum measurements taken, so no measurement method applies."
129,1_screen,H2O,O 0 0 0; H 0 0.75695 0.58588; H 0 -0.75695 0.58588,0,1,10,cc-pvtz,basis_set_exchange,valence_cas,4,4,mol_map,6,mol_map_inferred,VQE,RealAmplitudes,2,ibm_aachen,COBYLA,{},30,4096,2.3.0,,n/a (not TN-VQE),n/a (not TN-VQE),grouped,data/qasm/RealAmplitudes_6q_2r.qasm,68f3557999e6,18,random(seed=20260811),,37,assumed,none,n/a (shot-based),n/a (not QESEM),,,,"N_Qubit predicted by hamiltonian_sources.mol_map's inferred constraint-encoding formula, not a real MOL_MAP run -- exact for all 8 counts real runs have reported, but an estimate here. Stage-1 screening active space CAS(4,4), held fixed across all basis sets; 1 core orbital(s) frozen. PROVISIONAL: how far to restrict this molecule is an open campaign decision. Plain-VQE arm of the RealAmplitudes triple; the TN-VQE and classical-only rows on this circuit differ from it in method alone. Cebule's basis-state-pair-grouping measurement scheme (TNQCOptInput.measurement_method='grouped'). Expected to need fewer or equal distinct circuits per iteration than 'pauli', but the exact circuit count is an output of a real run, not predictable from the inputs."
130,1_screen,H2O,O 0 0 0; H 0 0.75695 0.58588; H 0 -0.75695 0.58588,0,1,10,cc-pvtz,basis_set_exchange,valence_cas,4,4,mol_map,6,mol_map_inferred,TN-VQE,RealAmplitudes,2,ibm_aachen,COBYLA,{},34,4096,2.3.0,2,givens,both,grouped,data/qasm/RealAmplitudes_6q_2r.qasm,68f3557999e6,18,random(seed=20260811),8,37,assumed,none,n/a (shot-based),n/a (not QESEM),,,,"N_Qubit predicted by hamiltonian_sources.mol_map's inferred constraint-encoding formula, not a real MOL_MAP run -- exact for all 8 counts real runs have reported, but an estimate here. Stage-1 screening active space CAS(4,4), held fixed across all basis sets; 1 core orbital(s) frozen. PROVISIONAL: how far to restrict this molecule is an open campaign decision. Single TN-VQE reference point (TN_Layers_Network=2, givens, at the circuit's own 2 repetitions); the full sweep is stage 2. givens is the JW image of a single-particle orbital rotation: it entangles, commutes with the number operator, and leaves U^dag H U a two-body fermionic Hamiltonian, so its Pauli-string count saturates with TN_Layers_Network rather than growing. Cebule's basis-state-pair-grouping measurement scheme (TNQCOptInput.measurement_method='grouped'). Expected to need fewer or equal distinct circuits per iteration than 'pauli', but the exact circuit count is an output of a real run, not predictable from the inputs."
131,1_screen,H2O,O 0 0 0; H 0 0.75695 0.58588; H 0 -0.75695 0.58588,0,1,10,cc-pvtz,basis_set_exchange,valence_cas,4,4,mol_map,6,mol_map_inferred,VQE,EfficientSU2_circular,2,ibm_aachen,COBYLA,{},47,4096,2.3.0,,n/a (not TN-VQE),n/a (not TN-VQE),grouped,data/qasm/EfficientSU2_circular_6q_2r.qasm,594746e66253,36,random(seed=20260811),,37,assumed,none,n/a (shot-based),n/a (not QESEM),,,,"N_Qubit predicted by hamiltonian_sources.mol_map's inferred constraint-encoding formula, not a real MOL_MAP run -- exact for all 8 counts real runs have reported, but an estimate here. Stage-1 screening active space CAS(4,4), held fixed across all basis sets; 1 core orbital(s) frozen. PROVISIONAL: how far to restrict this molecule is an open campaign decision. Plain-VQE arm of the EfficientSU2_circular triple; the TN-VQE and classical-only rows on this circuit differ from it in method alone. Cebule's basis-state-pair-grouping measurement scheme (TNQCOptInput.measurement_method='grouped'). Expected to need fewer or equal distinct circuits per iteration than 'pauli', but the exact circuit count is an output of a real run, not predictable from the inputs."
132,1_screen,H2O,O 0 0 0; H 0 0.75695 0.58588; H 0 -0.75695 0.58588,0,1,10,cc-pvtz,basis_set_exchange,valence_cas,4,4,mol_map,6,mol_map_inferred,TN-VQE,EfficientSU2_circular,2,ibm_aachen,COBYLA,{},58,4096,2.3.0,2,givens,both,grouped,data/qasm/EfficientSU2_circular_6q_2r.qasm,594746e66253,36,random(seed=20260811),8,37,assumed,none,n/a (shot-based),n/a (not QESEM),,,,"N_Qubit predicted by hamiltonian_sources.mol_map's inferred constraint-encoding formula, not a real MOL_MAP run -- exact for all 8 counts real runs have reported, but an estimate here. Stage-1 screening active space CAS(4,4), held fixed across all basis sets; 1 core orbital(s) frozen. PROVISIONAL: how far to restrict this molecule is an open campaign decision. Single TN-VQE reference point (TN_Layers_Network=2, givens, at the circuit's own 2 repetitions); the full sweep is stage 2. givens is the JW image of a single-particle orbital rotation: it entangles, commutes with the number operator, and leaves U^dag H U a two-body fermionic Hamiltonian, so its Pauli-string count saturates with TN_Layers_Network rather than growing. Cebule's basis-state-pair-grouping measurement scheme (TNQCOptInput.measurement_method='grouped'). Expected to need fewer or equal distinct circuits per iteration than 'pauli', but the exact circuit count is an output of a real run, not predictable from the inputs."
133,1_screen,H2O,O 0 0 0; H 0 0.75695 0.58588; H 0 -0.75695 0.58588,0,1,10,cc-pvtz,basis_set_exchange,valence_cas,4,4,mol_map,6,mol_map_inferred,TN-VQE,RealAmplitudes,2,ibm_aachen,COBYLA,{},30,n/a (network mode),2.3.0,2,givens,network,n/a (network mode),data/qasm/RealAmplitudes_6q_2r.qasm,68f3557999e6,18,random(seed=20260811),8,n/a (network mode),n/a (network mode),none,n/a (shot-based),n/a (not QESEM),,,,"N_Qubit predicted by hamiltonian_sources.mol_map's inferred constraint-encoding formula, not a real MOL_MAP run -- exact for all 8 counts real runs have reported, but an estimate here. Stage-1 screening active space CAS(4,4), held fixed across all basis sets; 1 core orbital(s) frozen. PROVISIONAL: how far to restrict this molecule is an open campaign decision. ZERO-QPU CONTROL: optimization_mode='network' holds phi at the same Phi_Init the other two arms start from and optimises theta by classical tensor-network contraction, taking no quantum measurements. Costs nothing against any IBM plan budget; this is the floor every 'both' row is measured against. Num_Opt_Params_Phi is the count held FIXED, not optimised. givens is the JW image of a single-particle orbital rotation: it entangles, commutes with the number operator, and leaves U^dag H U a two-body fermionic Hamiltonian, so its Pauli-string count saturates with TN_Layers_Network rather than growing. No quantum measurements taken, so no measurement method applies."
134,1_screen,H2O,O 0 0 0; H 0 0.75695 0.58588; H 0 -0.75695 0.58588,0,1,10,cc-pvtz,basis_set_exchange,valence_cas,4,4,mol_map,6,mol_map_inferred,TN-VQE,EfficientSU2_circular,2,ibm_aachen,COBYLA,{},30,n/a (network mode),2.3.0,2,givens,network,n/a (network mode),data/qasm/EfficientSU2_circular_6q_2r.qasm,594746e66253,36,random(seed=20260811),8,n/a (network mode),n/a (network mode),none,n/a (shot-based),n/a (not QESEM),,,,"N_Qubit predicted by hamiltonian_sources.mol_map's inferred constraint-encoding formula, not a real MOL_MAP run -- exact for all 8 counts real runs have reported, but an estimate here. Stage-1 screening active space CAS(4,4), held fixed across all basis sets; 1 core orbital(s) frozen. PROVISIONAL: how far to restrict this molecule is an open campaign decision. ZERO-QPU CONTROL: optimization_mode='network' holds phi at the same Phi_Init the other two arms start from and optimises theta by classical tensor-network contraction, taking no quantum measurements. Costs nothing against any IBM plan budget; this is the floor every 'both' row is measured against. Num_Opt_Params_Phi is the count held FIXED, not optimised. givens is the JW image of a single-particle orbital rotation: it entangles, commutes with the number operator, and leaves U^dag H U a two-body fermionic Hamiltonian, so its Pauli-string count saturates with TN_Layers_Network rather than growing. No quantum measurements taken, so no measurement method applies."
135,1_screen,H2O,O 0 0 0; H 0 0.75695 0.58588; H 0 -0.75695 0.58588,0,1,10,def2-tzvp,basis_set_exchange,valence_cas,4,4,JW,8,jw_exact,VQE,RealAmplitudes,2,ibm_aachen,COBYLA,{},32,4096,2.3.0,,n/a (not TN-VQE),n/a (not TN-VQE),pauli,data/qasm/RealAmplitudes_8q_2r.qasm,746c96139c6c,24,random(seed=20260811),,29,qwc_grouping,none,n/a (shot-based),n/a (not QESEM),,,,"N_Qubit = 2 x active orbitals (exact). Stage-1 screening active space CAS(4,4), held fixed across all basis sets; 1 core orbital(s) frozen. PROVISIONAL: how far to restrict this molecule is an open campaign decision. Plain-VQE arm of the RealAmplitudes triple; the TN-VQE and classical-only rows on this circuit differ from it in method alone. Standard per-Pauli-string measurement (baseline)."
136,1_screen,H2O,O 0 0 0; H 0 0.75695 0.58588; H 0 -0.75695 0.58588,0,1,10,def2-tzvp,basis_set_exchange,valence_cas,4,4,JW,8,jw_exact,TN-VQE,RealAmplitudes,2,ibm_aachen,COBYLA,{},55,4096,2.3.0,2,givens,both,pauli,data/qasm/RealAmplitudes_8q_2r.qasm,746c96139c6c,24,random(seed=20260811),18,29,qwc_grouping,none,n/a (shot-based),n/a (not QESEM),,,,"N_Qubit = 2 x active orbitals (exact). Stage-1 screening active space CAS(4,4), held fixed across all basis sets; 1 core orbital(s) frozen. PROVISIONAL: how far to restrict this molecule is an open campaign decision. Single TN-VQE reference point (TN_Layers_Network=2, givens, at the circuit's own 2 repetitions); the full sweep is stage 2. givens is the JW image of a single-particle orbital rotation: it entangles, commutes with the number operator, and leaves U^dag H U a two-body fermionic Hamiltonian, so its Pauli-string count saturates with TN_Layers_Network rather than growing. Standard per-Pauli-string measurement (baseline)."
137,1_screen,H2O,O 0 0 0; H 0 0.75695 0.58588; H 0 -0.75695 0.58588,0,1,10,def2-tzvp,basis_set_exchange,valence_cas,4,4,JW,8,jw_exact,VQE,EfficientSU2_circular,2,ibm_aachen,COBYLA,{},63,4096,2.3.0,,n/a (not TN-VQE),n/a (not TN-VQE),pauli,data/qasm/EfficientSU2_circular_8q_2r.qasm,08a1af8edb04,48,random(seed=20260811),,29,qwc_grouping,none,n/a (shot-based),n/a (not QESEM),,,,"N_Qubit = 2 x active orbitals (exact). Stage-1 screening active space CAS(4,4), held fixed across all basis sets; 1 core orbital(s) frozen. PROVISIONAL: how far to restrict this molecule is an open campaign decision. Plain-VQE arm of the EfficientSU2_circular triple; the TN-VQE and classical-only rows on this circuit differ from it in method alone. Standard per-Pauli-string measurement (baseline)."
138,1_screen,H2O,O 0 0 0; H 0 0.75695 0.58588; H 0 -0.75695 0.58588,0,1,10,def2-tzvp,basis_set_exchange,valence_cas,4,4,JW,8,jw_exact,TN-VQE,EfficientSU2_circular,2,ibm_aachen,COBYLA,{},86,4096,2.3.0,2,givens,both,pauli,data/qasm/EfficientSU2_circular_8q_2r.qasm,08a1af8edb04,48,random(seed=20260811),18,29,qwc_grouping,none,n/a (shot-based),n/a (not QESEM),,,,"N_Qubit = 2 x active orbitals (exact). Stage-1 screening active space CAS(4,4), held fixed across all basis sets; 1 core orbital(s) frozen. PROVISIONAL: how far to restrict this molecule is an open campaign decision. Single TN-VQE reference point (TN_Layers_Network=2, givens, at the circuit's own 2 repetitions); the full sweep is stage 2. givens is the JW image of a single-particle orbital rotation: it entangles, commutes with the number operator, and leaves U^dag H U a two-body fermionic Hamiltonian, so its Pauli-string count saturates with TN_Layers_Network rather than growing. Standard per-Pauli-string measurement (baseline)."
139,1_screen,H2O,O 0 0 0; H 0 0.75695 0.58588; H 0 -0.75695 0.58588,0,1,10,def2-tzvp,basis_set_exchange,valence_cas,4,4,JW,8,jw_exact,VQE,RealAmplitudes,2,ibm_aachen,COBYLA,{},32,4096,2.3.0,,n/a (not TN-VQE),n/a (not TN-VQE),grouped,data/qasm/RealAmplitudes_8q_2r.qasm,746c96139c6c,24,random(seed=20260811),,29,qwc_grouping,none,n/a (shot-based),n/a (not QESEM),,,,"N_Qubit = 2 x active orbitals (exact). Stage-1 screening active space CAS(4,4), held fixed across all basis sets; 1 core orbital(s) frozen. PROVISIONAL: how far to restrict this molecule is an open campaign decision. Plain-VQE arm of the RealAmplitudes triple; the TN-VQE and classical-only rows on this circuit differ from it in method alone. Cebule's basis-state-pair-grouping measurement scheme (TNQCOptInput.measurement_method='grouped'). Expected to need fewer or equal distinct circuits per iteration than 'pauli', but the exact circuit count is an output of a real run, not predictable from the inputs."
140,1_screen,H2O,O 0 0 0; H 0 0.75695 0.58588; H 0 -0.75695 0.58588,0,1,10,def2-tzvp,basis_set_exchange,valence_cas,4,4,JW,8,jw_exact,TN-VQE,RealAmplitudes,2,ibm_aachen,COBYLA,{},55,4096,2.3.0,2,givens,both,grouped,data/qasm/RealAmplitudes_8q_2r.qasm,746c96139c6c,24,random(seed=20260811),18,29,qwc_grouping,none,n/a (shot-based),n/a (not QESEM),,,,"N_Qubit = 2 x active orbitals (exact). Stage-1 screening active space CAS(4,4), held fixed across all basis sets; 1 core orbital(s) frozen. PROVISIONAL: how far to restrict this molecule is an open campaign decision. Single TN-VQE reference point (TN_Layers_Network=2, givens, at the circuit's own 2 repetitions); the full sweep is stage 2. givens is the JW image of a single-particle orbital rotation: it entangles, commutes with the number operator, and leaves U^dag H U a two-body fermionic Hamiltonian, so its Pauli-string count saturates with TN_Layers_Network rather than growing. Cebule's basis-state-pair-grouping measurement scheme (TNQCOptInput.measurement_method='grouped'). Expected to need fewer or equal distinct circuits per iteration than 'pauli', but the exact circuit count is an output of a real run, not predictable from the inputs."
141,1_screen,H2O,O 0 0 0; H 0 0.75695 0.58588; H 0 -0.75695 0.58588,0,1,10,def2-tzvp,basis_set_exchange,valence_cas,4,4,JW,8,jw_exact,VQE,EfficientSU2_circular,2,ibm_aachen,COBYLA,{},63,4096,2.3.0,,n/a (not TN-VQE),n/a (not TN-VQE),grouped,data/qasm/EfficientSU2_circular_8q_2r.qasm,08a1af8edb04,48,random(seed=20260811),,29,qwc_grouping,none,n/a (shot-based),n/a (not QESEM),,,,"N_Qubit = 2 x active orbitals (exact). Stage-1 screening active space CAS(4,4), held fixed across all basis sets; 1 core orbital(s) frozen. PROVISIONAL: how far to restrict this molecule is an open campaign decision. Plain-VQE arm of the EfficientSU2_circular triple; the TN-VQE and classical-only rows on this circuit differ from it in method alone. Cebule's basis-state-pair-grouping measurement scheme (TNQCOptInput.measurement_method='grouped'). Expected to need fewer or equal distinct circuits per iteration than 'pauli', but the exact circuit count is an output of a real run, not predictable from the inputs."
142,1_screen,H2O,O 0 0 0; H 0 0.75695 0.58588; H 0 -0.75695 0.58588,0,1,10,def2-tzvp,basis_set_exchange,valence_cas,4,4,JW,8,jw_exact,TN-VQE,EfficientSU2_circular,2,ibm_aachen,COBYLA,{},86,4096,2.3.0,2,givens,both,grouped,data/qasm/EfficientSU2_circular_8q_2r.qasm,08a1af8edb04,48,random(seed=20260811),18,29,qwc_grouping,none,n/a (shot-based),n/a (not QESEM),,,,"N_Qubit = 2 x active orbitals (exact). Stage-1 screening active space CAS(4,4), held fixed across all basis sets; 1 core orbital(s) frozen. PROVISIONAL: how far to restrict this molecule is an open campaign decision. Single TN-VQE reference point (TN_Layers_Network=2, givens, at the circuit's own 2 repetitions); the full sweep is stage 2. givens is the JW image of a single-particle orbital rotation: it entangles, commutes with the number operator, and leaves U^dag H U a two-body fermionic Hamiltonian, so its Pauli-string count saturates with TN_Layers_Network rather than growing. Cebule's basis-state-pair-grouping measurement scheme (TNQCOptInput.measurement_method='grouped'). Expected to need fewer or equal distinct circuits per iteration than 'pauli', but the exact circuit count is an output of a real run, not predictable from the inputs."
143,1_screen,H2O,O 0 0 0; H 0 0.75695 0.58588; H 0 -0.75695 0.58588,0,1,10,def2-tzvp,basis_set_exchange,valence_cas,4,4,JW,8,jw_exact,TN-VQE,RealAmplitudes,2,ibm_aachen,COBYLA,{},30,n/a (network mode),2.3.0,2,givens,network,n/a (network mode),data/qasm/RealAmplitudes_8q_2r.qasm,746c96139c6c,24,random(seed=20260811),18,n/a (network mode),n/a (network mode),none,n/a (shot-based),n/a (not QESEM),,,,"N_Qubit = 2 x active orbitals (exact). Stage-1 screening active space CAS(4,4), held fixed across all basis sets; 1 core orbital(s) frozen. PROVISIONAL: how far to restrict this molecule is an open campaign decision. ZERO-QPU CONTROL: optimization_mode='network' holds phi at the same Phi_Init the other two arms start from and optimises theta by classical tensor-network contraction, taking no quantum measurements. Costs nothing against any IBM plan budget; this is the floor every 'both' row is measured against. Num_Opt_Params_Phi is the count held FIXED, not optimised. givens is the JW image of a single-particle orbital rotation: it entangles, commutes with the number operator, and leaves U^dag H U a two-body fermionic Hamiltonian, so its Pauli-string count saturates with TN_Layers_Network rather than growing. No quantum measurements taken, so no measurement method applies."
144,1_screen,H2O,O 0 0 0; H 0 0.75695 0.58588; H 0 -0.75695 0.58588,0,1,10,def2-tzvp,basis_set_exchange,valence_cas,4,4,JW,8,jw_exact,TN-VQE,EfficientSU2_circular,2,ibm_aachen,COBYLA,{},30,n/a (network mode),2.3.0,2,givens,network,n/a (network mode),data/qasm/EfficientSU2_circular_8q_2r.qasm,08a1af8edb04,48,random(seed=20260811),18,n/a (network mode),n/a (network mode),none,n/a (shot-based),n/a (not QESEM),,,,"N_Qubit = 2 x active orbitals (exact). Stage-1 screening active space CAS(4,4), held fixed across all basis sets; 1 core orbital(s) frozen. PROVISIONAL: how far to restrict this molecule is an open campaign decision. ZERO-QPU CONTROL: optimization_mode='network' holds phi at the same Phi_Init the other two arms start from and optimises theta by classical tensor-network contraction, taking no quantum measurements. Costs nothing against any IBM plan budget; this is the floor every 'both' row is measured against. Num_Opt_Params_Phi is the count held FIXED, not optimised. givens is the JW image of a single-particle orbital rotation: it entangles, commutes with the number operator, and leaves U^dag H U a two-body fermionic Hamiltonian, so its Pauli-string count saturates with TN_Layers_Network rather than growing. No quantum measurements taken, so no measurement method applies."
145,1_screen,H2O,O 0 0 0; H 0 0.75695 0.58588; H 0 -0.75695 0.58588,0,1,10,def2-tzvp,basis_set_exchange,valence_cas,4,4,mol_map,6,mol_map_inferred,VQE,RealAmplitudes,2,ibm_aachen,COBYLA,{},30,4096,2.3.0,,n/a (not TN-VQE),n/a (not TN-VQE),grouped,data/qasm/RealAmplitudes_6q_2r.qasm,68f3557999e6,18,random(seed=20260811),,37,assumed,none,n/a (shot-based),n/a (not QESEM),,,,"N_Qubit predicted by hamiltonian_sources.mol_map's inferred constraint-encoding formula, not a real MOL_MAP run -- exact for all 8 counts real runs have reported, but an estimate here. Stage-1 screening active space CAS(4,4), held fixed across all basis sets; 1 core orbital(s) frozen. PROVISIONAL: how far to restrict this molecule is an open campaign decision. Plain-VQE arm of the RealAmplitudes triple; the TN-VQE and classical-only rows on this circuit differ from it in method alone. Cebule's basis-state-pair-grouping measurement scheme (TNQCOptInput.measurement_method='grouped'). Expected to need fewer or equal distinct circuits per iteration than 'pauli', but the exact circuit count is an output of a real run, not predictable from the inputs."
146,1_screen,H2O,O 0 0 0; H 0 0.75695 0.58588; H 0 -0.75695 0.58588,0,1,10,def2-tzvp,basis_set_exchange,valence_cas,4,4,mol_map,6,mol_map_inferred,TN-VQE,RealAmplitudes,2,ibm_aachen,COBYLA,{},34,4096,2.3.0,2,givens,both,grouped,data/qasm/RealAmplitudes_6q_2r.qasm,68f3557999e6,18,random(seed=20260811),8,37,assumed,none,n/a (shot-based),n/a (not QESEM),,,,"N_Qubit predicted by hamiltonian_sources.mol_map's inferred constraint-encoding formula, not a real MOL_MAP run -- exact for all 8 counts real runs have reported, but an estimate here. Stage-1 screening active space CAS(4,4), held fixed across all basis sets; 1 core orbital(s) frozen. PROVISIONAL: how far to restrict this molecule is an open campaign decision. Single TN-VQE reference point (TN_Layers_Network=2, givens, at the circuit's own 2 repetitions); the full sweep is stage 2. givens is the JW image of a single-particle orbital rotation: it entangles, commutes with the number operator, and leaves U^dag H U a two-body fermionic Hamiltonian, so its Pauli-string count saturates with TN_Layers_Network rather than growing. Cebule's basis-state-pair-grouping measurement scheme (TNQCOptInput.measurement_method='grouped'). Expected to need fewer or equal distinct circuits per iteration than 'pauli', but the exact circuit count is an output of a real run, not predictable from the inputs."
147,1_screen,H2O,O 0 0 0; H 0 0.75695 0.58588; H 0 -0.75695 0.58588,0,1,10,def2-tzvp,basis_set_exchange,valence_cas,4,4,mol_map,6,mol_map_inferred,VQE,EfficientSU2_circular,2,ibm_aachen,COBYLA,{},47,4096,2.3.0,,n/a (not TN-VQE),n/a (not TN-VQE),grouped,data/qasm/EfficientSU2_circular_6q_2r.qasm,594746e66253,36,random(seed=20260811),,37,assumed,none,n/a (shot-based),n/a (not QESEM),,,,"N_Qubit predicted by hamiltonian_sources.mol_map's inferred constraint-encoding formula, not a real MOL_MAP run -- exact for all 8 counts real runs have reported, but an estimate here. Stage-1 screening active space CAS(4,4), held fixed across all basis sets; 1 core orbital(s) frozen. PROVISIONAL: how far to restrict this molecule is an open campaign decision. Plain-VQE arm of the EfficientSU2_circular triple; the TN-VQE and classical-only rows on this circuit differ from it in method alone. Cebule's basis-state-pair-grouping measurement scheme (TNQCOptInput.measurement_method='grouped'). Expected to need fewer or equal distinct circuits per iteration than 'pauli', but the exact circuit count is an output of a real run, not predictable from the inputs."
148,1_screen,H2O,O 0 0 0; H 0 0.75695 0.58588; H 0 -0.75695 0.58588,0,1,10,def2-tzvp,basis_set_exchange,valence_cas,4,4,mol_map,6,mol_map_inferred,TN-VQE,EfficientSU2_circular,2,ibm_aachen,COBYLA,{},58,4096,2.3.0,2,givens,both,grouped,data/qasm/EfficientSU2_circular_6q_2r.qasm,594746e66253,36,random(seed=20260811),8,37,assumed,none,n/a (shot-based),n/a (not QESEM),,,,"N_Qubit predicted by hamiltonian_sources.mol_map's inferred constraint-encoding formula, not a real MOL_MAP run -- exact for all 8 counts real runs have reported, but an estimate here. Stage-1 screening active space CAS(4,4), held fixed across all basis sets; 1 core orbital(s) frozen. PROVISIONAL: how far to restrict this molecule is an open campaign decision. Single TN-VQE reference point (TN_Layers_Network=2, givens, at the circuit's own 2 repetitions); the full sweep is stage 2. givens is the JW image of a single-particle orbital rotation: it entangles, commutes with the number operator, and leaves U^dag H U a two-body fermionic Hamiltonian, so its Pauli-string count saturates with TN_Layers_Network rather than growing. Cebule's basis-state-pair-grouping measurement scheme (TNQCOptInput.measurement_method='grouped'). Expected to need fewer or equal distinct circuits per iteration than 'pauli', but the exact circuit count is an output of a real run, not predictable from the inputs."
149,1_screen,H2O,O 0 0 0; H 0 0.75695 0.58588; H 0 -0.75695 0.58588,0,1,10,def2-tzvp,basis_set_exchange,valence_cas,4,4,mol_map,6,mol_map_inferred,TN-VQE,RealAmplitudes,2,ibm_aachen,COBYLA,{},30,n/a (network mode),2.3.0,2,givens,network,n/a (network mode),data/qasm/RealAmplitudes_6q_2r.qasm,68f3557999e6,18,random(seed=20260811),8,n/a (network mode),n/a (network mode),none,n/a (shot-based),n/a (not QESEM),,,,"N_Qubit predicted by hamiltonian_sources.mol_map's inferred constraint-encoding formula, not a real MOL_MAP run -- exact for all 8 counts real runs have reported, but an estimate here. Stage-1 screening active space CAS(4,4), held fixed across all basis sets; 1 core orbital(s) frozen. PROVISIONAL: how far to restrict this molecule is an open campaign decision. ZERO-QPU CONTROL: optimization_mode='network' holds phi at the same Phi_Init the other two arms start from and optimises theta by classical tensor-network contraction, taking no quantum measurements. Costs nothing against any IBM plan budget; this is the floor every 'both' row is measured against. Num_Opt_Params_Phi is the count held FIXED, not optimised. givens is the JW image of a single-particle orbital rotation: it entangles, commutes with the number operator, and leaves U^dag H U a two-body fermionic Hamiltonian, so its Pauli-string count saturates with TN_Layers_Network rather than growing. No quantum measurements taken, so no measurement method applies."
150,1_screen,H2O,O 0 0 0; H 0 0.75695 0.58588; H 0 -0.75695 0.58588,0,1,10,def2-tzvp,basis_set_exchange,valence_cas,4,4,mol_map,6,mol_map_inferred,TN-VQE,EfficientSU2_circular,2,ibm_aachen,COBYLA,{},30,n/a (network mode),2.3.0,2,givens,network,n/a (network mode),data/qasm/EfficientSU2_circular_6q_2r.qasm,594746e66253,36,random(seed=20260811),8,n/a (network mode),n/a (network mode),none,n/a (shot-based),n/a (not QESEM),,,,"N_Qubit predicted by hamiltonian_sources.mol_map's inferred constraint-encoding formula, not a real MOL_MAP run -- exact for all 8 counts real runs have reported, but an estimate here. Stage-1 screening active space CAS(4,4), held fixed across all basis sets; 1 core orbital(s) frozen. PROVISIONAL: how far to restrict this molecule is an open campaign decision. ZERO-QPU CONTROL: optimization_mode='network' holds phi at the same Phi_Init the other two arms start from and optimises theta by classical tensor-network contraction, taking no quantum measurements. Costs nothing against any IBM plan budget; this is the floor every 'both' row is measured against. Num_Opt_Params_Phi is the count held FIXED, not optimised. givens is the JW image of a single-particle orbital rotation: it entangles, commutes with the number operator, and leaves U^dag H U a two-body fermionic Hamiltonian, so its Pauli-string count saturates with TN_Layers_Network rather than growing. No quantum measurements taken, so no measurement method applies."
151,1_screen,H2O,O 0 0 0; H 0 0.75695 0.58588; H 0 -0.75695 0.58588,0,1,10,qvSZP,grimme_qvszp,valence_cas,4,4,JW,8,jw_exact,VQE,RealAmplitudes,2,ibm_aachen,COBYLA,{},32,4096,2.3.0,,n/a (not TN-VQE),n/a (not TN-VQE),pauli,data/qasm/RealAmplitudes_8q_2r.qasm,746c96139c6c,24,random(seed=20260811),,29,qwc_grouping,none,n/a (shot-based),n/a (not QESEM),,,,"N_Qubit = 2 x active orbitals (exact). Stage-1 screening active space CAS(4,4), held fixed across all basis sets; 1 core orbital(s) frozen. PROVISIONAL: how far to restrict this molecule is an open campaign decision. Plain-VQE arm of the RealAmplitudes triple; the TN-VQE and classical-only rows on this circuit differ from it in method alone. Standard per-Pauli-string measurement (baseline)."
152,1_screen,H2O,O 0 0 0; H 0 0.75695 0.58588; H 0 -0.75695 0.58588,0,1,10,qvSZP,grimme_qvszp,valence_cas,4,4,JW,8,jw_exact,TN-VQE,RealAmplitudes,2,ibm_aachen,COBYLA,{},55,4096,2.3.0,2,givens,both,pauli,data/qasm/RealAmplitudes_8q_2r.qasm,746c96139c6c,24,random(seed=20260811),18,29,qwc_grouping,none,n/a (shot-based),n/a (not QESEM),,,,"N_Qubit = 2 x active orbitals (exact). Stage-1 screening active space CAS(4,4), held fixed across all basis sets; 1 core orbital(s) frozen. PROVISIONAL: how far to restrict this molecule is an open campaign decision. Single TN-VQE reference point (TN_Layers_Network=2, givens, at the circuit's own 2 repetitions); the full sweep is stage 2. givens is the JW image of a single-particle orbital rotation: it entangles, commutes with the number operator, and leaves U^dag H U a two-body fermionic Hamiltonian, so its Pauli-string count saturates with TN_Layers_Network rather than growing. Standard per-Pauli-string measurement (baseline)."
153,1_screen,H2O,O 0 0 0; H 0 0.75695 0.58588; H 0 -0.75695 0.58588,0,1,10,qvSZP,grimme_qvszp,valence_cas,4,4,JW,8,jw_exact,VQE,EfficientSU2_circular,2,ibm_aachen,COBYLA,{},63,4096,2.3.0,,n/a (not TN-VQE),n/a (not TN-VQE),pauli,data/qasm/EfficientSU2_circular_8q_2r.qasm,08a1af8edb04,48,random(seed=20260811),,29,qwc_grouping,none,n/a (shot-based),n/a (not QESEM),,,,"N_Qubit = 2 x active orbitals (exact). Stage-1 screening active space CAS(4,4), held fixed across all basis sets; 1 core orbital(s) frozen. PROVISIONAL: how far to restrict this molecule is an open campaign decision. Plain-VQE arm of the EfficientSU2_circular triple; the TN-VQE and classical-only rows on this circuit differ from it in method alone. Standard per-Pauli-string measurement (baseline)."
154,1_screen,H2O,O 0 0 0; H 0 0.75695 0.58588; H 0 -0.75695 0.58588,0,1,10,qvSZP,grimme_qvszp,valence_cas,4,4,JW,8,jw_exact,TN-VQE,EfficientSU2_circular,2,ibm_aachen,COBYLA,{},86,4096,2.3.0,2,givens,both,pauli,data/qasm/EfficientSU2_circular_8q_2r.qasm,08a1af8edb04,48,random(seed=20260811),18,29,qwc_grouping,none,n/a (shot-based),n/a (not QESEM),,,,"N_Qubit = 2 x active orbitals (exact). Stage-1 screening active space CAS(4,4), held fixed across all basis sets; 1 core orbital(s) frozen. PROVISIONAL: how far to restrict this molecule is an open campaign decision. Single TN-VQE reference point (TN_Layers_Network=2, givens, at the circuit's own 2 repetitions); the full sweep is stage 2. givens is the JW image of a single-particle orbital rotation: it entangles, commutes with the number operator, and leaves U^dag H U a two-body fermionic Hamiltonian, so its Pauli-string count saturates with TN_Layers_Network rather than growing. Standard per-Pauli-string measurement (baseline)."
155,1_screen,H2O,O 0 0 0; H 0 0.75695 0.58588; H 0 -0.75695 0.58588,0,1,10,qvSZP,grimme_qvszp,valence_cas,4,4,JW,8,jw_exact,VQE,RealAmplitudes,2,ibm_aachen,COBYLA,{},32,4096,2.3.0,,n/a (not TN-VQE),n/a (not TN-VQE),grouped,data/qasm/RealAmplitudes_8q_2r.qasm,746c96139c6c,24,random(seed=20260811),,29,qwc_grouping,none,n/a (shot-based),n/a (not QESEM),,,,"N_Qubit = 2 x active orbitals (exact). Stage-1 screening active space CAS(4,4), held fixed across all basis sets; 1 core orbital(s) frozen. PROVISIONAL: how far to restrict this molecule is an open campaign decision. Plain-VQE arm of the RealAmplitudes triple; the TN-VQE and classical-only rows on this circuit differ from it in method alone. Cebule's basis-state-pair-grouping measurement scheme (TNQCOptInput.measurement_method='grouped'). Expected to need fewer or equal distinct circuits per iteration than 'pauli', but the exact circuit count is an output of a real run, not predictable from the inputs."
156,1_screen,H2O,O 0 0 0; H 0 0.75695 0.58588; H 0 -0.75695 0.58588,0,1,10,qvSZP,grimme_qvszp,valence_cas,4,4,JW,8,jw_exact,TN-VQE,RealAmplitudes,2,ibm_aachen,COBYLA,{},55,4096,2.3.0,2,givens,both,grouped,data/qasm/RealAmplitudes_8q_2r.qasm,746c96139c6c,24,random(seed=20260811),18,29,qwc_grouping,none,n/a (shot-based),n/a (not QESEM),,,,"N_Qubit = 2 x active orbitals (exact). Stage-1 screening active space CAS(4,4), held fixed across all basis sets; 1 core orbital(s) frozen. PROVISIONAL: how far to restrict this molecule is an open campaign decision. Single TN-VQE reference point (TN_Layers_Network=2, givens, at the circuit's own 2 repetitions); the full sweep is stage 2. givens is the JW image of a single-particle orbital rotation: it entangles, commutes with the number operator, and leaves U^dag H U a two-body fermionic Hamiltonian, so its Pauli-string count saturates with TN_Layers_Network rather than growing. Cebule's basis-state-pair-grouping measurement scheme (TNQCOptInput.measurement_method='grouped'). Expected to need fewer or equal distinct circuits per iteration than 'pauli', but the exact circuit count is an output of a real run, not predictable from the inputs."
157,1_screen,H2O,O 0 0 0; H 0 0.75695 0.58588; H 0 -0.75695 0.58588,0,1,10,qvSZP,grimme_qvszp,valence_cas,4,4,JW,8,jw_exact,VQE,EfficientSU2_circular,2,ibm_aachen,COBYLA,{},63,4096,2.3.0,,n/a (not TN-VQE),n/a (not TN-VQE),grouped,data/qasm/EfficientSU2_circular_8q_2r.qasm,08a1af8edb04,48,random(seed=20260811),,29,qwc_grouping,none,n/a (shot-based),n/a (not QESEM),,,,"N_Qubit = 2 x active orbitals (exact). Stage-1 screening active space CAS(4,4), held fixed across all basis sets; 1 core orbital(s) frozen. PROVISIONAL: how far to restrict this molecule is an open campaign decision. Plain-VQE arm of the EfficientSU2_circular triple; the TN-VQE and classical-only rows on this circuit differ from it in method alone. Cebule's basis-state-pair-grouping measurement scheme (TNQCOptInput.measurement_method='grouped'). Expected to need fewer or equal distinct circuits per iteration than 'pauli', but the exact circuit count is an output of a real run, not predictable from the inputs."
158,1_screen,H2O,O 0 0 0; H 0 0.75695 0.58588; H 0 -0.75695 0.58588,0,1,10,qvSZP,grimme_qvszp,valence_cas,4,4,JW,8,jw_exact,TN-VQE,EfficientSU2_circular,2,ibm_aachen,COBYLA,{},86,4096,2.3.0,2,givens,both,grouped,data/qasm/EfficientSU2_circular_8q_2r.qasm,08a1af8edb04,48,random(seed=20260811),18,29,qwc_grouping,none,n/a (shot-based),n/a (not QESEM),,,,"N_Qubit = 2 x active orbitals (exact). Stage-1 screening active space CAS(4,4), held fixed across all basis sets; 1 core orbital(s) frozen. PROVISIONAL: how far to restrict this molecule is an open campaign decision. Single TN-VQE reference point (TN_Layers_Network=2, givens, at the circuit's own 2 repetitions); the full sweep is stage 2. givens is the JW image of a single-particle orbital rotation: it entangles, commutes with the number operator, and leaves U^dag H U a two-body fermionic Hamiltonian, so its Pauli-string count saturates with TN_Layers_Network rather than growing. Cebule's basis-state-pair-grouping measurement scheme (TNQCOptInput.measurement_method='grouped'). Expected to need fewer or equal distinct circuits per iteration than 'pauli', but the exact circuit count is an output of a real run, not predictable from the inputs."
159,1_screen,H2O,O 0 0 0; H 0 0.75695 0.58588; H 0 -0.75695 0.58588,0,1,10,qvSZP,grimme_qvszp,valence_cas,4,4,JW,8,jw_exact,TN-VQE,RealAmplitudes,2,ibm_aachen,COBYLA,{},30,n/a (network mode),2.3.0,2,givens,network,n/a (network mode),data/qasm/RealAmplitudes_8q_2r.qasm,746c96139c6c,24,random(seed=20260811),18,n/a (network mode),n/a (network mode),none,n/a (shot-based),n/a (not QESEM),,,,"N_Qubit = 2 x active orbitals (exact). Stage-1 screening active space CAS(4,4), held fixed across all basis sets; 1 core orbital(s) frozen. PROVISIONAL: how far to restrict this molecule is an open campaign decision. ZERO-QPU CONTROL: optimization_mode='network' holds phi at the same Phi_Init the other two arms start from and optimises theta by classical tensor-network contraction, taking no quantum measurements. Costs nothing against any IBM plan budget; this is the floor every 'both' row is measured against. Num_Opt_Params_Phi is the count held FIXED, not optimised. givens is the JW image of a single-particle orbital rotation: it entangles, commutes with the number operator, and leaves U^dag H U a two-body fermionic Hamiltonian, so its Pauli-string count saturates with TN_Layers_Network rather than growing. No quantum measurements taken, so no measurement method applies."
160,1_screen,H2O,O 0 0 0; H 0 0.75695 0.58588; H 0 -0.75695 0.58588,0,1,10,qvSZP,grimme_qvszp,valence_cas,4,4,JW,8,jw_exact,TN-VQE,EfficientSU2_circular,2,ibm_aachen,COBYLA,{},30,n/a (network mode),2.3.0,2,givens,network,n/a (network mode),data/qasm/EfficientSU2_circular_8q_2r.qasm,08a1af8edb04,48,random(seed=20260811),18,n/a (network mode),n/a (network mode),none,n/a (shot-based),n/a (not QESEM),,,,"N_Qubit = 2 x active orbitals (exact). Stage-1 screening active space CAS(4,4), held fixed across all basis sets; 1 core orbital(s) frozen. PROVISIONAL: how far to restrict this molecule is an open campaign decision. ZERO-QPU CONTROL: optimization_mode='network' holds phi at the same Phi_Init the other two arms start from and optimises theta by classical tensor-network contraction, taking no quantum measurements. Costs nothing against any IBM plan budget; this is the floor every 'both' row is measured against. Num_Opt_Params_Phi is the count held FIXED, not optimised. givens is the JW image of a single-particle orbital rotation: it entangles, commutes with the number operator, and leaves U^dag H U a two-body fermionic Hamiltonian, so its Pauli-string count saturates with TN_Layers_Network rather than growing. No quantum measurements taken, so no measurement method applies."
161,1_screen,H2O,O 0 0 0; H 0 0.75695 0.58588; H 0 -0.75695 0.58588,0,1,10,qvSZP,grimme_qvszp,valence_cas,4,4,mol_map,6,mol_map_inferred,VQE,RealAmplitudes,2,ibm_aachen,COBYLA,{},30,4096,2.3.0,,n/a (not TN-VQE),n/a (not TN-VQE),grouped,data/qasm/RealAmplitudes_6q_2r.qasm,68f3557999e6,18,random(seed=20260811),,37,assumed,none,n/a (shot-based),n/a (not QESEM),,,,"N_Qubit predicted by hamiltonian_sources.mol_map's inferred constraint-encoding formula, not a real MOL_MAP run -- exact for all 8 counts real runs have reported, but an estimate here. Stage-1 screening active space CAS(4,4), held fixed across all basis sets; 1 core orbital(s) frozen. PROVISIONAL: how far to restrict this molecule is an open campaign decision. Plain-VQE arm of the RealAmplitudes triple; the TN-VQE and classical-only rows on this circuit differ from it in method alone. Cebule's basis-state-pair-grouping measurement scheme (TNQCOptInput.measurement_method='grouped'). Expected to need fewer or equal distinct circuits per iteration than 'pauli', but the exact circuit count is an output of a real run, not predictable from the inputs."
162,1_screen,H2O,O 0 0 0; H 0 0.75695 0.58588; H 0 -0.75695 0.58588,0,1,10,qvSZP,grimme_qvszp,valence_cas,4,4,mol_map,6,mol_map_inferred,TN-VQE,RealAmplitudes,2,ibm_aachen,COBYLA,{},34,4096,2.3.0,2,givens,both,grouped,data/qasm/RealAmplitudes_6q_2r.qasm,68f3557999e6,18,random(seed=20260811),8,37,assumed,none,n/a (shot-based),n/a (not QESEM),,,,"N_Qubit predicted by hamiltonian_sources.mol_map's inferred constraint-encoding formula, not a real MOL_MAP run -- exact for all 8 counts real runs have reported, but an estimate here. Stage-1 screening active space CAS(4,4), held fixed across all basis sets; 1 core orbital(s) frozen. PROVISIONAL: how far to restrict this molecule is an open campaign decision. Single TN-VQE reference point (TN_Layers_Network=2, givens, at the circuit's own 2 repetitions); the full sweep is stage 2. givens is the JW image of a single-particle orbital rotation: it entangles, commutes with the number operator, and leaves U^dag H U a two-body fermionic Hamiltonian, so its Pauli-string count saturates with TN_Layers_Network rather than growing. Cebule's basis-state-pair-grouping measurement scheme (TNQCOptInput.measurement_method='grouped'). Expected to need fewer or equal distinct circuits per iteration than 'pauli', but the exact circuit count is an output of a real run, not predictable from the inputs."
163,1_screen,H2O,O 0 0 0; H 0 0.75695 0.58588; H 0 -0.75695 0.58588,0,1,10,qvSZP,grimme_qvszp,valence_cas,4,4,mol_map,6,mol_map_inferred,VQE,EfficientSU2_circular,2,ibm_aachen,COBYLA,{},47,4096,2.3.0,,n/a (not TN-VQE),n/a (not TN-VQE),grouped,data/qasm/EfficientSU2_circular_6q_2r.qasm,594746e66253,36,random(seed=20260811),,37,assumed,none,n/a (shot-based),n/a (not QESEM),,,,"N_Qubit predicted by hamiltonian_sources.mol_map's inferred constraint-encoding formula, not a real MOL_MAP run -- exact for all 8 counts real runs have reported, but an estimate here. Stage-1 screening active space CAS(4,4), held fixed across all basis sets; 1 core orbital(s) frozen. PROVISIONAL: how far to restrict this molecule is an open campaign decision. Plain-VQE arm of the EfficientSU2_circular triple; the TN-VQE and classical-only rows on this circuit differ from it in method alone. Cebule's basis-state-pair-grouping measurement scheme (TNQCOptInput.measurement_method='grouped'). Expected to need fewer or equal distinct circuits per iteration than 'pauli', but the exact circuit count is an output of a real run, not predictable from the inputs."
164,1_screen,H2O,O 0 0 0; H 0 0.75695 0.58588; H 0 -0.75695 0.58588,0,1,10,qvSZP,grimme_qvszp,valence_cas,4,4,mol_map,6,mol_map_inferred,TN-VQE,EfficientSU2_circular,2,ibm_aachen,COBYLA,{},58,4096,2.3.0,2,givens,both,grouped,data/qasm/EfficientSU2_circular_6q_2r.qasm,594746e66253,36,random(seed=20260811),8,37,assumed,none,n/a (shot-based),n/a (not QESEM),,,,"N_Qubit predicted by hamiltonian_sources.mol_map's inferred constraint-encoding formula, not a real MOL_MAP run -- exact for all 8 counts real runs have reported, but an estimate here. Stage-1 screening active space CAS(4,4), held fixed across all basis sets; 1 core orbital(s) frozen. PROVISIONAL: how far to restrict this molecule is an open campaign decision. Single TN-VQE reference point (TN_Layers_Network=2, givens, at the circuit's own 2 repetitions); the full sweep is stage 2. givens is the JW image of a single-particle orbital rotation: it entangles, commutes with the number operator, and leaves U^dag H U a two-body fermionic Hamiltonian, so its Pauli-string count saturates with TN_Layers_Network rather than growing. Cebule's basis-state-pair-grouping measurement scheme (TNQCOptInput.measurement_method='grouped'). Expected to need fewer or equal distinct circuits per iteration than 'pauli', but the exact circuit count is an output of a real run, not predictable from the inputs."
165,1_screen,H2O,O 0 0 0; H 0 0.75695 0.58588; H 0 -0.75695 0.58588,0,1,10,qvSZP,grimme_qvszp,valence_cas,4,4,mol_map,6,mol_map_inferred,TN-VQE,RealAmplitudes,2,ibm_aachen,COBYLA,{},30,n/a (network mode),2.3.0,2,givens,network,n/a (network mode),data/qasm/RealAmplitudes_6q_2r.qasm,68f3557999e6,18,random(seed=20260811),8,n/a (network mode),n/a (network mode),none,n/a (shot-based),n/a (not QESEM),,,,"N_Qubit predicted by hamiltonian_sources.mol_map's inferred constraint-encoding formula, not a real MOL_MAP run -- exact for all 8 counts real runs have reported, but an estimate here. Stage-1 screening active space CAS(4,4), held fixed across all basis sets; 1 core orbital(s) frozen. PROVISIONAL: how far to restrict this molecule is an open campaign decision. ZERO-QPU CONTROL: optimization_mode='network' holds phi at the same Phi_Init the other two arms start from and optimises theta by classical tensor-network contraction, taking no quantum measurements. Costs nothing against any IBM plan budget; this is the floor every 'both' row is measured against. Num_Opt_Params_Phi is the count held FIXED, not optimised. givens is the JW image of a single-particle orbital rotation: it entangles, commutes with the number operator, and leaves U^dag H U a two-body fermionic Hamiltonian, so its Pauli-string count saturates with TN_Layers_Network rather than growing. No quantum measurements taken, so no measurement method applies."
166,1_screen,H2O,O 0 0 0; H 0 0.75695 0.58588; H 0 -0.75695 0.58588,0,1,10,qvSZP,grimme_qvszp,valence_cas,4,4,mol_map,6,mol_map_inferred,TN-VQE,EfficientSU2_circular,2,ibm_aachen,COBYLA,{},30,n/a (network mode),2.3.0,2,givens,network,n/a (network mode),data/qasm/EfficientSU2_circular_6q_2r.qasm,594746e66253,36,random(seed=20260811),8,n/a (network mode),n/a (network mode),none,n/a (shot-based),n/a (not QESEM),,,,"N_Qubit predicted by hamiltonian_sources.mol_map's inferred constraint-encoding formula, not a real MOL_MAP run -- exact for all 8 counts real runs have reported, but an estimate here. Stage-1 screening active space CAS(4,4), held fixed across all basis sets; 1 core orbital(s) frozen. PROVISIONAL: how far to restrict this molecule is an open campaign decision. ZERO-QPU CONTROL: optimization_mode='network' holds phi at the same Phi_Init the other two arms start from and optimises theta by classical tensor-network contraction, taking no quantum measurements. Costs nothing against any IBM plan budget; this is the floor every 'both' row is measured against. Num_Opt_Params_Phi is the count held FIXED, not optimised. givens is the JW image of a single-particle orbital rotation: it entangles, commutes with the number operator, and leaves U^dag H U a two-body fermionic Hamiltonian, so its Pauli-string count saturates with TN_Layers_Network rather than growing. No quantum measurements taken, so no measurement method applies."
