Case_ID,Molecule,Charge,Multiplicity,Num_Electrons,Basis,Basis_Source,Mapper,N_Qubit,N_Qubit_Verified,Ansatz,Optimizer,Qiskit_Opt_Level,Shots,TN_Layers_Network,TN_Layers_Circuit,Rotation_Type,Measurement_Method,Num_Opt_Params_Phi,Num_Opt_Params_Theta,Num_ExpVals_Per_Iter,Notes,Est_QPU_Time_S_At_30_Iter,Est_QPU_Time_Cumulative_S
381,H2,0,1,2,cc-pvdz,basis_set_exchange,tn_qc_opt+mol_map,7,n/a,TN_QC_OPT (Cebule),COBYLA,,,1,3,full,pauli,63,,,N_Qubit inherited from mol_map (see mol_map row) -- not independently re-verified. Standard per-Pauli-string measurement (baseline).,91.772,91.772
382,H2,0,1,2,cc-pvdz,basis_set_exchange,tn_qc_opt+mol_map,7,n/a,TN_QC_OPT (Cebule),COBYLA,,,1,3,full,qasm_gen_grouped,63,,,"N_Qubit inherited from mol_map (see mol_map row) -- not independently re-verified. Cebule QASM_GEN basis-state-pair-grouping measurement scheme. Expected to require fewer or equal distinct circuits per iteration than plain 'pauli' measurement (that's QASM_GEN's whole purpose), but the exact circuit count is an output of a real QASM_GEN/TN_QC_OPT run, not predictable in advance -- see docs.mqs.dk QASM_GEN section.",91.772,183.544
383,H2,0,1,2,cc-pvdz,basis_set_exchange,tn_qc_opt+mol_map,7,n/a,TN_QC_OPT (Cebule),COBYLA,,,1,3,phase,pauli,63,,,N_Qubit inherited from mol_map (see mol_map row) -- not independently re-verified. Standard per-Pauli-string measurement (baseline).,91.772,275.316
384,H2,0,1,2,cc-pvdz,basis_set_exchange,tn_qc_opt+mol_map,7,n/a,TN_QC_OPT (Cebule),COBYLA,,,1,3,phase,qasm_gen_grouped,63,,,"N_Qubit inherited from mol_map (see mol_map row) -- not independently re-verified. Cebule QASM_GEN basis-state-pair-grouping measurement scheme. Expected to require fewer or equal distinct circuits per iteration than plain 'pauli' measurement (that's QASM_GEN's whole purpose), but the exact circuit count is an output of a real QASM_GEN/TN_QC_OPT run, not predictable in advance -- see docs.mqs.dk QASM_GEN section.",91.772,367.087
397,H2,0,1,2,cc-pvdz,basis_set_exchange,tn_qc_opt+mol_map,7,n/a,TN_QC_OPT (Cebule),COBYLA,,,2,3,full,pauli,63,,,N_Qubit inherited from mol_map (see mol_map row) -- not independently re-verified. Standard per-Pauli-string measurement (baseline).,91.772,458.859
398,H2,0,1,2,cc-pvdz,basis_set_exchange,tn_qc_opt+mol_map,7,n/a,TN_QC_OPT (Cebule),COBYLA,,,2,3,full,qasm_gen_grouped,63,,,"N_Qubit inherited from mol_map (see mol_map row) -- not independently re-verified. Cebule QASM_GEN basis-state-pair-grouping measurement scheme. Expected to require fewer or equal distinct circuits per iteration than plain 'pauli' measurement (that's QASM_GEN's whole purpose), but the exact circuit count is an output of a real QASM_GEN/TN_QC_OPT run, not predictable in advance -- see docs.mqs.dk QASM_GEN section.",91.772,550.631
399,H2,0,1,2,cc-pvdz,basis_set_exchange,tn_qc_opt+mol_map,7,n/a,TN_QC_OPT (Cebule),COBYLA,,,2,3,phase,pauli,63,,,N_Qubit inherited from mol_map (see mol_map row) -- not independently re-verified. Standard per-Pauli-string measurement (baseline).,91.772,642.403
400,H2,0,1,2,cc-pvdz,basis_set_exchange,tn_qc_opt+mol_map,7,n/a,TN_QC_OPT (Cebule),COBYLA,,,2,3,phase,qasm_gen_grouped,63,,,"N_Qubit inherited from mol_map (see mol_map row) -- not independently re-verified. Cebule QASM_GEN basis-state-pair-grouping measurement scheme. Expected to require fewer or equal distinct circuits per iteration than plain 'pauli' measurement (that's QASM_GEN's whole purpose), but the exact circuit count is an output of a real QASM_GEN/TN_QC_OPT run, not predictable in advance -- see docs.mqs.dk QASM_GEN section.",91.772,734.175
413,H2,0,1,2,cc-pvdz,basis_set_exchange,tn_qc_opt+mol_map,7,n/a,TN_QC_OPT (Cebule),COBYLA,,,3,3,full,pauli,63,,,N_Qubit inherited from mol_map (see mol_map row) -- not independently re-verified. Standard per-Pauli-string measurement (baseline).,91.772,825.947
414,H2,0,1,2,cc-pvdz,basis_set_exchange,tn_qc_opt+mol_map,7,n/a,TN_QC_OPT (Cebule),COBYLA,,,3,3,full,qasm_gen_grouped,63,,,"N_Qubit inherited from mol_map (see mol_map row) -- not independently re-verified. Cebule QASM_GEN basis-state-pair-grouping measurement scheme. Expected to require fewer or equal distinct circuits per iteration than plain 'pauli' measurement (that's QASM_GEN's whole purpose), but the exact circuit count is an output of a real QASM_GEN/TN_QC_OPT run, not predictable in advance -- see docs.mqs.dk QASM_GEN section.",91.772,917.719
415,H2,0,1,2,cc-pvdz,basis_set_exchange,tn_qc_opt+mol_map,7,n/a,TN_QC_OPT (Cebule),COBYLA,,,3,3,phase,pauli,63,,,N_Qubit inherited from mol_map (see mol_map row) -- not independently re-verified. Standard per-Pauli-string measurement (baseline).,91.772,1009.490
416,H2,0,1,2,cc-pvdz,basis_set_exchange,tn_qc_opt+mol_map,7,n/a,TN_QC_OPT (Cebule),COBYLA,,,3,3,phase,qasm_gen_grouped,63,,,"N_Qubit inherited from mol_map (see mol_map row) -- not independently re-verified. Cebule QASM_GEN basis-state-pair-grouping measurement scheme. Expected to require fewer or equal distinct circuits per iteration than plain 'pauli' measurement (that's QASM_GEN's whole purpose), but the exact circuit count is an output of a real QASM_GEN/TN_QC_OPT run, not predictable in advance -- see docs.mqs.dk QASM_GEN section.",91.772,1101.262
1711,H2O,0,1,10,sto-3g,basis_set_exchange,tn_qc_opt+mol_map,9,n/a,TN_QC_OPT (Cebule),COBYLA,,,0,2,n/a (no TN layers),pauli,54,,,N_Qubit inherited from mol_map (see mol_map row) -- not independently re-verified. TN_Layers_Network=0 is the paper's 'circuit only' baseline -- equivalent to plain VQE with this Hamiltonian encoding and no TN preprocessing. Standard per-Pauli-string measurement (baseline).,91.772,1193.034
1712,H2O,0,1,10,sto-3g,basis_set_exchange,tn_qc_opt+mol_map,9,n/a,TN_QC_OPT (Cebule),COBYLA,,,0,2,n/a (no TN layers),qasm_gen_grouped,54,,,"N_Qubit inherited from mol_map (see mol_map row) -- not independently re-verified. TN_Layers_Network=0 is the paper's 'circuit only' baseline -- equivalent to plain VQE with this Hamiltonian encoding and no TN preprocessing. Cebule QASM_GEN basis-state-pair-grouping measurement scheme. Expected to require fewer or equal distinct circuits per iteration than plain 'pauli' measurement (that's QASM_GEN's whole purpose), but the exact circuit count is an output of a real QASM_GEN/TN_QC_OPT run, not predictable in advance -- see docs.mqs.dk QASM_GEN section.",91.772,1284.806
1721,H2O,0,1,10,sto-3g,basis_set_exchange,tn_qc_opt+mol_map,9,n/a,TN_QC_OPT (Cebule),COBYLA,,,1,2,full,pauli,54,,,N_Qubit inherited from mol_map (see mol_map row) -- not independently re-verified. Standard per-Pauli-string measurement (baseline).,91.772,1376.578
1722,H2O,0,1,10,sto-3g,basis_set_exchange,tn_qc_opt+mol_map,9,n/a,TN_QC_OPT (Cebule),COBYLA,,,1,2,full,qasm_gen_grouped,54,,,"N_Qubit inherited from mol_map (see mol_map row) -- not independently re-verified. Cebule QASM_GEN basis-state-pair-grouping measurement scheme. Expected to require fewer or equal distinct circuits per iteration than plain 'pauli' measurement (that's QASM_GEN's whole purpose), but the exact circuit count is an output of a real QASM_GEN/TN_QC_OPT run, not predictable in advance -- see docs.mqs.dk QASM_GEN section.",91.772,1468.350
1723,H2O,0,1,10,sto-3g,basis_set_exchange,tn_qc_opt+mol_map,9,n/a,TN_QC_OPT (Cebule),COBYLA,,,1,2,phase,pauli,54,,,N_Qubit inherited from mol_map (see mol_map row) -- not independently re-verified. Standard per-Pauli-string measurement (baseline).,91.772,1560.121
1724,H2O,0,1,10,sto-3g,basis_set_exchange,tn_qc_opt+mol_map,9,n/a,TN_QC_OPT (Cebule),COBYLA,,,1,2,phase,qasm_gen_grouped,54,,,"N_Qubit inherited from mol_map (see mol_map row) -- not independently re-verified. Cebule QASM_GEN basis-state-pair-grouping measurement scheme. Expected to require fewer or equal distinct circuits per iteration than plain 'pauli' measurement (that's QASM_GEN's whole purpose), but the exact circuit count is an output of a real QASM_GEN/TN_QC_OPT run, not predictable in advance -- see docs.mqs.dk QASM_GEN section.",91.772,1651.893
1737,H2O,0,1,10,sto-3g,basis_set_exchange,tn_qc_opt+mol_map,9,n/a,TN_QC_OPT (Cebule),COBYLA,,,2,2,full,pauli,54,,,N_Qubit inherited from mol_map (see mol_map row) -- not independently re-verified. Standard per-Pauli-string measurement (baseline).,91.772,1743.665
1738,H2O,0,1,10,sto-3g,basis_set_exchange,tn_qc_opt+mol_map,9,n/a,TN_QC_OPT (Cebule),COBYLA,,,2,2,full,qasm_gen_grouped,54,,,"N_Qubit inherited from mol_map (see mol_map row) -- not independently re-verified. Cebule QASM_GEN basis-state-pair-grouping measurement scheme. Expected to require fewer or equal distinct circuits per iteration than plain 'pauli' measurement (that's QASM_GEN's whole purpose), but the exact circuit count is an output of a real QASM_GEN/TN_QC_OPT run, not predictable in advance -- see docs.mqs.dk QASM_GEN section.",91.772,1835.437
1739,H2O,0,1,10,sto-3g,basis_set_exchange,tn_qc_opt+mol_map,9,n/a,TN_QC_OPT (Cebule),COBYLA,,,2,2,phase,pauli,54,,,N_Qubit inherited from mol_map (see mol_map row) -- not independently re-verified. Standard per-Pauli-string measurement (baseline).,91.772,1927.209
1740,H2O,0,1,10,sto-3g,basis_set_exchange,tn_qc_opt+mol_map,9,n/a,TN_QC_OPT (Cebule),COBYLA,,,2,2,phase,qasm_gen_grouped,54,,,"N_Qubit inherited from mol_map (see mol_map row) -- not independently re-verified. Cebule QASM_GEN basis-state-pair-grouping measurement scheme. Expected to require fewer or equal distinct circuits per iteration than plain 'pauli' measurement (that's QASM_GEN's whole purpose), but the exact circuit count is an output of a real QASM_GEN/TN_QC_OPT run, not predictable in advance -- see docs.mqs.dk QASM_GEN section.",91.772,2018.981
1753,H2O,0,1,10,sto-3g,basis_set_exchange,tn_qc_opt+mol_map,9,n/a,TN_QC_OPT (Cebule),COBYLA,,,3,2,full,pauli,54,,,N_Qubit inherited from mol_map (see mol_map row) -- not independently re-verified. Standard per-Pauli-string measurement (baseline).,91.772,2110.753
1754,H2O,0,1,10,sto-3g,basis_set_exchange,tn_qc_opt+mol_map,9,n/a,TN_QC_OPT (Cebule),COBYLA,,,3,2,full,qasm_gen_grouped,54,,,"N_Qubit inherited from mol_map (see mol_map row) -- not independently re-verified. Cebule QASM_GEN basis-state-pair-grouping measurement scheme. Expected to require fewer or equal distinct circuits per iteration than plain 'pauli' measurement (that's QASM_GEN's whole purpose), but the exact circuit count is an output of a real QASM_GEN/TN_QC_OPT run, not predictable in advance -- see docs.mqs.dk QASM_GEN section.",91.772,2202.524
1755,H2O,0,1,10,sto-3g,basis_set_exchange,tn_qc_opt+mol_map,9,n/a,TN_QC_OPT (Cebule),COBYLA,,,3,2,phase,pauli,54,,,N_Qubit inherited from mol_map (see mol_map row) -- not independently re-verified. Standard per-Pauli-string measurement (baseline).,91.772,2294.296
1756,H2O,0,1,10,sto-3g,basis_set_exchange,tn_qc_opt+mol_map,9,n/a,TN_QC_OPT (Cebule),COBYLA,,,3,2,phase,qasm_gen_grouped,54,,,"N_Qubit inherited from mol_map (see mol_map row) -- not independently re-verified. Cebule QASM_GEN basis-state-pair-grouping measurement scheme. Expected to require fewer or equal distinct circuits per iteration than plain 'pauli' measurement (that's QASM_GEN's whole purpose), but the exact circuit count is an output of a real QASM_GEN/TN_QC_OPT run, not predictable in advance -- see docs.mqs.dk QASM_GEN section.",91.772,2386.068
201,H2,0,1,2,6-31g,basis_set_exchange,tn_qc_opt,8,yes,TN_QC_OPT (Cebule),COBYLA,,,0,3,n/a (no TN layers),pauli,72,,,"N_Qubit inherited from the JW-mapped Hamiltonian (verified, see JW row). TN_Layers_Network=0 is the paper's 'circuit only' baseline -- equivalent to plain VQE with this Hamiltonian encoding and no TN preprocessing. Standard per-Pauli-string measurement (baseline).",91.860,2477.928
202,H2,0,1,2,6-31g,basis_set_exchange,tn_qc_opt,8,yes,TN_QC_OPT (Cebule),COBYLA,,,0,3,n/a (no TN layers),qasm_gen_grouped,72,,,"N_Qubit inherited from the JW-mapped Hamiltonian (verified, see JW row). TN_Layers_Network=0 is the paper's 'circuit only' baseline -- equivalent to plain VQE with this Hamiltonian encoding and no TN preprocessing. Cebule QASM_GEN basis-state-pair-grouping measurement scheme. Expected to require fewer or equal distinct circuits per iteration than plain 'pauli' measurement (that's QASM_GEN's whole purpose), but the exact circuit count is an output of a real QASM_GEN/TN_QC_OPT run, not predictable in advance -- see docs.mqs.dk QASM_GEN section.",91.860,2569.789
213,H2,0,1,2,6-31g,basis_set_exchange,tn_qc_opt,8,yes,TN_QC_OPT (Cebule),COBYLA,,,1,3,full,pauli,72,,,"N_Qubit inherited from the JW-mapped Hamiltonian (verified, see JW row). Standard per-Pauli-string measurement (baseline).",91.860,2661.649
214,H2,0,1,2,6-31g,basis_set_exchange,tn_qc_opt,8,yes,TN_QC_OPT (Cebule),COBYLA,,,1,3,full,qasm_gen_grouped,72,,,"N_Qubit inherited from the JW-mapped Hamiltonian (verified, see JW row). Cebule QASM_GEN basis-state-pair-grouping measurement scheme. Expected to require fewer or equal distinct circuits per iteration than plain 'pauli' measurement (that's QASM_GEN's whole purpose), but the exact circuit count is an output of a real QASM_GEN/TN_QC_OPT run, not predictable in advance -- see docs.mqs.dk QASM_GEN section.",91.860,2753.509
215,H2,0,1,2,6-31g,basis_set_exchange,tn_qc_opt,8,yes,TN_QC_OPT (Cebule),COBYLA,,,1,3,phase,pauli,72,,,"N_Qubit inherited from the JW-mapped Hamiltonian (verified, see JW row). Standard per-Pauli-string measurement (baseline).",91.860,2845.370
216,H2,0,1,2,6-31g,basis_set_exchange,tn_qc_opt,8,yes,TN_QC_OPT (Cebule),COBYLA,,,1,3,phase,qasm_gen_grouped,72,,,"N_Qubit inherited from the JW-mapped Hamiltonian (verified, see JW row). Cebule QASM_GEN basis-state-pair-grouping measurement scheme. Expected to require fewer or equal distinct circuits per iteration than plain 'pauli' measurement (that's QASM_GEN's whole purpose), but the exact circuit count is an output of a real QASM_GEN/TN_QC_OPT run, not predictable in advance -- see docs.mqs.dk QASM_GEN section.",91.860,2937.230
229,H2,0,1,2,6-31g,basis_set_exchange,tn_qc_opt,8,yes,TN_QC_OPT (Cebule),COBYLA,,,2,3,full,pauli,72,,,"N_Qubit inherited from the JW-mapped Hamiltonian (verified, see JW row). Standard per-Pauli-string measurement (baseline).",91.860,3029.090
230,H2,0,1,2,6-31g,basis_set_exchange,tn_qc_opt,8,yes,TN_QC_OPT (Cebule),COBYLA,,,2,3,full,qasm_gen_grouped,72,,,"N_Qubit inherited from the JW-mapped Hamiltonian (verified, see JW row). Cebule QASM_GEN basis-state-pair-grouping measurement scheme. Expected to require fewer or equal distinct circuits per iteration than plain 'pauli' measurement (that's QASM_GEN's whole purpose), but the exact circuit count is an output of a real QASM_GEN/TN_QC_OPT run, not predictable in advance -- see docs.mqs.dk QASM_GEN section.",91.860,3120.951
231,H2,0,1,2,6-31g,basis_set_exchange,tn_qc_opt,8,yes,TN_QC_OPT (Cebule),COBYLA,,,2,3,phase,pauli,72,,,"N_Qubit inherited from the JW-mapped Hamiltonian (verified, see JW row). Standard per-Pauli-string measurement (baseline).",91.860,3212.811
232,H2,0,1,2,6-31g,basis_set_exchange,tn_qc_opt,8,yes,TN_QC_OPT (Cebule),COBYLA,,,2,3,phase,qasm_gen_grouped,72,,,"N_Qubit inherited from the JW-mapped Hamiltonian (verified, see JW row). Cebule QASM_GEN basis-state-pair-grouping measurement scheme. Expected to require fewer or equal distinct circuits per iteration than plain 'pauli' measurement (that's QASM_GEN's whole purpose), but the exact circuit count is an output of a real QASM_GEN/TN_QC_OPT run, not predictable in advance -- see docs.mqs.dk QASM_GEN section.",91.860,3304.671
245,H2,0,1,2,6-31g,basis_set_exchange,tn_qc_opt,8,yes,TN_QC_OPT (Cebule),COBYLA,,,3,3,full,pauli,72,,,"N_Qubit inherited from the JW-mapped Hamiltonian (verified, see JW row). Standard per-Pauli-string measurement (baseline).",91.860,3396.532
246,H2,0,1,2,6-31g,basis_set_exchange,tn_qc_opt,8,yes,TN_QC_OPT (Cebule),COBYLA,,,3,3,full,qasm_gen_grouped,72,,,"N_Qubit inherited from the JW-mapped Hamiltonian (verified, see JW row). Cebule QASM_GEN basis-state-pair-grouping measurement scheme. Expected to require fewer or equal distinct circuits per iteration than plain 'pauli' measurement (that's QASM_GEN's whole purpose), but the exact circuit count is an output of a real QASM_GEN/TN_QC_OPT run, not predictable in advance -- see docs.mqs.dk QASM_GEN section.",91.860,3488.392
247,H2,0,1,2,6-31g,basis_set_exchange,tn_qc_opt,8,yes,TN_QC_OPT (Cebule),COBYLA,,,3,3,phase,pauli,72,,,"N_Qubit inherited from the JW-mapped Hamiltonian (verified, see JW row). Standard per-Pauli-string measurement (baseline).",91.860,3580.252
248,H2,0,1,2,6-31g,basis_set_exchange,tn_qc_opt,8,yes,TN_QC_OPT (Cebule),COBYLA,,,3,3,phase,qasm_gen_grouped,72,,,"N_Qubit inherited from the JW-mapped Hamiltonian (verified, see JW row). Cebule QASM_GEN basis-state-pair-grouping measurement scheme. Expected to require fewer or equal distinct circuits per iteration than plain 'pauli' measurement (that's QASM_GEN's whole purpose), but the exact circuit count is an output of a real QASM_GEN/TN_QC_OPT run, not predictable in advance -- see docs.mqs.dk QASM_GEN section.",91.860,3672.113
479,H2,0,1,2,cc-pvtz,basis_set_exchange,tn_qc_opt+mol_map,10,n/a,TN_QC_OPT (Cebule),COBYLA,,,0,2,n/a (no TN layers),pauli,60,,,N_Qubit inherited from mol_map (see mol_map row) -- not independently re-verified. TN_Layers_Network=0 is the paper's 'circuit only' baseline -- equivalent to plain VQE with this Hamiltonian encoding and no TN preprocessing. Standard per-Pauli-string measurement (baseline).,91.860,3763.973
480,H2,0,1,2,cc-pvtz,basis_set_exchange,tn_qc_opt+mol_map,10,n/a,TN_QC_OPT (Cebule),COBYLA,,,0,2,n/a (no TN layers),qasm_gen_grouped,60,,,"N_Qubit inherited from mol_map (see mol_map row) -- not independently re-verified. TN_Layers_Network=0 is the paper's 'circuit only' baseline -- equivalent to plain VQE with this Hamiltonian encoding and no TN preprocessing. Cebule QASM_GEN basis-state-pair-grouping measurement scheme. Expected to require fewer or equal distinct circuits per iteration than plain 'pauli' measurement (that's QASM_GEN's whole purpose), but the exact circuit count is an output of a real QASM_GEN/TN_QC_OPT run, not predictable in advance -- see docs.mqs.dk QASM_GEN section.",91.860,3855.833
489,H2,0,1,2,cc-pvtz,basis_set_exchange,tn_qc_opt+mol_map,10,n/a,TN_QC_OPT (Cebule),COBYLA,,,1,2,full,pauli,60,,,N_Qubit inherited from mol_map (see mol_map row) -- not independently re-verified. Standard per-Pauli-string measurement (baseline).,91.860,3947.694
490,H2,0,1,2,cc-pvtz,basis_set_exchange,tn_qc_opt+mol_map,10,n/a,TN_QC_OPT (Cebule),COBYLA,,,1,2,full,qasm_gen_grouped,60,,,"N_Qubit inherited from mol_map (see mol_map row) -- not independently re-verified. Cebule QASM_GEN basis-state-pair-grouping measurement scheme. Expected to require fewer or equal distinct circuits per iteration than plain 'pauli' measurement (that's QASM_GEN's whole purpose), but the exact circuit count is an output of a real QASM_GEN/TN_QC_OPT run, not predictable in advance -- see docs.mqs.dk QASM_GEN section.",91.860,4039.554
491,H2,0,1,2,cc-pvtz,basis_set_exchange,tn_qc_opt+mol_map,10,n/a,TN_QC_OPT (Cebule),COBYLA,,,1,2,phase,pauli,60,,,N_Qubit inherited from mol_map (see mol_map row) -- not independently re-verified. Standard per-Pauli-string measurement (baseline).,91.860,4131.414
492,H2,0,1,2,cc-pvtz,basis_set_exchange,tn_qc_opt+mol_map,10,n/a,TN_QC_OPT (Cebule),COBYLA,,,1,2,phase,qasm_gen_grouped,60,,,"N_Qubit inherited from mol_map (see mol_map row) -- not independently re-verified. Cebule QASM_GEN basis-state-pair-grouping measurement scheme. Expected to require fewer or equal distinct circuits per iteration than plain 'pauli' measurement (that's QASM_GEN's whole purpose), but the exact circuit count is an output of a real QASM_GEN/TN_QC_OPT run, not predictable in advance -- see docs.mqs.dk QASM_GEN section.",91.860,4223.275
505,H2,0,1,2,cc-pvtz,basis_set_exchange,tn_qc_opt+mol_map,10,n/a,TN_QC_OPT (Cebule),COBYLA,,,2,2,full,pauli,60,,,N_Qubit inherited from mol_map (see mol_map row) -- not independently re-verified. Standard per-Pauli-string measurement (baseline).,91.860,4315.135
506,H2,0,1,2,cc-pvtz,basis_set_exchange,tn_qc_opt+mol_map,10,n/a,TN_QC_OPT (Cebule),COBYLA,,,2,2,full,qasm_gen_grouped,60,,,"N_Qubit inherited from mol_map (see mol_map row) -- not independently re-verified. Cebule QASM_GEN basis-state-pair-grouping measurement scheme. Expected to require fewer or equal distinct circuits per iteration than plain 'pauli' measurement (that's QASM_GEN's whole purpose), but the exact circuit count is an output of a real QASM_GEN/TN_QC_OPT run, not predictable in advance -- see docs.mqs.dk QASM_GEN section.",91.860,4406.995
507,H2,0,1,2,cc-pvtz,basis_set_exchange,tn_qc_opt+mol_map,10,n/a,TN_QC_OPT (Cebule),COBYLA,,,2,2,phase,pauli,60,,,N_Qubit inherited from mol_map (see mol_map row) -- not independently re-verified. Standard per-Pauli-string measurement (baseline).,91.860,4498.856
508,H2,0,1,2,cc-pvtz,basis_set_exchange,tn_qc_opt+mol_map,10,n/a,TN_QC_OPT (Cebule),COBYLA,,,2,2,phase,qasm_gen_grouped,60,,,"N_Qubit inherited from mol_map (see mol_map row) -- not independently re-verified. Cebule QASM_GEN basis-state-pair-grouping measurement scheme. Expected to require fewer or equal distinct circuits per iteration than plain 'pauli' measurement (that's QASM_GEN's whole purpose), but the exact circuit count is an output of a real QASM_GEN/TN_QC_OPT run, not predictable in advance -- see docs.mqs.dk QASM_GEN section.",91.860,4590.716
521,H2,0,1,2,cc-pvtz,basis_set_exchange,tn_qc_opt+mol_map,10,n/a,TN_QC_OPT (Cebule),COBYLA,,,3,2,full,pauli,60,,,N_Qubit inherited from mol_map (see mol_map row) -- not independently re-verified. Standard per-Pauli-string measurement (baseline).,91.860,4682.576
522,H2,0,1,2,cc-pvtz,basis_set_exchange,tn_qc_opt+mol_map,10,n/a,TN_QC_OPT (Cebule),COBYLA,,,3,2,full,qasm_gen_grouped,60,,,"N_Qubit inherited from mol_map (see mol_map row) -- not independently re-verified. Cebule QASM_GEN basis-state-pair-grouping measurement scheme. Expected to require fewer or equal distinct circuits per iteration than plain 'pauli' measurement (that's QASM_GEN's whole purpose), but the exact circuit count is an output of a real QASM_GEN/TN_QC_OPT run, not predictable in advance -- see docs.mqs.dk QASM_GEN section.",91.860,4774.437
523,H2,0,1,2,cc-pvtz,basis_set_exchange,tn_qc_opt+mol_map,10,n/a,TN_QC_OPT (Cebule),COBYLA,,,3,2,phase,pauli,60,,,N_Qubit inherited from mol_map (see mol_map row) -- not independently re-verified. Standard per-Pauli-string measurement (baseline).,91.860,4866.297
524,H2,0,1,2,cc-pvtz,basis_set_exchange,tn_qc_opt+mol_map,10,n/a,TN_QC_OPT (Cebule),COBYLA,,,3,2,phase,qasm_gen_grouped,60,,,"N_Qubit inherited from mol_map (see mol_map row) -- not independently re-verified. Cebule QASM_GEN basis-state-pair-grouping measurement scheme. Expected to require fewer or equal distinct circuits per iteration than plain 'pauli' measurement (that's QASM_GEN's whole purpose), but the exact circuit count is an output of a real QASM_GEN/TN_QC_OPT run, not predictable in advance -- see docs.mqs.dk QASM_GEN section.",91.860,4958.157
371,H2,0,1,2,cc-pvdz,basis_set_exchange,tn_qc_opt+mol_map,7,n/a,TN_QC_OPT (Cebule),COBYLA,,,0,4,n/a (no TN layers),pauli,84,,,N_Qubit inherited from mol_map (see mol_map row) -- not independently re-verified. TN_Layers_Network=0 is the paper's 'circuit only' baseline -- equivalent to plain VQE with this Hamiltonian encoding and no TN preprocessing. Standard per-Pauli-string measurement (baseline).,91.949,5050.106
372,H2,0,1,2,cc-pvdz,basis_set_exchange,tn_qc_opt+mol_map,7,n/a,TN_QC_OPT (Cebule),COBYLA,,,0,4,n/a (no TN layers),qasm_gen_grouped,84,,,"N_Qubit inherited from mol_map (see mol_map row) -- not independently re-verified. TN_Layers_Network=0 is the paper's 'circuit only' baseline -- equivalent to plain VQE with this Hamiltonian encoding and no TN preprocessing. Cebule QASM_GEN basis-state-pair-grouping measurement scheme. Expected to require fewer or equal distinct circuits per iteration than plain 'pauli' measurement (that's QASM_GEN's whole purpose), but the exact circuit count is an output of a real QASM_GEN/TN_QC_OPT run, not predictable in advance -- see docs.mqs.dk QASM_GEN section.",91.949,5142.055
385,H2,0,1,2,cc-pvdz,basis_set_exchange,tn_qc_opt+mol_map,7,n/a,TN_QC_OPT (Cebule),COBYLA,,,1,4,full,pauli,84,,,N_Qubit inherited from mol_map (see mol_map row) -- not independently re-verified. Standard per-Pauli-string measurement (baseline).,91.949,5234.004
386,H2,0,1,2,cc-pvdz,basis_set_exchange,tn_qc_opt+mol_map,7,n/a,TN_QC_OPT (Cebule),COBYLA,,,1,4,full,qasm_gen_grouped,84,,,"N_Qubit inherited from mol_map (see mol_map row) -- not independently re-verified. Cebule QASM_GEN basis-state-pair-grouping measurement scheme. Expected to require fewer or equal distinct circuits per iteration than plain 'pauli' measurement (that's QASM_GEN's whole purpose), but the exact circuit count is an output of a real QASM_GEN/TN_QC_OPT run, not predictable in advance -- see docs.mqs.dk QASM_GEN section.",91.949,5325.953
387,H2,0,1,2,cc-pvdz,basis_set_exchange,tn_qc_opt+mol_map,7,n/a,TN_QC_OPT (Cebule),COBYLA,,,1,4,phase,pauli,84,,,N_Qubit inherited from mol_map (see mol_map row) -- not independently re-verified. Standard per-Pauli-string measurement (baseline).,91.949,5417.901
388,H2,0,1,2,cc-pvdz,basis_set_exchange,tn_qc_opt+mol_map,7,n/a,TN_QC_OPT (Cebule),COBYLA,,,1,4,phase,qasm_gen_grouped,84,,,"N_Qubit inherited from mol_map (see mol_map row) -- not independently re-verified. Cebule QASM_GEN basis-state-pair-grouping measurement scheme. Expected to require fewer or equal distinct circuits per iteration than plain 'pauli' measurement (that's QASM_GEN's whole purpose), but the exact circuit count is an output of a real QASM_GEN/TN_QC_OPT run, not predictable in advance -- see docs.mqs.dk QASM_GEN section.",91.949,5509.850
401,H2,0,1,2,cc-pvdz,basis_set_exchange,tn_qc_opt+mol_map,7,n/a,TN_QC_OPT (Cebule),COBYLA,,,2,4,full,pauli,84,,,N_Qubit inherited from mol_map (see mol_map row) -- not independently re-verified. Standard per-Pauli-string measurement (baseline).,91.949,5601.799
402,H2,0,1,2,cc-pvdz,basis_set_exchange,tn_qc_opt+mol_map,7,n/a,TN_QC_OPT (Cebule),COBYLA,,,2,4,full,qasm_gen_grouped,84,,,"N_Qubit inherited from mol_map (see mol_map row) -- not independently re-verified. Cebule QASM_GEN basis-state-pair-grouping measurement scheme. Expected to require fewer or equal distinct circuits per iteration than plain 'pauli' measurement (that's QASM_GEN's whole purpose), but the exact circuit count is an output of a real QASM_GEN/TN_QC_OPT run, not predictable in advance -- see docs.mqs.dk QASM_GEN section.",91.949,5693.748
403,H2,0,1,2,cc-pvdz,basis_set_exchange,tn_qc_opt+mol_map,7,n/a,TN_QC_OPT (Cebule),COBYLA,,,2,4,phase,pauli,84,,,N_Qubit inherited from mol_map (see mol_map row) -- not independently re-verified. Standard per-Pauli-string measurement (baseline).,91.949,5785.697
404,H2,0,1,2,cc-pvdz,basis_set_exchange,tn_qc_opt+mol_map,7,n/a,TN_QC_OPT (Cebule),COBYLA,,,2,4,phase,qasm_gen_grouped,84,,,"N_Qubit inherited from mol_map (see mol_map row) -- not independently re-verified. Cebule QASM_GEN basis-state-pair-grouping measurement scheme. Expected to require fewer or equal distinct circuits per iteration than plain 'pauli' measurement (that's QASM_GEN's whole purpose), but the exact circuit count is an output of a real QASM_GEN/TN_QC_OPT run, not predictable in advance -- see docs.mqs.dk QASM_GEN section.",91.949,5877.645
417,H2,0,1,2,cc-pvdz,basis_set_exchange,tn_qc_opt+mol_map,7,n/a,TN_QC_OPT (Cebule),COBYLA,,,3,4,full,pauli,84,,,N_Qubit inherited from mol_map (see mol_map row) -- not independently re-verified. Standard per-Pauli-string measurement (baseline).,91.949,5969.594
418,H2,0,1,2,cc-pvdz,basis_set_exchange,tn_qc_opt+mol_map,7,n/a,TN_QC_OPT (Cebule),COBYLA,,,3,4,full,qasm_gen_grouped,84,,,"N_Qubit inherited from mol_map (see mol_map row) -- not independently re-verified. Cebule QASM_GEN basis-state-pair-grouping measurement scheme. Expected to require fewer or equal distinct circuits per iteration than plain 'pauli' measurement (that's QASM_GEN's whole purpose), but the exact circuit count is an output of a real QASM_GEN/TN_QC_OPT run, not predictable in advance -- see docs.mqs.dk QASM_GEN section.",91.949,6061.543
419,H2,0,1,2,cc-pvdz,basis_set_exchange,tn_qc_opt+mol_map,7,n/a,TN_QC_OPT (Cebule),COBYLA,,,3,4,phase,pauli,84,,,N_Qubit inherited from mol_map (see mol_map row) -- not independently re-verified. Standard per-Pauli-string measurement (baseline).,91.949,6153.492
420,H2,0,1,2,cc-pvdz,basis_set_exchange,tn_qc_opt+mol_map,7,n/a,TN_QC_OPT (Cebule),COBYLA,,,3,4,phase,qasm_gen_grouped,84,,,"N_Qubit inherited from mol_map (see mol_map row) -- not independently re-verified. Cebule QASM_GEN basis-state-pair-grouping measurement scheme. Expected to require fewer or equal distinct circuits per iteration than plain 'pauli' measurement (that's QASM_GEN's whole purpose), but the exact circuit count is an output of a real QASM_GEN/TN_QC_OPT run, not predictable in advance -- see docs.mqs.dk QASM_GEN section.",91.949,6245.441
1713,H2O,0,1,10,sto-3g,basis_set_exchange,tn_qc_opt+mol_map,9,n/a,TN_QC_OPT (Cebule),COBYLA,,,0,3,n/a (no TN layers),pauli,81,,,N_Qubit inherited from mol_map (see mol_map row) -- not independently re-verified. TN_Layers_Network=0 is the paper's 'circuit only' baseline -- equivalent to plain VQE with this Hamiltonian encoding and no TN preprocessing. Standard per-Pauli-string measurement (baseline).,91.949,6337.389
1714,H2O,0,1,10,sto-3g,basis_set_exchange,tn_qc_opt+mol_map,9,n/a,TN_QC_OPT (Cebule),COBYLA,,,0,3,n/a (no TN layers),qasm_gen_grouped,81,,,"N_Qubit inherited from mol_map (see mol_map row) -- not independently re-verified. TN_Layers_Network=0 is the paper's 'circuit only' baseline -- equivalent to plain VQE with this Hamiltonian encoding and no TN preprocessing. Cebule QASM_GEN basis-state-pair-grouping measurement scheme. Expected to require fewer or equal distinct circuits per iteration than plain 'pauli' measurement (that's QASM_GEN's whole purpose), but the exact circuit count is an output of a real QASM_GEN/TN_QC_OPT run, not predictable in advance -- see docs.mqs.dk QASM_GEN section.",91.949,6429.338
1725,H2O,0,1,10,sto-3g,basis_set_exchange,tn_qc_opt+mol_map,9,n/a,TN_QC_OPT (Cebule),COBYLA,,,1,3,full,pauli,81,,,N_Qubit inherited from mol_map (see mol_map row) -- not independently re-verified. Standard per-Pauli-string measurement (baseline).,91.949,6521.287
1726,H2O,0,1,10,sto-3g,basis_set_exchange,tn_qc_opt+mol_map,9,n/a,TN_QC_OPT (Cebule),COBYLA,,,1,3,full,qasm_gen_grouped,81,,,"N_Qubit inherited from mol_map (see mol_map row) -- not independently re-verified. Cebule QASM_GEN basis-state-pair-grouping measurement scheme. Expected to require fewer or equal distinct circuits per iteration than plain 'pauli' measurement (that's QASM_GEN's whole purpose), but the exact circuit count is an output of a real QASM_GEN/TN_QC_OPT run, not predictable in advance -- see docs.mqs.dk QASM_GEN section.",91.949,6613.236
1727,H2O,0,1,10,sto-3g,basis_set_exchange,tn_qc_opt+mol_map,9,n/a,TN_QC_OPT (Cebule),COBYLA,,,1,3,phase,pauli,81,,,N_Qubit inherited from mol_map (see mol_map row) -- not independently re-verified. Standard per-Pauli-string measurement (baseline).,91.949,6705.185
1728,H2O,0,1,10,sto-3g,basis_set_exchange,tn_qc_opt+mol_map,9,n/a,TN_QC_OPT (Cebule),COBYLA,,,1,3,phase,qasm_gen_grouped,81,,,"N_Qubit inherited from mol_map (see mol_map row) -- not independently re-verified. Cebule QASM_GEN basis-state-pair-grouping measurement scheme. Expected to require fewer or equal distinct circuits per iteration than plain 'pauli' measurement (that's QASM_GEN's whole purpose), but the exact circuit count is an output of a real QASM_GEN/TN_QC_OPT run, not predictable in advance -- see docs.mqs.dk QASM_GEN section.",91.949,6797.133
1741,H2O,0,1,10,sto-3g,basis_set_exchange,tn_qc_opt+mol_map,9,n/a,TN_QC_OPT (Cebule),COBYLA,,,2,3,full,pauli,81,,,N_Qubit inherited from mol_map (see mol_map row) -- not independently re-verified. Standard per-Pauli-string measurement (baseline).,91.949,6889.082
1742,H2O,0,1,10,sto-3g,basis_set_exchange,tn_qc_opt+mol_map,9,n/a,TN_QC_OPT (Cebule),COBYLA,,,2,3,full,qasm_gen_grouped,81,,,"N_Qubit inherited from mol_map (see mol_map row) -- not independently re-verified. Cebule QASM_GEN basis-state-pair-grouping measurement scheme. Expected to require fewer or equal distinct circuits per iteration than plain 'pauli' measurement (that's QASM_GEN's whole purpose), but the exact circuit count is an output of a real QASM_GEN/TN_QC_OPT run, not predictable in advance -- see docs.mqs.dk QASM_GEN section.",91.949,6981.031
1743,H2O,0,1,10,sto-3g,basis_set_exchange,tn_qc_opt+mol_map,9,n/a,TN_QC_OPT (Cebule),COBYLA,,,2,3,phase,pauli,81,,,N_Qubit inherited from mol_map (see mol_map row) -- not independently re-verified. Standard per-Pauli-string measurement (baseline).,91.949,7072.980
1744,H2O,0,1,10,sto-3g,basis_set_exchange,tn_qc_opt+mol_map,9,n/a,TN_QC_OPT (Cebule),COBYLA,,,2,3,phase,qasm_gen_grouped,81,,,"N_Qubit inherited from mol_map (see mol_map row) -- not independently re-verified. Cebule QASM_GEN basis-state-pair-grouping measurement scheme. Expected to require fewer or equal distinct circuits per iteration than plain 'pauli' measurement (that's QASM_GEN's whole purpose), but the exact circuit count is an output of a real QASM_GEN/TN_QC_OPT run, not predictable in advance -- see docs.mqs.dk QASM_GEN section.",91.949,7164.929
1757,H2O,0,1,10,sto-3g,basis_set_exchange,tn_qc_opt+mol_map,9,n/a,TN_QC_OPT (Cebule),COBYLA,,,3,3,full,pauli,81,,,N_Qubit inherited from mol_map (see mol_map row) -- not independently re-verified. Standard per-Pauli-string measurement (baseline).,91.949,7256.877
1758,H2O,0,1,10,sto-3g,basis_set_exchange,tn_qc_opt+mol_map,9,n/a,TN_QC_OPT (Cebule),COBYLA,,,3,3,full,qasm_gen_grouped,81,,,"N_Qubit inherited from mol_map (see mol_map row) -- not independently re-verified. Cebule QASM_GEN basis-state-pair-grouping measurement scheme. Expected to require fewer or equal distinct circuits per iteration than plain 'pauli' measurement (that's QASM_GEN's whole purpose), but the exact circuit count is an output of a real QASM_GEN/TN_QC_OPT run, not predictable in advance -- see docs.mqs.dk QASM_GEN section.",91.949,7348.826
1759,H2O,0,1,10,sto-3g,basis_set_exchange,tn_qc_opt+mol_map,9,n/a,TN_QC_OPT (Cebule),COBYLA,,,3,3,phase,pauli,81,,,N_Qubit inherited from mol_map (see mol_map row) -- not independently re-verified. Standard per-Pauli-string measurement (baseline).,91.949,7440.775
1760,H2O,0,1,10,sto-3g,basis_set_exchange,tn_qc_opt+mol_map,9,n/a,TN_QC_OPT (Cebule),COBYLA,,,3,3,phase,qasm_gen_grouped,81,,,"N_Qubit inherited from mol_map (see mol_map row) -- not independently re-verified. Cebule QASM_GEN basis-state-pair-grouping measurement scheme. Expected to require fewer or equal distinct circuits per iteration than plain 'pauli' measurement (that's QASM_GEN's whole purpose), but the exact circuit count is an output of a real QASM_GEN/TN_QC_OPT run, not predictable in advance -- see docs.mqs.dk QASM_GEN section.",91.949,7532.724
31,Li2,0,1,6,sto-3g,basis_set_exchange,mol_map,14,n/a,,,,,,,,pauli,,,,From original draft; not independently re-verified. Standard per-Pauli-string measurement (baseline).,92.037,7624.761
32,Li2,0,1,6,sto-3g,basis_set_exchange,mol_map,14,n/a,,,,,,,,qasm_gen_grouped,,,,"From original draft; not independently re-verified. Cebule QASM_GEN basis-state-pair-grouping measurement scheme. Expected to require fewer or equal distinct circuits per iteration than plain 'pauli' measurement (that's QASM_GEN's whole purpose), but the exact circuit count is an output of a real QASM_GEN/TN_QC_OPT run, not predictable in advance -- see docs.mqs.dk QASM_GEN section.",92.037,7716.798
57,H2O,0,1,10,sto-3g,basis_set_exchange,JW,14,yes,,,,,,,,pauli,,,,Standard per-Pauli-string measurement (baseline).,92.037,7808.836
58,H2O,0,1,10,sto-3g,basis_set_exchange,JW,14,yes,,,,,,,,qasm_gen_grouped,,,,"Cebule QASM_GEN basis-state-pair-grouping measurement scheme. Expected to require fewer or equal distinct circuits per iteration than plain 'pauli' measurement (that's QASM_GEN's whole purpose), but the exact circuit count is an output of a real QASM_GEN/TN_QC_OPT run, not predictable in advance -- see docs.mqs.dk QASM_GEN section.",92.037,7900.873
203,H2,0,1,2,6-31g,basis_set_exchange,tn_qc_opt,8,yes,TN_QC_OPT (Cebule),COBYLA,,,0,4,n/a (no TN layers),pauli,96,,,"N_Qubit inherited from the JW-mapped Hamiltonian (verified, see JW row). TN_Layers_Network=0 is the paper's 'circuit only' baseline -- equivalent to plain VQE with this Hamiltonian encoding and no TN preprocessing. Standard per-Pauli-string measurement (baseline).",92.037,7992.910
204,H2,0,1,2,6-31g,basis_set_exchange,tn_qc_opt,8,yes,TN_QC_OPT (Cebule),COBYLA,,,0,4,n/a (no TN layers),qasm_gen_grouped,96,,,"N_Qubit inherited from the JW-mapped Hamiltonian (verified, see JW row). TN_Layers_Network=0 is the paper's 'circuit only' baseline -- equivalent to plain VQE with this Hamiltonian encoding and no TN preprocessing. Cebule QASM_GEN basis-state-pair-grouping measurement scheme. Expected to require fewer or equal distinct circuits per iteration than plain 'pauli' measurement (that's QASM_GEN's whole purpose), but the exact circuit count is an output of a real QASM_GEN/TN_QC_OPT run, not predictable in advance -- see docs.mqs.dk QASM_GEN section.",92.037,8084.947
217,H2,0,1,2,6-31g,basis_set_exchange,tn_qc_opt,8,yes,TN_QC_OPT (Cebule),COBYLA,,,1,4,full,pauli,96,,,"N_Qubit inherited from the JW-mapped Hamiltonian (verified, see JW row). Standard per-Pauli-string measurement (baseline).",92.037,8176.985
218,H2,0,1,2,6-31g,basis_set_exchange,tn_qc_opt,8,yes,TN_QC_OPT (Cebule),COBYLA,,,1,4,full,qasm_gen_grouped,96,,,"N_Qubit inherited from the JW-mapped Hamiltonian (verified, see JW row). Cebule QASM_GEN basis-state-pair-grouping measurement scheme. Expected to require fewer or equal distinct circuits per iteration than plain 'pauli' measurement (that's QASM_GEN's whole purpose), but the exact circuit count is an output of a real QASM_GEN/TN_QC_OPT run, not predictable in advance -- see docs.mqs.dk QASM_GEN section.",92.037,8269.022
219,H2,0,1,2,6-31g,basis_set_exchange,tn_qc_opt,8,yes,TN_QC_OPT (Cebule),COBYLA,,,1,4,phase,pauli,96,,,"N_Qubit inherited from the JW-mapped Hamiltonian (verified, see JW row). Standard per-Pauli-string measurement (baseline).",92.037,8361.059
220,H2,0,1,2,6-31g,basis_set_exchange,tn_qc_opt,8,yes,TN_QC_OPT (Cebule),COBYLA,,,1,4,phase,qasm_gen_grouped,96,,,"N_Qubit inherited from the JW-mapped Hamiltonian (verified, see JW row). Cebule QASM_GEN basis-state-pair-grouping measurement scheme. Expected to require fewer or equal distinct circuits per iteration than plain 'pauli' measurement (that's QASM_GEN's whole purpose), but the exact circuit count is an output of a real QASM_GEN/TN_QC_OPT run, not predictable in advance -- see docs.mqs.dk QASM_GEN section.",92.037,8453.096
233,H2,0,1,2,6-31g,basis_set_exchange,tn_qc_opt,8,yes,TN_QC_OPT (Cebule),COBYLA,,,2,4,full,pauli,96,,,"N_Qubit inherited from the JW-mapped Hamiltonian (verified, see JW row). Standard per-Pauli-string measurement (baseline).",92.037,8545.134
234,H2,0,1,2,6-31g,basis_set_exchange,tn_qc_opt,8,yes,TN_QC_OPT (Cebule),COBYLA,,,2,4,full,qasm_gen_grouped,96,,,"N_Qubit inherited from the JW-mapped Hamiltonian (verified, see JW row). Cebule QASM_GEN basis-state-pair-grouping measurement scheme. Expected to require fewer or equal distinct circuits per iteration than plain 'pauli' measurement (that's QASM_GEN's whole purpose), but the exact circuit count is an output of a real QASM_GEN/TN_QC_OPT run, not predictable in advance -- see docs.mqs.dk QASM_GEN section.",92.037,8637.171
235,H2,0,1,2,6-31g,basis_set_exchange,tn_qc_opt,8,yes,TN_QC_OPT (Cebule),COBYLA,,,2,4,phase,pauli,96,,,"N_Qubit inherited from the JW-mapped Hamiltonian (verified, see JW row). Standard per-Pauli-string measurement (baseline).",92.037,8729.208
236,H2,0,1,2,6-31g,basis_set_exchange,tn_qc_opt,8,yes,TN_QC_OPT (Cebule),COBYLA,,,2,4,phase,qasm_gen_grouped,96,,,"N_Qubit inherited from the JW-mapped Hamiltonian (verified, see JW row). Cebule QASM_GEN basis-state-pair-grouping measurement scheme. Expected to require fewer or equal distinct circuits per iteration than plain 'pauli' measurement (that's QASM_GEN's whole purpose), but the exact circuit count is an output of a real QASM_GEN/TN_QC_OPT run, not predictable in advance -- see docs.mqs.dk QASM_GEN section.",92.037,8821.246
249,H2,0,1,2,6-31g,basis_set_exchange,tn_qc_opt,8,yes,TN_QC_OPT (Cebule),COBYLA,,,3,4,full,pauli,96,,,"N_Qubit inherited from the JW-mapped Hamiltonian (verified, see JW row). Standard per-Pauli-string measurement (baseline).",92.037,8913.283
250,H2,0,1,2,6-31g,basis_set_exchange,tn_qc_opt,8,yes,TN_QC_OPT (Cebule),COBYLA,,,3,4,full,qasm_gen_grouped,96,,,"N_Qubit inherited from the JW-mapped Hamiltonian (verified, see JW row). Cebule QASM_GEN basis-state-pair-grouping measurement scheme. Expected to require fewer or equal distinct circuits per iteration than plain 'pauli' measurement (that's QASM_GEN's whole purpose), but the exact circuit count is an output of a real QASM_GEN/TN_QC_OPT run, not predictable in advance -- see docs.mqs.dk QASM_GEN section.",92.037,9005.320
251,H2,0,1,2,6-31g,basis_set_exchange,tn_qc_opt,8,yes,TN_QC_OPT (Cebule),COBYLA,,,3,4,phase,pauli,96,,,"N_Qubit inherited from the JW-mapped Hamiltonian (verified, see JW row). Standard per-Pauli-string measurement (baseline).",92.037,9097.357
252,H2,0,1,2,6-31g,basis_set_exchange,tn_qc_opt,8,yes,TN_QC_OPT (Cebule),COBYLA,,,3,4,phase,qasm_gen_grouped,96,,,"N_Qubit inherited from the JW-mapped Hamiltonian (verified, see JW row). Cebule QASM_GEN basis-state-pair-grouping measurement scheme. Expected to require fewer or equal distinct circuits per iteration than plain 'pauli' measurement (that's QASM_GEN's whole purpose), but the exact circuit count is an output of a real QASM_GEN/TN_QC_OPT run, not predictable in advance -- see docs.mqs.dk QASM_GEN section.",92.037,9189.395
481,H2,0,1,2,cc-pvtz,basis_set_exchange,tn_qc_opt+mol_map,10,n/a,TN_QC_OPT (Cebule),COBYLA,,,0,3,n/a (no TN layers),pauli,90,,,N_Qubit inherited from mol_map (see mol_map row) -- not independently re-verified. TN_Layers_Network=0 is the paper's 'circuit only' baseline -- equivalent to plain VQE with this Hamiltonian encoding and no TN preprocessing. Standard per-Pauli-string measurement (baseline).,92.037,9281.432
482,H2,0,1,2,cc-pvtz,basis_set_exchange,tn_qc_opt+mol_map,10,n/a,TN_QC_OPT (Cebule),COBYLA,,,0,3,n/a (no TN layers),qasm_gen_grouped,90,,,"N_Qubit inherited from mol_map (see mol_map row) -- not independently re-verified. TN_Layers_Network=0 is the paper's 'circuit only' baseline -- equivalent to plain VQE with this Hamiltonian encoding and no TN preprocessing. Cebule QASM_GEN basis-state-pair-grouping measurement scheme. Expected to require fewer or equal distinct circuits per iteration than plain 'pauli' measurement (that's QASM_GEN's whole purpose), but the exact circuit count is an output of a real QASM_GEN/TN_QC_OPT run, not predictable in advance -- see docs.mqs.dk QASM_GEN section.",92.037,9373.469
493,H2,0,1,2,cc-pvtz,basis_set_exchange,tn_qc_opt+mol_map,10,n/a,TN_QC_OPT (Cebule),COBYLA,,,1,3,full,pauli,90,,,N_Qubit inherited from mol_map (see mol_map row) -- not independently re-verified. Standard per-Pauli-string measurement (baseline).,92.037,9465.506
494,H2,0,1,2,cc-pvtz,basis_set_exchange,tn_qc_opt+mol_map,10,n/a,TN_QC_OPT (Cebule),COBYLA,,,1,3,full,qasm_gen_grouped,90,,,"N_Qubit inherited from mol_map (see mol_map row) -- not independently re-verified. Cebule QASM_GEN basis-state-pair-grouping measurement scheme. Expected to require fewer or equal distinct circuits per iteration than plain 'pauli' measurement (that's QASM_GEN's whole purpose), but the exact circuit count is an output of a real QASM_GEN/TN_QC_OPT run, not predictable in advance -- see docs.mqs.dk QASM_GEN section.",92.037,9557.544
495,H2,0,1,2,cc-pvtz,basis_set_exchange,tn_qc_opt+mol_map,10,n/a,TN_QC_OPT (Cebule),COBYLA,,,1,3,phase,pauli,90,,,N_Qubit inherited from mol_map (see mol_map row) -- not independently re-verified. Standard per-Pauli-string measurement (baseline).,92.037,9649.581
496,H2,0,1,2,cc-pvtz,basis_set_exchange,tn_qc_opt+mol_map,10,n/a,TN_QC_OPT (Cebule),COBYLA,,,1,3,phase,qasm_gen_grouped,90,,,"N_Qubit inherited from mol_map (see mol_map row) -- not independently re-verified. Cebule QASM_GEN basis-state-pair-grouping measurement scheme. Expected to require fewer or equal distinct circuits per iteration than plain 'pauli' measurement (that's QASM_GEN's whole purpose), but the exact circuit count is an output of a real QASM_GEN/TN_QC_OPT run, not predictable in advance -- see docs.mqs.dk QASM_GEN section.",92.037,9741.618
509,H2,0,1,2,cc-pvtz,basis_set_exchange,tn_qc_opt+mol_map,10,n/a,TN_QC_OPT (Cebule),COBYLA,,,2,3,full,pauli,90,,,N_Qubit inherited from mol_map (see mol_map row) -- not independently re-verified. Standard per-Pauli-string measurement (baseline).,92.037,9833.656
510,H2,0,1,2,cc-pvtz,basis_set_exchange,tn_qc_opt+mol_map,10,n/a,TN_QC_OPT (Cebule),COBYLA,,,2,3,full,qasm_gen_grouped,90,,,"N_Qubit inherited from mol_map (see mol_map row) -- not independently re-verified. Cebule QASM_GEN basis-state-pair-grouping measurement scheme. Expected to require fewer or equal distinct circuits per iteration than plain 'pauli' measurement (that's QASM_GEN's whole purpose), but the exact circuit count is an output of a real QASM_GEN/TN_QC_OPT run, not predictable in advance -- see docs.mqs.dk QASM_GEN section.",92.037,9925.693
511,H2,0,1,2,cc-pvtz,basis_set_exchange,tn_qc_opt+mol_map,10,n/a,TN_QC_OPT (Cebule),COBYLA,,,2,3,phase,pauli,90,,,N_Qubit inherited from mol_map (see mol_map row) -- not independently re-verified. Standard per-Pauli-string measurement (baseline).,92.037,10017.730
512,H2,0,1,2,cc-pvtz,basis_set_exchange,tn_qc_opt+mol_map,10,n/a,TN_QC_OPT (Cebule),COBYLA,,,2,3,phase,qasm_gen_grouped,90,,,"N_Qubit inherited from mol_map (see mol_map row) -- not independently re-verified. Cebule QASM_GEN basis-state-pair-grouping measurement scheme. Expected to require fewer or equal distinct circuits per iteration than plain 'pauli' measurement (that's QASM_GEN's whole purpose), but the exact circuit count is an output of a real QASM_GEN/TN_QC_OPT run, not predictable in advance -- see docs.mqs.dk QASM_GEN section.",92.037,10109.767
525,H2,0,1,2,cc-pvtz,basis_set_exchange,tn_qc_opt+mol_map,10,n/a,TN_QC_OPT (Cebule),COBYLA,,,3,3,full,pauli,90,,,N_Qubit inherited from mol_map (see mol_map row) -- not independently re-verified. Standard per-Pauli-string measurement (baseline).,92.037,10201.805
526,H2,0,1,2,cc-pvtz,basis_set_exchange,tn_qc_opt+mol_map,10,n/a,TN_QC_OPT (Cebule),COBYLA,,,3,3,full,qasm_gen_grouped,90,,,"N_Qubit inherited from mol_map (see mol_map row) -- not independently re-verified. Cebule QASM_GEN basis-state-pair-grouping measurement scheme. Expected to require fewer or equal distinct circuits per iteration than plain 'pauli' measurement (that's QASM_GEN's whole purpose), but the exact circuit count is an output of a real QASM_GEN/TN_QC_OPT run, not predictable in advance -- see docs.mqs.dk QASM_GEN section.",92.037,10293.842
527,H2,0,1,2,cc-pvtz,basis_set_exchange,tn_qc_opt+mol_map,10,n/a,TN_QC_OPT (Cebule),COBYLA,,,3,3,phase,pauli,90,,,N_Qubit inherited from mol_map (see mol_map row) -- not independently re-verified. Standard per-Pauli-string measurement (baseline).,92.037,10385.879
528,H2,0,1,2,cc-pvtz,basis_set_exchange,tn_qc_opt+mol_map,10,n/a,TN_QC_OPT (Cebule),COBYLA,,,3,3,phase,qasm_gen_grouped,90,,,"N_Qubit inherited from mol_map (see mol_map row) -- not independently re-verified. Cebule QASM_GEN basis-state-pair-grouping measurement scheme. Expected to require fewer or equal distinct circuits per iteration than plain 'pauli' measurement (that's QASM_GEN's whole purpose), but the exact circuit count is an output of a real QASM_GEN/TN_QC_OPT run, not predictable in advance -- see docs.mqs.dk QASM_GEN section.",92.037,10477.916
925,Li2,0,1,6,sto-3g,basis_set_exchange,tn_qc_opt+mol_map,14,n/a,TN_QC_OPT (Cebule),COBYLA,,,0,1,n/a (no TN layers),pauli,42,,,N_Qubit inherited from mol_map (see mol_map row) -- not independently re-verified. TN_Layers_Network=0 is the paper's 'circuit only' baseline -- equivalent to plain VQE with this Hamiltonian encoding and no TN preprocessing. Standard per-Pauli-string measurement (baseline).,92.037,10569.954
926,Li2,0,1,6,sto-3g,basis_set_exchange,tn_qc_opt+mol_map,14,n/a,TN_QC_OPT (Cebule),COBYLA,,,0,1,n/a (no TN layers),qasm_gen_grouped,42,,,"N_Qubit inherited from mol_map (see mol_map row) -- not independently re-verified. TN_Layers_Network=0 is the paper's 'circuit only' baseline -- equivalent to plain VQE with this Hamiltonian encoding and no TN preprocessing. Cebule QASM_GEN basis-state-pair-grouping measurement scheme. Expected to require fewer or equal distinct circuits per iteration than plain 'pauli' measurement (that's QASM_GEN's whole purpose), but the exact circuit count is an output of a real QASM_GEN/TN_QC_OPT run, not predictable in advance -- see docs.mqs.dk QASM_GEN section.",92.037,10661.991
933,Li2,0,1,6,sto-3g,basis_set_exchange,tn_qc_opt+mol_map,14,n/a,TN_QC_OPT (Cebule),COBYLA,,,1,1,full,pauli,42,,,N_Qubit inherited from mol_map (see mol_map row) -- not independently re-verified. Standard per-Pauli-string measurement (baseline).,92.037,10754.028
934,Li2,0,1,6,sto-3g,basis_set_exchange,tn_qc_opt+mol_map,14,n/a,TN_QC_OPT (Cebule),COBYLA,,,1,1,full,qasm_gen_grouped,42,,,"N_Qubit inherited from mol_map (see mol_map row) -- not independently re-verified. Cebule QASM_GEN basis-state-pair-grouping measurement scheme. Expected to require fewer or equal distinct circuits per iteration than plain 'pauli' measurement (that's QASM_GEN's whole purpose), but the exact circuit count is an output of a real QASM_GEN/TN_QC_OPT run, not predictable in advance -- see docs.mqs.dk QASM_GEN section.",92.037,10846.066
935,Li2,0,1,6,sto-3g,basis_set_exchange,tn_qc_opt+mol_map,14,n/a,TN_QC_OPT (Cebule),COBYLA,,,1,1,phase,pauli,42,,,N_Qubit inherited from mol_map (see mol_map row) -- not independently re-verified. Standard per-Pauli-string measurement (baseline).,92.037,10938.103
936,Li2,0,1,6,sto-3g,basis_set_exchange,tn_qc_opt+mol_map,14,n/a,TN_QC_OPT (Cebule),COBYLA,,,1,1,phase,qasm_gen_grouped,42,,,"N_Qubit inherited from mol_map (see mol_map row) -- not independently re-verified. Cebule QASM_GEN basis-state-pair-grouping measurement scheme. Expected to require fewer or equal distinct circuits per iteration than plain 'pauli' measurement (that's QASM_GEN's whole purpose), but the exact circuit count is an output of a real QASM_GEN/TN_QC_OPT run, not predictable in advance -- see docs.mqs.dk QASM_GEN section.",92.037,11030.140
949,Li2,0,1,6,sto-3g,basis_set_exchange,tn_qc_opt+mol_map,14,n/a,TN_QC_OPT (Cebule),COBYLA,,,2,1,full,pauli,42,,,N_Qubit inherited from mol_map (see mol_map row) -- not independently re-verified. Standard per-Pauli-string measurement (baseline).,92.037,11122.177
950,Li2,0,1,6,sto-3g,basis_set_exchange,tn_qc_opt+mol_map,14,n/a,TN_QC_OPT (Cebule),COBYLA,,,2,1,full,qasm_gen_grouped,42,,,"N_Qubit inherited from mol_map (see mol_map row) -- not independently re-verified. Cebule QASM_GEN basis-state-pair-grouping measurement scheme. Expected to require fewer or equal distinct circuits per iteration than plain 'pauli' measurement (that's QASM_GEN's whole purpose), but the exact circuit count is an output of a real QASM_GEN/TN_QC_OPT run, not predictable in advance -- see docs.mqs.dk QASM_GEN section.",92.037,11214.215
951,Li2,0,1,6,sto-3g,basis_set_exchange,tn_qc_opt+mol_map,14,n/a,TN_QC_OPT (Cebule),COBYLA,,,2,1,phase,pauli,42,,,N_Qubit inherited from mol_map (see mol_map row) -- not independently re-verified. Standard per-Pauli-string measurement (baseline).,92.037,11306.252
952,Li2,0,1,6,sto-3g,basis_set_exchange,tn_qc_opt+mol_map,14,n/a,TN_QC_OPT (Cebule),COBYLA,,,2,1,phase,qasm_gen_grouped,42,,,"N_Qubit inherited from mol_map (see mol_map row) -- not independently re-verified. Cebule QASM_GEN basis-state-pair-grouping measurement scheme. Expected to require fewer or equal distinct circuits per iteration than plain 'pauli' measurement (that's QASM_GEN's whole purpose), but the exact circuit count is an output of a real QASM_GEN/TN_QC_OPT run, not predictable in advance -- see docs.mqs.dk QASM_GEN section.",92.037,11398.289
965,Li2,0,1,6,sto-3g,basis_set_exchange,tn_qc_opt+mol_map,14,n/a,TN_QC_OPT (Cebule),COBYLA,,,3,1,full,pauli,42,,,N_Qubit inherited from mol_map (see mol_map row) -- not independently re-verified. Standard per-Pauli-string measurement (baseline).,92.037,11490.326
966,Li2,0,1,6,sto-3g,basis_set_exchange,tn_qc_opt+mol_map,14,n/a,TN_QC_OPT (Cebule),COBYLA,,,3,1,full,qasm_gen_grouped,42,,,"N_Qubit inherited from mol_map (see mol_map row) -- not independently re-verified. Cebule QASM_GEN basis-state-pair-grouping measurement scheme. Expected to require fewer or equal distinct circuits per iteration than plain 'pauli' measurement (that's QASM_GEN's whole purpose), but the exact circuit count is an output of a real QASM_GEN/TN_QC_OPT run, not predictable in advance -- see docs.mqs.dk QASM_GEN section.",92.037,11582.364
967,Li2,0,1,6,sto-3g,basis_set_exchange,tn_qc_opt+mol_map,14,n/a,TN_QC_OPT (Cebule),COBYLA,,,3,1,phase,pauli,42,,,N_Qubit inherited from mol_map (see mol_map row) -- not independently re-verified. Standard per-Pauli-string measurement (baseline).,92.037,11674.401
968,Li2,0,1,6,sto-3g,basis_set_exchange,tn_qc_opt+mol_map,14,n/a,TN_QC_OPT (Cebule),COBYLA,,,3,1,phase,qasm_gen_grouped,42,,,"N_Qubit inherited from mol_map (see mol_map row) -- not independently re-verified. Cebule QASM_GEN basis-state-pair-grouping measurement scheme. Expected to require fewer or equal distinct circuits per iteration than plain 'pauli' measurement (that's QASM_GEN's whole purpose), but the exact circuit count is an output of a real QASM_GEN/TN_QC_OPT run, not predictable in advance -- see docs.mqs.dk QASM_GEN section.",92.037,11766.438
1653,H2O,0,1,10,sto-3g,basis_set_exchange,tn_qc_opt,14,yes,TN_QC_OPT (Cebule),COBYLA,,,0,1,n/a (no TN layers),pauli,42,,,"N_Qubit inherited from the JW-mapped Hamiltonian (verified, see JW row). TN_Layers_Network=0 is the paper's 'circuit only' baseline -- equivalent to plain VQE with this Hamiltonian encoding and no TN preprocessing. Standard per-Pauli-string measurement (baseline).",92.037,11858.476
1654,H2O,0,1,10,sto-3g,basis_set_exchange,tn_qc_opt,14,yes,TN_QC_OPT (Cebule),COBYLA,,,0,1,n/a (no TN layers),qasm_gen_grouped,42,,,"N_Qubit inherited from the JW-mapped Hamiltonian (verified, see JW row). TN_Layers_Network=0 is the paper's 'circuit only' baseline -- equivalent to plain VQE with this Hamiltonian encoding and no TN preprocessing. Cebule QASM_GEN basis-state-pair-grouping measurement scheme. Expected to require fewer or equal distinct circuits per iteration than plain 'pauli' measurement (that's QASM_GEN's whole purpose), but the exact circuit count is an output of a real QASM_GEN/TN_QC_OPT run, not predictable in advance -- see docs.mqs.dk QASM_GEN section.",92.037,11950.513
1661,H2O,0,1,10,sto-3g,basis_set_exchange,tn_qc_opt,14,yes,TN_QC_OPT (Cebule),COBYLA,,,1,1,full,pauli,42,,,"N_Qubit inherited from the JW-mapped Hamiltonian (verified, see JW row). Standard per-Pauli-string measurement (baseline).",92.037,12042.550
1662,H2O,0,1,10,sto-3g,basis_set_exchange,tn_qc_opt,14,yes,TN_QC_OPT (Cebule),COBYLA,,,1,1,full,qasm_gen_grouped,42,,,"N_Qubit inherited from the JW-mapped Hamiltonian (verified, see JW row). Cebule QASM_GEN basis-state-pair-grouping measurement scheme. Expected to require fewer or equal distinct circuits per iteration than plain 'pauli' measurement (that's QASM_GEN's whole purpose), but the exact circuit count is an output of a real QASM_GEN/TN_QC_OPT run, not predictable in advance -- see docs.mqs.dk QASM_GEN section.",92.037,12134.587
1663,H2O,0,1,10,sto-3g,basis_set_exchange,tn_qc_opt,14,yes,TN_QC_OPT (Cebule),COBYLA,,,1,1,phase,pauli,42,,,"N_Qubit inherited from the JW-mapped Hamiltonian (verified, see JW row). Standard per-Pauli-string measurement (baseline).",92.037,12226.625
1664,H2O,0,1,10,sto-3g,basis_set_exchange,tn_qc_opt,14,yes,TN_QC_OPT (Cebule),COBYLA,,,1,1,phase,qasm_gen_grouped,42,,,"N_Qubit inherited from the JW-mapped Hamiltonian (verified, see JW row). Cebule QASM_GEN basis-state-pair-grouping measurement scheme. Expected to require fewer or equal distinct circuits per iteration than plain 'pauli' measurement (that's QASM_GEN's whole purpose), but the exact circuit count is an output of a real QASM_GEN/TN_QC_OPT run, not predictable in advance -- see docs.mqs.dk QASM_GEN section.",92.037,12318.662
1677,H2O,0,1,10,sto-3g,basis_set_exchange,tn_qc_opt,14,yes,TN_QC_OPT (Cebule),COBYLA,,,2,1,full,pauli,42,,,"N_Qubit inherited from the JW-mapped Hamiltonian (verified, see JW row). Standard per-Pauli-string measurement (baseline).",92.037,12410.699
1678,H2O,0,1,10,sto-3g,basis_set_exchange,tn_qc_opt,14,yes,TN_QC_OPT (Cebule),COBYLA,,,2,1,full,qasm_gen_grouped,42,,,"N_Qubit inherited from the JW-mapped Hamiltonian (verified, see JW row). Cebule QASM_GEN basis-state-pair-grouping measurement scheme. Expected to require fewer or equal distinct circuits per iteration than plain 'pauli' measurement (that's QASM_GEN's whole purpose), but the exact circuit count is an output of a real QASM_GEN/TN_QC_OPT run, not predictable in advance -- see docs.mqs.dk QASM_GEN section.",92.037,12502.736
1679,H2O,0,1,10,sto-3g,basis_set_exchange,tn_qc_opt,14,yes,TN_QC_OPT (Cebule),COBYLA,,,2,1,phase,pauli,42,,,"N_Qubit inherited from the JW-mapped Hamiltonian (verified, see JW row). Standard per-Pauli-string measurement (baseline).",92.037,12594.774
1680,H2O,0,1,10,sto-3g,basis_set_exchange,tn_qc_opt,14,yes,TN_QC_OPT (Cebule),COBYLA,,,2,1,phase,qasm_gen_grouped,42,,,"N_Qubit inherited from the JW-mapped Hamiltonian (verified, see JW row). Cebule QASM_GEN basis-state-pair-grouping measurement scheme. Expected to require fewer or equal distinct circuits per iteration than plain 'pauli' measurement (that's QASM_GEN's whole purpose), but the exact circuit count is an output of a real QASM_GEN/TN_QC_OPT run, not predictable in advance -- see docs.mqs.dk QASM_GEN section.",92.037,12686.811
1693,H2O,0,1,10,sto-3g,basis_set_exchange,tn_qc_opt,14,yes,TN_QC_OPT (Cebule),COBYLA,,,3,1,full,pauli,42,,,"N_Qubit inherited from the JW-mapped Hamiltonian (verified, see JW row). Standard per-Pauli-string measurement (baseline).",92.037,12778.848
1694,H2O,0,1,10,sto-3g,basis_set_exchange,tn_qc_opt,14,yes,TN_QC_OPT (Cebule),COBYLA,,,3,1,full,qasm_gen_grouped,42,,,"N_Qubit inherited from the JW-mapped Hamiltonian (verified, see JW row). Cebule QASM_GEN basis-state-pair-grouping measurement scheme. Expected to require fewer or equal distinct circuits per iteration than plain 'pauli' measurement (that's QASM_GEN's whole purpose), but the exact circuit count is an output of a real QASM_GEN/TN_QC_OPT run, not predictable in advance -- see docs.mqs.dk QASM_GEN section.",92.037,12870.886
1695,H2O,0,1,10,sto-3g,basis_set_exchange,tn_qc_opt,14,yes,TN_QC_OPT (Cebule),COBYLA,,,3,1,phase,pauli,42,,,"N_Qubit inherited from the JW-mapped Hamiltonian (verified, see JW row). Standard per-Pauli-string measurement (baseline).",92.037,12962.923
1696,H2O,0,1,10,sto-3g,basis_set_exchange,tn_qc_opt,14,yes,TN_QC_OPT (Cebule),COBYLA,,,3,1,phase,qasm_gen_grouped,42,,,"N_Qubit inherited from the JW-mapped Hamiltonian (verified, see JW row). Cebule QASM_GEN basis-state-pair-grouping measurement scheme. Expected to require fewer or equal distinct circuits per iteration than plain 'pauli' measurement (that's QASM_GEN's whole purpose), but the exact circuit count is an output of a real QASM_GEN/TN_QC_OPT run, not predictable in advance -- see docs.mqs.dk QASM_GEN section.",92.037,13054.960
1715,H2O,0,1,10,sto-3g,basis_set_exchange,tn_qc_opt+mol_map,9,n/a,TN_QC_OPT (Cebule),COBYLA,,,0,4,n/a (no TN layers),pauli,108,,,N_Qubit inherited from mol_map (see mol_map row) -- not independently re-verified. TN_Layers_Network=0 is the paper's 'circuit only' baseline -- equivalent to plain VQE with this Hamiltonian encoding and no TN preprocessing. Standard per-Pauli-string measurement (baseline).,92.126,13147.086
1716,H2O,0,1,10,sto-3g,basis_set_exchange,tn_qc_opt+mol_map,9,n/a,TN_QC_OPT (Cebule),COBYLA,,,0,4,n/a (no TN layers),qasm_gen_grouped,108,,,"N_Qubit inherited from mol_map (see mol_map row) -- not independently re-verified. TN_Layers_Network=0 is the paper's 'circuit only' baseline -- equivalent to plain VQE with this Hamiltonian encoding and no TN preprocessing. Cebule QASM_GEN basis-state-pair-grouping measurement scheme. Expected to require fewer or equal distinct circuits per iteration than plain 'pauli' measurement (that's QASM_GEN's whole purpose), but the exact circuit count is an output of a real QASM_GEN/TN_QC_OPT run, not predictable in advance -- see docs.mqs.dk QASM_GEN section.",92.126,13239.212
1729,H2O,0,1,10,sto-3g,basis_set_exchange,tn_qc_opt+mol_map,9,n/a,TN_QC_OPT (Cebule),COBYLA,,,1,4,full,pauli,108,,,N_Qubit inherited from mol_map (see mol_map row) -- not independently re-verified. Standard per-Pauli-string measurement (baseline).,92.126,13331.337
1730,H2O,0,1,10,sto-3g,basis_set_exchange,tn_qc_opt+mol_map,9,n/a,TN_QC_OPT (Cebule),COBYLA,,,1,4,full,qasm_gen_grouped,108,,,"N_Qubit inherited from mol_map (see mol_map row) -- not independently re-verified. Cebule QASM_GEN basis-state-pair-grouping measurement scheme. Expected to require fewer or equal distinct circuits per iteration than plain 'pauli' measurement (that's QASM_GEN's whole purpose), but the exact circuit count is an output of a real QASM_GEN/TN_QC_OPT run, not predictable in advance -- see docs.mqs.dk QASM_GEN section.",92.126,13423.463
1731,H2O,0,1,10,sto-3g,basis_set_exchange,tn_qc_opt+mol_map,9,n/a,TN_QC_OPT (Cebule),COBYLA,,,1,4,phase,pauli,108,,,N_Qubit inherited from mol_map (see mol_map row) -- not independently re-verified. Standard per-Pauli-string measurement (baseline).,92.126,13515.589
1732,H2O,0,1,10,sto-3g,basis_set_exchange,tn_qc_opt+mol_map,9,n/a,TN_QC_OPT (Cebule),COBYLA,,,1,4,phase,qasm_gen_grouped,108,,,"N_Qubit inherited from mol_map (see mol_map row) -- not independently re-verified. Cebule QASM_GEN basis-state-pair-grouping measurement scheme. Expected to require fewer or equal distinct circuits per iteration than plain 'pauli' measurement (that's QASM_GEN's whole purpose), but the exact circuit count is an output of a real QASM_GEN/TN_QC_OPT run, not predictable in advance -- see docs.mqs.dk QASM_GEN section.",92.126,13607.715
1745,H2O,0,1,10,sto-3g,basis_set_exchange,tn_qc_opt+mol_map,9,n/a,TN_QC_OPT (Cebule),COBYLA,,,2,4,full,pauli,108,,,N_Qubit inherited from mol_map (see mol_map row) -- not independently re-verified. Standard per-Pauli-string measurement (baseline).,92.126,13699.840
1746,H2O,0,1,10,sto-3g,basis_set_exchange,tn_qc_opt+mol_map,9,n/a,TN_QC_OPT (Cebule),COBYLA,,,2,4,full,qasm_gen_grouped,108,,,"N_Qubit inherited from mol_map (see mol_map row) -- not independently re-verified. Cebule QASM_GEN basis-state-pair-grouping measurement scheme. Expected to require fewer or equal distinct circuits per iteration than plain 'pauli' measurement (that's QASM_GEN's whole purpose), but the exact circuit count is an output of a real QASM_GEN/TN_QC_OPT run, not predictable in advance -- see docs.mqs.dk QASM_GEN section.",92.126,13791.966
1747,H2O,0,1,10,sto-3g,basis_set_exchange,tn_qc_opt+mol_map,9,n/a,TN_QC_OPT (Cebule),COBYLA,,,2,4,phase,pauli,108,,,N_Qubit inherited from mol_map (see mol_map row) -- not independently re-verified. Standard per-Pauli-string measurement (baseline).,92.126,13884.092
1748,H2O,0,1,10,sto-3g,basis_set_exchange,tn_qc_opt+mol_map,9,n/a,TN_QC_OPT (Cebule),COBYLA,,,2,4,phase,qasm_gen_grouped,108,,,"N_Qubit inherited from mol_map (see mol_map row) -- not independently re-verified. Cebule QASM_GEN basis-state-pair-grouping measurement scheme. Expected to require fewer or equal distinct circuits per iteration than plain 'pauli' measurement (that's QASM_GEN's whole purpose), but the exact circuit count is an output of a real QASM_GEN/TN_QC_OPT run, not predictable in advance -- see docs.mqs.dk QASM_GEN section.",92.126,13976.218
1761,H2O,0,1,10,sto-3g,basis_set_exchange,tn_qc_opt+mol_map,9,n/a,TN_QC_OPT (Cebule),COBYLA,,,3,4,full,pauli,108,,,N_Qubit inherited from mol_map (see mol_map row) -- not independently re-verified. Standard per-Pauli-string measurement (baseline).,92.126,14068.343
1762,H2O,0,1,10,sto-3g,basis_set_exchange,tn_qc_opt+mol_map,9,n/a,TN_QC_OPT (Cebule),COBYLA,,,3,4,full,qasm_gen_grouped,108,,,"N_Qubit inherited from mol_map (see mol_map row) -- not independently re-verified. Cebule QASM_GEN basis-state-pair-grouping measurement scheme. Expected to require fewer or equal distinct circuits per iteration than plain 'pauli' measurement (that's QASM_GEN's whole purpose), but the exact circuit count is an output of a real QASM_GEN/TN_QC_OPT run, not predictable in advance -- see docs.mqs.dk QASM_GEN section.",92.126,14160.469
1763,H2O,0,1,10,sto-3g,basis_set_exchange,tn_qc_opt+mol_map,9,n/a,TN_QC_OPT (Cebule),COBYLA,,,3,4,phase,pauli,108,,,N_Qubit inherited from mol_map (see mol_map row) -- not independently re-verified. Standard per-Pauli-string measurement (baseline).,92.126,14252.595
1764,H2O,0,1,10,sto-3g,basis_set_exchange,tn_qc_opt+mol_map,9,n/a,TN_QC_OPT (Cebule),COBYLA,,,3,4,phase,qasm_gen_grouped,108,,,"N_Qubit inherited from mol_map (see mol_map row) -- not independently re-verified. Cebule QASM_GEN basis-state-pair-grouping measurement scheme. Expected to require fewer or equal distinct circuits per iteration than plain 'pauli' measurement (that's QASM_GEN's whole purpose), but the exact circuit count is an output of a real QASM_GEN/TN_QC_OPT run, not predictable in advance -- see docs.mqs.dk QASM_GEN section.",92.126,14344.721
25,H2,0,1,2,qvSZP,grimme_qvszp,JW,16,yes,,,,,,,,pauli,,,,Verified via hamiltonian_sources.qvszp: H=4 spatial fns (1s+1p) x2 atoms x2 spin = 16. Standard per-Pauli-string measurement (baseline).,92.214,14436.935
26,H2,0,1,2,qvSZP,grimme_qvszp,JW,16,yes,,,,,,,,qasm_gen_grouped,,,,"Verified via hamiltonian_sources.qvszp: H=4 spatial fns (1s+1p) x2 atoms x2 spin = 16. Cebule QASM_GEN basis-state-pair-grouping measurement scheme. Expected to require fewer or equal distinct circuits per iteration than plain 'pauli' measurement (that's QASM_GEN's whole purpose), but the exact circuit count is an output of a real QASM_GEN/TN_QC_OPT run, not predictable in advance -- see docs.mqs.dk QASM_GEN section.",92.214,14529.149
483,H2,0,1,2,cc-pvtz,basis_set_exchange,tn_qc_opt+mol_map,10,n/a,TN_QC_OPT (Cebule),COBYLA,,,0,4,n/a (no TN layers),pauli,120,,,N_Qubit inherited from mol_map (see mol_map row) -- not independently re-verified. TN_Layers_Network=0 is the paper's 'circuit only' baseline -- equivalent to plain VQE with this Hamiltonian encoding and no TN preprocessing. Standard per-Pauli-string measurement (baseline).,92.214,14621.363
484,H2,0,1,2,cc-pvtz,basis_set_exchange,tn_qc_opt+mol_map,10,n/a,TN_QC_OPT (Cebule),COBYLA,,,0,4,n/a (no TN layers),qasm_gen_grouped,120,,,"N_Qubit inherited from mol_map (see mol_map row) -- not independently re-verified. TN_Layers_Network=0 is the paper's 'circuit only' baseline -- equivalent to plain VQE with this Hamiltonian encoding and no TN preprocessing. Cebule QASM_GEN basis-state-pair-grouping measurement scheme. Expected to require fewer or equal distinct circuits per iteration than plain 'pauli' measurement (that's QASM_GEN's whole purpose), but the exact circuit count is an output of a real QASM_GEN/TN_QC_OPT run, not predictable in advance -- see docs.mqs.dk QASM_GEN section.",92.214,14713.577
497,H2,0,1,2,cc-pvtz,basis_set_exchange,tn_qc_opt+mol_map,10,n/a,TN_QC_OPT (Cebule),COBYLA,,,1,4,full,pauli,120,,,N_Qubit inherited from mol_map (see mol_map row) -- not independently re-verified. Standard per-Pauli-string measurement (baseline).,92.214,14805.792
498,H2,0,1,2,cc-pvtz,basis_set_exchange,tn_qc_opt+mol_map,10,n/a,TN_QC_OPT (Cebule),COBYLA,,,1,4,full,qasm_gen_grouped,120,,,"N_Qubit inherited from mol_map (see mol_map row) -- not independently re-verified. Cebule QASM_GEN basis-state-pair-grouping measurement scheme. Expected to require fewer or equal distinct circuits per iteration than plain 'pauli' measurement (that's QASM_GEN's whole purpose), but the exact circuit count is an output of a real QASM_GEN/TN_QC_OPT run, not predictable in advance -- see docs.mqs.dk QASM_GEN section.",92.214,14898.006
499,H2,0,1,2,cc-pvtz,basis_set_exchange,tn_qc_opt+mol_map,10,n/a,TN_QC_OPT (Cebule),COBYLA,,,1,4,phase,pauli,120,,,N_Qubit inherited from mol_map (see mol_map row) -- not independently re-verified. Standard per-Pauli-string measurement (baseline).,92.214,14990.220
500,H2,0,1,2,cc-pvtz,basis_set_exchange,tn_qc_opt+mol_map,10,n/a,TN_QC_OPT (Cebule),COBYLA,,,1,4,phase,qasm_gen_grouped,120,,,"N_Qubit inherited from mol_map (see mol_map row) -- not independently re-verified. Cebule QASM_GEN basis-state-pair-grouping measurement scheme. Expected to require fewer or equal distinct circuits per iteration than plain 'pauli' measurement (that's QASM_GEN's whole purpose), but the exact circuit count is an output of a real QASM_GEN/TN_QC_OPT run, not predictable in advance -- see docs.mqs.dk QASM_GEN section.",92.214,15082.434
513,H2,0,1,2,cc-pvtz,basis_set_exchange,tn_qc_opt+mol_map,10,n/a,TN_QC_OPT (Cebule),COBYLA,,,2,4,full,pauli,120,,,N_Qubit inherited from mol_map (see mol_map row) -- not independently re-verified. Standard per-Pauli-string measurement (baseline).,92.214,15174.649
514,H2,0,1,2,cc-pvtz,basis_set_exchange,tn_qc_opt+mol_map,10,n/a,TN_QC_OPT (Cebule),COBYLA,,,2,4,full,qasm_gen_grouped,120,,,"N_Qubit inherited from mol_map (see mol_map row) -- not independently re-verified. Cebule QASM_GEN basis-state-pair-grouping measurement scheme. Expected to require fewer or equal distinct circuits per iteration than plain 'pauli' measurement (that's QASM_GEN's whole purpose), but the exact circuit count is an output of a real QASM_GEN/TN_QC_OPT run, not predictable in advance -- see docs.mqs.dk QASM_GEN section.",92.214,15266.863
515,H2,0,1,2,cc-pvtz,basis_set_exchange,tn_qc_opt+mol_map,10,n/a,TN_QC_OPT (Cebule),COBYLA,,,2,4,phase,pauli,120,,,N_Qubit inherited from mol_map (see mol_map row) -- not independently re-verified. Standard per-Pauli-string measurement (baseline).,92.214,15359.077
516,H2,0,1,2,cc-pvtz,basis_set_exchange,tn_qc_opt+mol_map,10,n/a,TN_QC_OPT (Cebule),COBYLA,,,2,4,phase,qasm_gen_grouped,120,,,"N_Qubit inherited from mol_map (see mol_map row) -- not independently re-verified. Cebule QASM_GEN basis-state-pair-grouping measurement scheme. Expected to require fewer or equal distinct circuits per iteration than plain 'pauli' measurement (that's QASM_GEN's whole purpose), but the exact circuit count is an output of a real QASM_GEN/TN_QC_OPT run, not predictable in advance -- see docs.mqs.dk QASM_GEN section.",92.214,15451.291
529,H2,0,1,2,cc-pvtz,basis_set_exchange,tn_qc_opt+mol_map,10,n/a,TN_QC_OPT (Cebule),COBYLA,,,3,4,full,pauli,120,,,N_Qubit inherited from mol_map (see mol_map row) -- not independently re-verified. Standard per-Pauli-string measurement (baseline).,92.214,15543.505
530,H2,0,1,2,cc-pvtz,basis_set_exchange,tn_qc_opt+mol_map,10,n/a,TN_QC_OPT (Cebule),COBYLA,,,3,4,full,qasm_gen_grouped,120,,,"N_Qubit inherited from mol_map (see mol_map row) -- not independently re-verified. Cebule QASM_GEN basis-state-pair-grouping measurement scheme. Expected to require fewer or equal distinct circuits per iteration than plain 'pauli' measurement (that's QASM_GEN's whole purpose), but the exact circuit count is an output of a real QASM_GEN/TN_QC_OPT run, not predictable in advance -- see docs.mqs.dk QASM_GEN section.",92.214,15635.720
531,H2,0,1,2,cc-pvtz,basis_set_exchange,tn_qc_opt+mol_map,10,n/a,TN_QC_OPT (Cebule),COBYLA,,,3,4,phase,pauli,120,,,N_Qubit inherited from mol_map (see mol_map row) -- not independently re-verified. Standard per-Pauli-string measurement (baseline).,92.214,15727.934
532,H2,0,1,2,cc-pvtz,basis_set_exchange,tn_qc_opt+mol_map,10,n/a,TN_QC_OPT (Cebule),COBYLA,,,3,4,phase,qasm_gen_grouped,120,,,"N_Qubit inherited from mol_map (see mol_map row) -- not independently re-verified. Cebule QASM_GEN basis-state-pair-grouping measurement scheme. Expected to require fewer or equal distinct circuits per iteration than plain 'pauli' measurement (that's QASM_GEN's whole purpose), but the exact circuit count is an output of a real QASM_GEN/TN_QC_OPT run, not predictable in advance -- see docs.mqs.dk QASM_GEN section.",92.214,15820.148
757,H2,0,1,2,qvSZP,grimme_qvszp,tn_qc_opt,16,yes,TN_QC_OPT (Cebule),COBYLA,,,0,1,n/a (no TN layers),pauli,48,,,"N_Qubit inherited from the JW-mapped Hamiltonian (verified, see JW row). TN_Layers_Network=0 is the paper's 'circuit only' baseline -- equivalent to plain VQE with this Hamiltonian encoding and no TN preprocessing. Standard per-Pauli-string measurement (baseline).",92.214,15912.362
758,H2,0,1,2,qvSZP,grimme_qvszp,tn_qc_opt,16,yes,TN_QC_OPT (Cebule),COBYLA,,,0,1,n/a (no TN layers),qasm_gen_grouped,48,,,"N_Qubit inherited from the JW-mapped Hamiltonian (verified, see JW row). TN_Layers_Network=0 is the paper's 'circuit only' baseline -- equivalent to plain VQE with this Hamiltonian encoding and no TN preprocessing. Cebule QASM_GEN basis-state-pair-grouping measurement scheme. Expected to require fewer or equal distinct circuits per iteration than plain 'pauli' measurement (that's QASM_GEN's whole purpose), but the exact circuit count is an output of a real QASM_GEN/TN_QC_OPT run, not predictable in advance -- see docs.mqs.dk QASM_GEN section.",92.214,16004.577
765,H2,0,1,2,qvSZP,grimme_qvszp,tn_qc_opt,16,yes,TN_QC_OPT (Cebule),COBYLA,,,1,1,full,pauli,48,,,"N_Qubit inherited from the JW-mapped Hamiltonian (verified, see JW row). Standard per-Pauli-string measurement (baseline).",92.214,16096.791
766,H2,0,1,2,qvSZP,grimme_qvszp,tn_qc_opt,16,yes,TN_QC_OPT (Cebule),COBYLA,,,1,1,full,qasm_gen_grouped,48,,,"N_Qubit inherited from the JW-mapped Hamiltonian (verified, see JW row). Cebule QASM_GEN basis-state-pair-grouping measurement scheme. Expected to require fewer or equal distinct circuits per iteration than plain 'pauli' measurement (that's QASM_GEN's whole purpose), but the exact circuit count is an output of a real QASM_GEN/TN_QC_OPT run, not predictable in advance -- see docs.mqs.dk QASM_GEN section.",92.214,16189.005
767,H2,0,1,2,qvSZP,grimme_qvszp,tn_qc_opt,16,yes,TN_QC_OPT (Cebule),COBYLA,,,1,1,phase,pauli,48,,,"N_Qubit inherited from the JW-mapped Hamiltonian (verified, see JW row). Standard per-Pauli-string measurement (baseline).",92.214,16281.219
768,H2,0,1,2,qvSZP,grimme_qvszp,tn_qc_opt,16,yes,TN_QC_OPT (Cebule),COBYLA,,,1,1,phase,qasm_gen_grouped,48,,,"N_Qubit inherited from the JW-mapped Hamiltonian (verified, see JW row). Cebule QASM_GEN basis-state-pair-grouping measurement scheme. Expected to require fewer or equal distinct circuits per iteration than plain 'pauli' measurement (that's QASM_GEN's whole purpose), but the exact circuit count is an output of a real QASM_GEN/TN_QC_OPT run, not predictable in advance -- see docs.mqs.dk QASM_GEN section.",92.214,16373.433
781,H2,0,1,2,qvSZP,grimme_qvszp,tn_qc_opt,16,yes,TN_QC_OPT (Cebule),COBYLA,,,2,1,full,pauli,48,,,"N_Qubit inherited from the JW-mapped Hamiltonian (verified, see JW row). Standard per-Pauli-string measurement (baseline).",92.214,16465.648
782,H2,0,1,2,qvSZP,grimme_qvszp,tn_qc_opt,16,yes,TN_QC_OPT (Cebule),COBYLA,,,2,1,full,qasm_gen_grouped,48,,,"N_Qubit inherited from the JW-mapped Hamiltonian (verified, see JW row). Cebule QASM_GEN basis-state-pair-grouping measurement scheme. Expected to require fewer or equal distinct circuits per iteration than plain 'pauli' measurement (that's QASM_GEN's whole purpose), but the exact circuit count is an output of a real QASM_GEN/TN_QC_OPT run, not predictable in advance -- see docs.mqs.dk QASM_GEN section.",92.214,16557.862
783,H2,0,1,2,qvSZP,grimme_qvszp,tn_qc_opt,16,yes,TN_QC_OPT (Cebule),COBYLA,,,2,1,phase,pauli,48,,,"N_Qubit inherited from the JW-mapped Hamiltonian (verified, see JW row). Standard per-Pauli-string measurement (baseline).",92.214,16650.076
784,H2,0,1,2,qvSZP,grimme_qvszp,tn_qc_opt,16,yes,TN_QC_OPT (Cebule),COBYLA,,,2,1,phase,qasm_gen_grouped,48,,,"N_Qubit inherited from the JW-mapped Hamiltonian (verified, see JW row). Cebule QASM_GEN basis-state-pair-grouping measurement scheme. Expected to require fewer or equal distinct circuits per iteration than plain 'pauli' measurement (that's QASM_GEN's whole purpose), but the exact circuit count is an output of a real QASM_GEN/TN_QC_OPT run, not predictable in advance -- see docs.mqs.dk QASM_GEN section.",92.214,16742.290
797,H2,0,1,2,qvSZP,grimme_qvszp,tn_qc_opt,16,yes,TN_QC_OPT (Cebule),COBYLA,,,3,1,full,pauli,48,,,"N_Qubit inherited from the JW-mapped Hamiltonian (verified, see JW row). Standard per-Pauli-string measurement (baseline).",92.214,16834.505
798,H2,0,1,2,qvSZP,grimme_qvszp,tn_qc_opt,16,yes,TN_QC_OPT (Cebule),COBYLA,,,3,1,full,qasm_gen_grouped,48,,,"N_Qubit inherited from the JW-mapped Hamiltonian (verified, see JW row). Cebule QASM_GEN basis-state-pair-grouping measurement scheme. Expected to require fewer or equal distinct circuits per iteration than plain 'pauli' measurement (that's QASM_GEN's whole purpose), but the exact circuit count is an output of a real QASM_GEN/TN_QC_OPT run, not predictable in advance -- see docs.mqs.dk QASM_GEN section.",92.214,16926.719
799,H2,0,1,2,qvSZP,grimme_qvszp,tn_qc_opt,16,yes,TN_QC_OPT (Cebule),COBYLA,,,3,1,phase,pauli,48,,,"N_Qubit inherited from the JW-mapped Hamiltonian (verified, see JW row). Standard per-Pauli-string measurement (baseline).",92.214,17018.933
800,H2,0,1,2,qvSZP,grimme_qvszp,tn_qc_opt,16,yes,TN_QC_OPT (Cebule),COBYLA,,,3,1,phase,qasm_gen_grouped,48,,,"N_Qubit inherited from the JW-mapped Hamiltonian (verified, see JW row). Cebule QASM_GEN basis-state-pair-grouping measurement scheme. Expected to require fewer or equal distinct circuits per iteration than plain 'pauli' measurement (that's QASM_GEN's whole purpose), but the exact circuit count is an output of a real QASM_GEN/TN_QC_OPT run, not predictable in advance -- see docs.mqs.dk QASM_GEN section.",92.214,17111.147
927,Li2,0,1,6,sto-3g,basis_set_exchange,tn_qc_opt+mol_map,14,n/a,TN_QC_OPT (Cebule),COBYLA,,,0,2,n/a (no TN layers),pauli,84,,,N_Qubit inherited from mol_map (see mol_map row) -- not independently re-verified. TN_Layers_Network=0 is the paper's 'circuit only' baseline -- equivalent to plain VQE with this Hamiltonian encoding and no TN preprocessing. Standard per-Pauli-string measurement (baseline).,92.214,17203.361
928,Li2,0,1,6,sto-3g,basis_set_exchange,tn_qc_opt+mol_map,14,n/a,TN_QC_OPT (Cebule),COBYLA,,,0,2,n/a (no TN layers),qasm_gen_grouped,84,,,"N_Qubit inherited from mol_map (see mol_map row) -- not independently re-verified. TN_Layers_Network=0 is the paper's 'circuit only' baseline -- equivalent to plain VQE with this Hamiltonian encoding and no TN preprocessing. Cebule QASM_GEN basis-state-pair-grouping measurement scheme. Expected to require fewer or equal distinct circuits per iteration than plain 'pauli' measurement (that's QASM_GEN's whole purpose), but the exact circuit count is an output of a real QASM_GEN/TN_QC_OPT run, not predictable in advance -- see docs.mqs.dk QASM_GEN section.",92.214,17295.576
937,Li2,0,1,6,sto-3g,basis_set_exchange,tn_qc_opt+mol_map,14,n/a,TN_QC_OPT (Cebule),COBYLA,,,1,2,full,pauli,84,,,N_Qubit inherited from mol_map (see mol_map row) -- not independently re-verified. Standard per-Pauli-string measurement (baseline).,92.214,17387.790
938,Li2,0,1,6,sto-3g,basis_set_exchange,tn_qc_opt+mol_map,14,n/a,TN_QC_OPT (Cebule),COBYLA,,,1,2,full,qasm_gen_grouped,84,,,"N_Qubit inherited from mol_map (see mol_map row) -- not independently re-verified. Cebule QASM_GEN basis-state-pair-grouping measurement scheme. Expected to require fewer or equal distinct circuits per iteration than plain 'pauli' measurement (that's QASM_GEN's whole purpose), but the exact circuit count is an output of a real QASM_GEN/TN_QC_OPT run, not predictable in advance -- see docs.mqs.dk QASM_GEN section.",92.214,17480.004
939,Li2,0,1,6,sto-3g,basis_set_exchange,tn_qc_opt+mol_map,14,n/a,TN_QC_OPT (Cebule),COBYLA,,,1,2,phase,pauli,84,,,N_Qubit inherited from mol_map (see mol_map row) -- not independently re-verified. Standard per-Pauli-string measurement (baseline).,92.214,17572.218
940,Li2,0,1,6,sto-3g,basis_set_exchange,tn_qc_opt+mol_map,14,n/a,TN_QC_OPT (Cebule),COBYLA,,,1,2,phase,qasm_gen_grouped,84,,,"N_Qubit inherited from mol_map (see mol_map row) -- not independently re-verified. Cebule QASM_GEN basis-state-pair-grouping measurement scheme. Expected to require fewer or equal distinct circuits per iteration than plain 'pauli' measurement (that's QASM_GEN's whole purpose), but the exact circuit count is an output of a real QASM_GEN/TN_QC_OPT run, not predictable in advance -- see docs.mqs.dk QASM_GEN section.",92.214,17664.433
953,Li2,0,1,6,sto-3g,basis_set_exchange,tn_qc_opt+mol_map,14,n/a,TN_QC_OPT (Cebule),COBYLA,,,2,2,full,pauli,84,,,N_Qubit inherited from mol_map (see mol_map row) -- not independently re-verified. Standard per-Pauli-string measurement (baseline).,92.214,17756.647
954,Li2,0,1,6,sto-3g,basis_set_exchange,tn_qc_opt+mol_map,14,n/a,TN_QC_OPT (Cebule),COBYLA,,,2,2,full,qasm_gen_grouped,84,,,"N_Qubit inherited from mol_map (see mol_map row) -- not independently re-verified. Cebule QASM_GEN basis-state-pair-grouping measurement scheme. Expected to require fewer or equal distinct circuits per iteration than plain 'pauli' measurement (that's QASM_GEN's whole purpose), but the exact circuit count is an output of a real QASM_GEN/TN_QC_OPT run, not predictable in advance -- see docs.mqs.dk QASM_GEN section.",92.214,17848.861
955,Li2,0,1,6,sto-3g,basis_set_exchange,tn_qc_opt+mol_map,14,n/a,TN_QC_OPT (Cebule),COBYLA,,,2,2,phase,pauli,84,,,N_Qubit inherited from mol_map (see mol_map row) -- not independently re-verified. Standard per-Pauli-string measurement (baseline).,92.214,17941.075
956,Li2,0,1,6,sto-3g,basis_set_exchange,tn_qc_opt+mol_map,14,n/a,TN_QC_OPT (Cebule),COBYLA,,,2,2,phase,qasm_gen_grouped,84,,,"N_Qubit inherited from mol_map (see mol_map row) -- not independently re-verified. Cebule QASM_GEN basis-state-pair-grouping measurement scheme. Expected to require fewer or equal distinct circuits per iteration than plain 'pauli' measurement (that's QASM_GEN's whole purpose), but the exact circuit count is an output of a real QASM_GEN/TN_QC_OPT run, not predictable in advance -- see docs.mqs.dk QASM_GEN section.",92.214,18033.289
969,Li2,0,1,6,sto-3g,basis_set_exchange,tn_qc_opt+mol_map,14,n/a,TN_QC_OPT (Cebule),COBYLA,,,3,2,full,pauli,84,,,N_Qubit inherited from mol_map (see mol_map row) -- not independently re-verified. Standard per-Pauli-string measurement (baseline).,92.214,18125.504
970,Li2,0,1,6,sto-3g,basis_set_exchange,tn_qc_opt+mol_map,14,n/a,TN_QC_OPT (Cebule),COBYLA,,,3,2,full,qasm_gen_grouped,84,,,"N_Qubit inherited from mol_map (see mol_map row) -- not independently re-verified. Cebule QASM_GEN basis-state-pair-grouping measurement scheme. Expected to require fewer or equal distinct circuits per iteration than plain 'pauli' measurement (that's QASM_GEN's whole purpose), but the exact circuit count is an output of a real QASM_GEN/TN_QC_OPT run, not predictable in advance -- see docs.mqs.dk QASM_GEN section.",92.214,18217.718
971,Li2,0,1,6,sto-3g,basis_set_exchange,tn_qc_opt+mol_map,14,n/a,TN_QC_OPT (Cebule),COBYLA,,,3,2,phase,pauli,84,,,N_Qubit inherited from mol_map (see mol_map row) -- not independently re-verified. Standard per-Pauli-string measurement (baseline).,92.214,18309.932
972,Li2,0,1,6,sto-3g,basis_set_exchange,tn_qc_opt+mol_map,14,n/a,TN_QC_OPT (Cebule),COBYLA,,,3,2,phase,qasm_gen_grouped,84,,,"N_Qubit inherited from mol_map (see mol_map row) -- not independently re-verified. Cebule QASM_GEN basis-state-pair-grouping measurement scheme. Expected to require fewer or equal distinct circuits per iteration than plain 'pauli' measurement (that's QASM_GEN's whole purpose), but the exact circuit count is an output of a real QASM_GEN/TN_QC_OPT run, not predictable in advance -- see docs.mqs.dk QASM_GEN section.",92.214,18402.146
1655,H2O,0,1,10,sto-3g,basis_set_exchange,tn_qc_opt,14,yes,TN_QC_OPT (Cebule),COBYLA,,,0,2,n/a (no TN layers),pauli,84,,,"N_Qubit inherited from the JW-mapped Hamiltonian (verified, see JW row). TN_Layers_Network=0 is the paper's 'circuit only' baseline -- equivalent to plain VQE with this Hamiltonian encoding and no TN preprocessing. Standard per-Pauli-string measurement (baseline).",92.214,18494.361
1656,H2O,0,1,10,sto-3g,basis_set_exchange,tn_qc_opt,14,yes,TN_QC_OPT (Cebule),COBYLA,,,0,2,n/a (no TN layers),qasm_gen_grouped,84,,,"N_Qubit inherited from the JW-mapped Hamiltonian (verified, see JW row). TN_Layers_Network=0 is the paper's 'circuit only' baseline -- equivalent to plain VQE with this Hamiltonian encoding and no TN preprocessing. Cebule QASM_GEN basis-state-pair-grouping measurement scheme. Expected to require fewer or equal distinct circuits per iteration than plain 'pauli' measurement (that's QASM_GEN's whole purpose), but the exact circuit count is an output of a real QASM_GEN/TN_QC_OPT run, not predictable in advance -- see docs.mqs.dk QASM_GEN section.",92.214,18586.575
1665,H2O,0,1,10,sto-3g,basis_set_exchange,tn_qc_opt,14,yes,TN_QC_OPT (Cebule),COBYLA,,,1,2,full,pauli,84,,,"N_Qubit inherited from the JW-mapped Hamiltonian (verified, see JW row). Standard per-Pauli-string measurement (baseline).",92.214,18678.789
1666,H2O,0,1,10,sto-3g,basis_set_exchange,tn_qc_opt,14,yes,TN_QC_OPT (Cebule),COBYLA,,,1,2,full,qasm_gen_grouped,84,,,"N_Qubit inherited from the JW-mapped Hamiltonian (verified, see JW row). Cebule QASM_GEN basis-state-pair-grouping measurement scheme. Expected to require fewer or equal distinct circuits per iteration than plain 'pauli' measurement (that's QASM_GEN's whole purpose), but the exact circuit count is an output of a real QASM_GEN/TN_QC_OPT run, not predictable in advance -- see docs.mqs.dk QASM_GEN section.",92.214,18771.003
1667,H2O,0,1,10,sto-3g,basis_set_exchange,tn_qc_opt,14,yes,TN_QC_OPT (Cebule),COBYLA,,,1,2,phase,pauli,84,,,"N_Qubit inherited from the JW-mapped Hamiltonian (verified, see JW row). Standard per-Pauli-string measurement (baseline).",92.214,18863.217
1668,H2O,0,1,10,sto-3g,basis_set_exchange,tn_qc_opt,14,yes,TN_QC_OPT (Cebule),COBYLA,,,1,2,phase,qasm_gen_grouped,84,,,"N_Qubit inherited from the JW-mapped Hamiltonian (verified, see JW row). Cebule QASM_GEN basis-state-pair-grouping measurement scheme. Expected to require fewer or equal distinct circuits per iteration than plain 'pauli' measurement (that's QASM_GEN's whole purpose), but the exact circuit count is an output of a real QASM_GEN/TN_QC_OPT run, not predictable in advance -- see docs.mqs.dk QASM_GEN section.",92.214,18955.432
1681,H2O,0,1,10,sto-3g,basis_set_exchange,tn_qc_opt,14,yes,TN_QC_OPT (Cebule),COBYLA,,,2,2,full,pauli,84,,,"N_Qubit inherited from the JW-mapped Hamiltonian (verified, see JW row). Standard per-Pauli-string measurement (baseline).",92.214,19047.646
1682,H2O,0,1,10,sto-3g,basis_set_exchange,tn_qc_opt,14,yes,TN_QC_OPT (Cebule),COBYLA,,,2,2,full,qasm_gen_grouped,84,,,"N_Qubit inherited from the JW-mapped Hamiltonian (verified, see JW row). Cebule QASM_GEN basis-state-pair-grouping measurement scheme. Expected to require fewer or equal distinct circuits per iteration than plain 'pauli' measurement (that's QASM_GEN's whole purpose), but the exact circuit count is an output of a real QASM_GEN/TN_QC_OPT run, not predictable in advance -- see docs.mqs.dk QASM_GEN section.",92.214,19139.860
1683,H2O,0,1,10,sto-3g,basis_set_exchange,tn_qc_opt,14,yes,TN_QC_OPT (Cebule),COBYLA,,,2,2,phase,pauli,84,,,"N_Qubit inherited from the JW-mapped Hamiltonian (verified, see JW row). Standard per-Pauli-string measurement (baseline).",92.214,19232.074
1684,H2O,0,1,10,sto-3g,basis_set_exchange,tn_qc_opt,14,yes,TN_QC_OPT (Cebule),COBYLA,,,2,2,phase,qasm_gen_grouped,84,,,"N_Qubit inherited from the JW-mapped Hamiltonian (verified, see JW row). Cebule QASM_GEN basis-state-pair-grouping measurement scheme. Expected to require fewer or equal distinct circuits per iteration than plain 'pauli' measurement (that's QASM_GEN's whole purpose), but the exact circuit count is an output of a real QASM_GEN/TN_QC_OPT run, not predictable in advance -- see docs.mqs.dk QASM_GEN section.",92.214,19324.289
1697,H2O,0,1,10,sto-3g,basis_set_exchange,tn_qc_opt,14,yes,TN_QC_OPT (Cebule),COBYLA,,,3,2,full,pauli,84,,,"N_Qubit inherited from the JW-mapped Hamiltonian (verified, see JW row). Standard per-Pauli-string measurement (baseline).",92.214,19416.503
1698,H2O,0,1,10,sto-3g,basis_set_exchange,tn_qc_opt,14,yes,TN_QC_OPT (Cebule),COBYLA,,,3,2,full,qasm_gen_grouped,84,,,"N_Qubit inherited from the JW-mapped Hamiltonian (verified, see JW row). Cebule QASM_GEN basis-state-pair-grouping measurement scheme. Expected to require fewer or equal distinct circuits per iteration than plain 'pauli' measurement (that's QASM_GEN's whole purpose), but the exact circuit count is an output of a real QASM_GEN/TN_QC_OPT run, not predictable in advance -- see docs.mqs.dk QASM_GEN section.",92.214,19508.717
1699,H2O,0,1,10,sto-3g,basis_set_exchange,tn_qc_opt,14,yes,TN_QC_OPT (Cebule),COBYLA,,,3,2,phase,pauli,84,,,"N_Qubit inherited from the JW-mapped Hamiltonian (verified, see JW row). Standard per-Pauli-string measurement (baseline).",92.214,19600.931
1700,H2O,0,1,10,sto-3g,basis_set_exchange,tn_qc_opt,14,yes,TN_QC_OPT (Cebule),COBYLA,,,3,2,phase,qasm_gen_grouped,84,,,"N_Qubit inherited from the JW-mapped Hamiltonian (verified, see JW row). Cebule QASM_GEN basis-state-pair-grouping measurement scheme. Expected to require fewer or equal distinct circuits per iteration than plain 'pauli' measurement (that's QASM_GEN's whole purpose), but the exact circuit count is an output of a real QASM_GEN/TN_QC_OPT run, not predictable in advance -- see docs.mqs.dk QASM_GEN section.",92.214,19693.145
759,H2,0,1,2,qvSZP,grimme_qvszp,tn_qc_opt,16,yes,TN_QC_OPT (Cebule),COBYLA,,,0,2,n/a (no TN layers),pauli,96,,,"N_Qubit inherited from the JW-mapped Hamiltonian (verified, see JW row). TN_Layers_Network=0 is the paper's 'circuit only' baseline -- equivalent to plain VQE with this Hamiltonian encoding and no TN preprocessing. Standard per-Pauli-string measurement (baseline).",92.391,19785.537
760,H2,0,1,2,qvSZP,grimme_qvszp,tn_qc_opt,16,yes,TN_QC_OPT (Cebule),COBYLA,,,0,2,n/a (no TN layers),qasm_gen_grouped,96,,,"N_Qubit inherited from the JW-mapped Hamiltonian (verified, see JW row). TN_Layers_Network=0 is the paper's 'circuit only' baseline -- equivalent to plain VQE with this Hamiltonian encoding and no TN preprocessing. Cebule QASM_GEN basis-state-pair-grouping measurement scheme. Expected to require fewer or equal distinct circuits per iteration than plain 'pauli' measurement (that's QASM_GEN's whole purpose), but the exact circuit count is an output of a real QASM_GEN/TN_QC_OPT run, not predictable in advance -- see docs.mqs.dk QASM_GEN section.",92.391,19877.928
769,H2,0,1,2,qvSZP,grimme_qvszp,tn_qc_opt,16,yes,TN_QC_OPT (Cebule),COBYLA,,,1,2,full,pauli,96,,,"N_Qubit inherited from the JW-mapped Hamiltonian (verified, see JW row). Standard per-Pauli-string measurement (baseline).",92.391,19970.319
770,H2,0,1,2,qvSZP,grimme_qvszp,tn_qc_opt,16,yes,TN_QC_OPT (Cebule),COBYLA,,,1,2,full,qasm_gen_grouped,96,,,"N_Qubit inherited from the JW-mapped Hamiltonian (verified, see JW row). Cebule QASM_GEN basis-state-pair-grouping measurement scheme. Expected to require fewer or equal distinct circuits per iteration than plain 'pauli' measurement (that's QASM_GEN's whole purpose), but the exact circuit count is an output of a real QASM_GEN/TN_QC_OPT run, not predictable in advance -- see docs.mqs.dk QASM_GEN section.",92.391,20062.710
771,H2,0,1,2,qvSZP,grimme_qvszp,tn_qc_opt,16,yes,TN_QC_OPT (Cebule),COBYLA,,,1,2,phase,pauli,96,,,"N_Qubit inherited from the JW-mapped Hamiltonian (verified, see JW row). Standard per-Pauli-string measurement (baseline).",92.391,20155.101
772,H2,0,1,2,qvSZP,grimme_qvszp,tn_qc_opt,16,yes,TN_QC_OPT (Cebule),COBYLA,,,1,2,phase,qasm_gen_grouped,96,,,"N_Qubit inherited from the JW-mapped Hamiltonian (verified, see JW row). Cebule QASM_GEN basis-state-pair-grouping measurement scheme. Expected to require fewer or equal distinct circuits per iteration than plain 'pauli' measurement (that's QASM_GEN's whole purpose), but the exact circuit count is an output of a real QASM_GEN/TN_QC_OPT run, not predictable in advance -- see docs.mqs.dk QASM_GEN section.",92.391,20247.492
785,H2,0,1,2,qvSZP,grimme_qvszp,tn_qc_opt,16,yes,TN_QC_OPT (Cebule),COBYLA,,,2,2,full,pauli,96,,,"N_Qubit inherited from the JW-mapped Hamiltonian (verified, see JW row). Standard per-Pauli-string measurement (baseline).",92.391,20339.884
786,H2,0,1,2,qvSZP,grimme_qvszp,tn_qc_opt,16,yes,TN_QC_OPT (Cebule),COBYLA,,,2,2,full,qasm_gen_grouped,96,,,"N_Qubit inherited from the JW-mapped Hamiltonian (verified, see JW row). Cebule QASM_GEN basis-state-pair-grouping measurement scheme. Expected to require fewer or equal distinct circuits per iteration than plain 'pauli' measurement (that's QASM_GEN's whole purpose), but the exact circuit count is an output of a real QASM_GEN/TN_QC_OPT run, not predictable in advance -- see docs.mqs.dk QASM_GEN section.",92.391,20432.275
787,H2,0,1,2,qvSZP,grimme_qvszp,tn_qc_opt,16,yes,TN_QC_OPT (Cebule),COBYLA,,,2,2,phase,pauli,96,,,"N_Qubit inherited from the JW-mapped Hamiltonian (verified, see JW row). Standard per-Pauli-string measurement (baseline).",92.391,20524.666
788,H2,0,1,2,qvSZP,grimme_qvszp,tn_qc_opt,16,yes,TN_QC_OPT (Cebule),COBYLA,,,2,2,phase,qasm_gen_grouped,96,,,"N_Qubit inherited from the JW-mapped Hamiltonian (verified, see JW row). Cebule QASM_GEN basis-state-pair-grouping measurement scheme. Expected to require fewer or equal distinct circuits per iteration than plain 'pauli' measurement (that's QASM_GEN's whole purpose), but the exact circuit count is an output of a real QASM_GEN/TN_QC_OPT run, not predictable in advance -- see docs.mqs.dk QASM_GEN section.",92.391,20617.057
801,H2,0,1,2,qvSZP,grimme_qvszp,tn_qc_opt,16,yes,TN_QC_OPT (Cebule),COBYLA,,,3,2,full,pauli,96,,,"N_Qubit inherited from the JW-mapped Hamiltonian (verified, see JW row). Standard per-Pauli-string measurement (baseline).",92.391,20709.448
802,H2,0,1,2,qvSZP,grimme_qvszp,tn_qc_opt,16,yes,TN_QC_OPT (Cebule),COBYLA,,,3,2,full,qasm_gen_grouped,96,,,"N_Qubit inherited from the JW-mapped Hamiltonian (verified, see JW row). Cebule QASM_GEN basis-state-pair-grouping measurement scheme. Expected to require fewer or equal distinct circuits per iteration than plain 'pauli' measurement (that's QASM_GEN's whole purpose), but the exact circuit count is an output of a real QASM_GEN/TN_QC_OPT run, not predictable in advance -- see docs.mqs.dk QASM_GEN section.",92.391,20801.839
803,H2,0,1,2,qvSZP,grimme_qvszp,tn_qc_opt,16,yes,TN_QC_OPT (Cebule),COBYLA,,,3,2,phase,pauli,96,,,"N_Qubit inherited from the JW-mapped Hamiltonian (verified, see JW row). Standard per-Pauli-string measurement (baseline).",92.391,20894.231
804,H2,0,1,2,qvSZP,grimme_qvszp,tn_qc_opt,16,yes,TN_QC_OPT (Cebule),COBYLA,,,3,2,phase,qasm_gen_grouped,96,,,"N_Qubit inherited from the JW-mapped Hamiltonian (verified, see JW row). Cebule QASM_GEN basis-state-pair-grouping measurement scheme. Expected to require fewer or equal distinct circuits per iteration than plain 'pauli' measurement (that's QASM_GEN's whole purpose), but the exact circuit count is an output of a real QASM_GEN/TN_QC_OPT run, not predictable in advance -- see docs.mqs.dk QASM_GEN section.",92.391,20986.622
929,Li2,0,1,6,sto-3g,basis_set_exchange,tn_qc_opt+mol_map,14,n/a,TN_QC_OPT (Cebule),COBYLA,,,0,3,n/a (no TN layers),pauli,126,,,N_Qubit inherited from mol_map (see mol_map row) -- not independently re-verified. TN_Layers_Network=0 is the paper's 'circuit only' baseline -- equivalent to plain VQE with this Hamiltonian encoding and no TN preprocessing. Standard per-Pauli-string measurement (baseline).,92.391,21079.013
930,Li2,0,1,6,sto-3g,basis_set_exchange,tn_qc_opt+mol_map,14,n/a,TN_QC_OPT (Cebule),COBYLA,,,0,3,n/a (no TN layers),qasm_gen_grouped,126,,,"N_Qubit inherited from mol_map (see mol_map row) -- not independently re-verified. TN_Layers_Network=0 is the paper's 'circuit only' baseline -- equivalent to plain VQE with this Hamiltonian encoding and no TN preprocessing. Cebule QASM_GEN basis-state-pair-grouping measurement scheme. Expected to require fewer or equal distinct circuits per iteration than plain 'pauli' measurement (that's QASM_GEN's whole purpose), but the exact circuit count is an output of a real QASM_GEN/TN_QC_OPT run, not predictable in advance -- see docs.mqs.dk QASM_GEN section.",92.391,21171.404
941,Li2,0,1,6,sto-3g,basis_set_exchange,tn_qc_opt+mol_map,14,n/a,TN_QC_OPT (Cebule),COBYLA,,,1,3,full,pauli,126,,,N_Qubit inherited from mol_map (see mol_map row) -- not independently re-verified. Standard per-Pauli-string measurement (baseline).,92.391,21263.795
942,Li2,0,1,6,sto-3g,basis_set_exchange,tn_qc_opt+mol_map,14,n/a,TN_QC_OPT (Cebule),COBYLA,,,1,3,full,qasm_gen_grouped,126,,,"N_Qubit inherited from mol_map (see mol_map row) -- not independently re-verified. Cebule QASM_GEN basis-state-pair-grouping measurement scheme. Expected to require fewer or equal distinct circuits per iteration than plain 'pauli' measurement (that's QASM_GEN's whole purpose), but the exact circuit count is an output of a real QASM_GEN/TN_QC_OPT run, not predictable in advance -- see docs.mqs.dk QASM_GEN section.",92.391,21356.186
943,Li2,0,1,6,sto-3g,basis_set_exchange,tn_qc_opt+mol_map,14,n/a,TN_QC_OPT (Cebule),COBYLA,,,1,3,phase,pauli,126,,,N_Qubit inherited from mol_map (see mol_map row) -- not independently re-verified. Standard per-Pauli-string measurement (baseline).,92.391,21448.578
944,Li2,0,1,6,sto-3g,basis_set_exchange,tn_qc_opt+mol_map,14,n/a,TN_QC_OPT (Cebule),COBYLA,,,1,3,phase,qasm_gen_grouped,126,,,"N_Qubit inherited from mol_map (see mol_map row) -- not independently re-verified. Cebule QASM_GEN basis-state-pair-grouping measurement scheme. Expected to require fewer or equal distinct circuits per iteration than plain 'pauli' measurement (that's QASM_GEN's whole purpose), but the exact circuit count is an output of a real QASM_GEN/TN_QC_OPT run, not predictable in advance -- see docs.mqs.dk QASM_GEN section.",92.391,21540.969
957,Li2,0,1,6,sto-3g,basis_set_exchange,tn_qc_opt+mol_map,14,n/a,TN_QC_OPT (Cebule),COBYLA,,,2,3,full,pauli,126,,,N_Qubit inherited from mol_map (see mol_map row) -- not independently re-verified. Standard per-Pauli-string measurement (baseline).,92.391,21633.360
958,Li2,0,1,6,sto-3g,basis_set_exchange,tn_qc_opt+mol_map,14,n/a,TN_QC_OPT (Cebule),COBYLA,,,2,3,full,qasm_gen_grouped,126,,,"N_Qubit inherited from mol_map (see mol_map row) -- not independently re-verified. Cebule QASM_GEN basis-state-pair-grouping measurement scheme. Expected to require fewer or equal distinct circuits per iteration than plain 'pauli' measurement (that's QASM_GEN's whole purpose), but the exact circuit count is an output of a real QASM_GEN/TN_QC_OPT run, not predictable in advance -- see docs.mqs.dk QASM_GEN section.",92.391,21725.751
959,Li2,0,1,6,sto-3g,basis_set_exchange,tn_qc_opt+mol_map,14,n/a,TN_QC_OPT (Cebule),COBYLA,,,2,3,phase,pauli,126,,,N_Qubit inherited from mol_map (see mol_map row) -- not independently re-verified. Standard per-Pauli-string measurement (baseline).,92.391,21818.142
960,Li2,0,1,6,sto-3g,basis_set_exchange,tn_qc_opt+mol_map,14,n/a,TN_QC_OPT (Cebule),COBYLA,,,2,3,phase,qasm_gen_grouped,126,,,"N_Qubit inherited from mol_map (see mol_map row) -- not independently re-verified. Cebule QASM_GEN basis-state-pair-grouping measurement scheme. Expected to require fewer or equal distinct circuits per iteration than plain 'pauli' measurement (that's QASM_GEN's whole purpose), but the exact circuit count is an output of a real QASM_GEN/TN_QC_OPT run, not predictable in advance -- see docs.mqs.dk QASM_GEN section.",92.391,21910.533
973,Li2,0,1,6,sto-3g,basis_set_exchange,tn_qc_opt+mol_map,14,n/a,TN_QC_OPT (Cebule),COBYLA,,,3,3,full,pauli,126,,,N_Qubit inherited from mol_map (see mol_map row) -- not independently re-verified. Standard per-Pauli-string measurement (baseline).,92.391,22002.925
974,Li2,0,1,6,sto-3g,basis_set_exchange,tn_qc_opt+mol_map,14,n/a,TN_QC_OPT (Cebule),COBYLA,,,3,3,full,qasm_gen_grouped,126,,,"N_Qubit inherited from mol_map (see mol_map row) -- not independently re-verified. Cebule QASM_GEN basis-state-pair-grouping measurement scheme. Expected to require fewer or equal distinct circuits per iteration than plain 'pauli' measurement (that's QASM_GEN's whole purpose), but the exact circuit count is an output of a real QASM_GEN/TN_QC_OPT run, not predictable in advance -- see docs.mqs.dk QASM_GEN section.",92.391,22095.316
975,Li2,0,1,6,sto-3g,basis_set_exchange,tn_qc_opt+mol_map,14,n/a,TN_QC_OPT (Cebule),COBYLA,,,3,3,phase,pauli,126,,,N_Qubit inherited from mol_map (see mol_map row) -- not independently re-verified. Standard per-Pauli-string measurement (baseline).,92.391,22187.707
976,Li2,0,1,6,sto-3g,basis_set_exchange,tn_qc_opt+mol_map,14,n/a,TN_QC_OPT (Cebule),COBYLA,,,3,3,phase,qasm_gen_grouped,126,,,"N_Qubit inherited from mol_map (see mol_map row) -- not independently re-verified. Cebule QASM_GEN basis-state-pair-grouping measurement scheme. Expected to require fewer or equal distinct circuits per iteration than plain 'pauli' measurement (that's QASM_GEN's whole purpose), but the exact circuit count is an output of a real QASM_GEN/TN_QC_OPT run, not predictable in advance -- see docs.mqs.dk QASM_GEN section.",92.391,22280.098
1657,H2O,0,1,10,sto-3g,basis_set_exchange,tn_qc_opt,14,yes,TN_QC_OPT (Cebule),COBYLA,,,0,3,n/a (no TN layers),pauli,126,,,"N_Qubit inherited from the JW-mapped Hamiltonian (verified, see JW row). TN_Layers_Network=0 is the paper's 'circuit only' baseline -- equivalent to plain VQE with this Hamiltonian encoding and no TN preprocessing. Standard per-Pauli-string measurement (baseline).",92.391,22372.489
1658,H2O,0,1,10,sto-3g,basis_set_exchange,tn_qc_opt,14,yes,TN_QC_OPT (Cebule),COBYLA,,,0,3,n/a (no TN layers),qasm_gen_grouped,126,,,"N_Qubit inherited from the JW-mapped Hamiltonian (verified, see JW row). TN_Layers_Network=0 is the paper's 'circuit only' baseline -- equivalent to plain VQE with this Hamiltonian encoding and no TN preprocessing. Cebule QASM_GEN basis-state-pair-grouping measurement scheme. Expected to require fewer or equal distinct circuits per iteration than plain 'pauli' measurement (that's QASM_GEN's whole purpose), but the exact circuit count is an output of a real QASM_GEN/TN_QC_OPT run, not predictable in advance -- see docs.mqs.dk QASM_GEN section.",92.391,22464.880
1669,H2O,0,1,10,sto-3g,basis_set_exchange,tn_qc_opt,14,yes,TN_QC_OPT (Cebule),COBYLA,,,1,3,full,pauli,126,,,"N_Qubit inherited from the JW-mapped Hamiltonian (verified, see JW row). Standard per-Pauli-string measurement (baseline).",92.391,22557.272
1670,H2O,0,1,10,sto-3g,basis_set_exchange,tn_qc_opt,14,yes,TN_QC_OPT (Cebule),COBYLA,,,1,3,full,qasm_gen_grouped,126,,,"N_Qubit inherited from the JW-mapped Hamiltonian (verified, see JW row). Cebule QASM_GEN basis-state-pair-grouping measurement scheme. Expected to require fewer or equal distinct circuits per iteration than plain 'pauli' measurement (that's QASM_GEN's whole purpose), but the exact circuit count is an output of a real QASM_GEN/TN_QC_OPT run, not predictable in advance -- see docs.mqs.dk QASM_GEN section.",92.391,22649.663
1671,H2O,0,1,10,sto-3g,basis_set_exchange,tn_qc_opt,14,yes,TN_QC_OPT (Cebule),COBYLA,,,1,3,phase,pauli,126,,,"N_Qubit inherited from the JW-mapped Hamiltonian (verified, see JW row). Standard per-Pauli-string measurement (baseline).",92.391,22742.054
1672,H2O,0,1,10,sto-3g,basis_set_exchange,tn_qc_opt,14,yes,TN_QC_OPT (Cebule),COBYLA,,,1,3,phase,qasm_gen_grouped,126,,,"N_Qubit inherited from the JW-mapped Hamiltonian (verified, see JW row). Cebule QASM_GEN basis-state-pair-grouping measurement scheme. Expected to require fewer or equal distinct circuits per iteration than plain 'pauli' measurement (that's QASM_GEN's whole purpose), but the exact circuit count is an output of a real QASM_GEN/TN_QC_OPT run, not predictable in advance -- see docs.mqs.dk QASM_GEN section.",92.391,22834.445
1685,H2O,0,1,10,sto-3g,basis_set_exchange,tn_qc_opt,14,yes,TN_QC_OPT (Cebule),COBYLA,,,2,3,full,pauli,126,,,"N_Qubit inherited from the JW-mapped Hamiltonian (verified, see JW row). Standard per-Pauli-string measurement (baseline).",92.391,22926.836
1686,H2O,0,1,10,sto-3g,basis_set_exchange,tn_qc_opt,14,yes,TN_QC_OPT (Cebule),COBYLA,,,2,3,full,qasm_gen_grouped,126,,,"N_Qubit inherited from the JW-mapped Hamiltonian (verified, see JW row). Cebule QASM_GEN basis-state-pair-grouping measurement scheme. Expected to require fewer or equal distinct circuits per iteration than plain 'pauli' measurement (that's QASM_GEN's whole purpose), but the exact circuit count is an output of a real QASM_GEN/TN_QC_OPT run, not predictable in advance -- see docs.mqs.dk QASM_GEN section.",92.391,23019.227
1687,H2O,0,1,10,sto-3g,basis_set_exchange,tn_qc_opt,14,yes,TN_QC_OPT (Cebule),COBYLA,,,2,3,phase,pauli,126,,,"N_Qubit inherited from the JW-mapped Hamiltonian (verified, see JW row). Standard per-Pauli-string measurement (baseline).",92.391,23111.619
1688,H2O,0,1,10,sto-3g,basis_set_exchange,tn_qc_opt,14,yes,TN_QC_OPT (Cebule),COBYLA,,,2,3,phase,qasm_gen_grouped,126,,,"N_Qubit inherited from the JW-mapped Hamiltonian (verified, see JW row). Cebule QASM_GEN basis-state-pair-grouping measurement scheme. Expected to require fewer or equal distinct circuits per iteration than plain 'pauli' measurement (that's QASM_GEN's whole purpose), but the exact circuit count is an output of a real QASM_GEN/TN_QC_OPT run, not predictable in advance -- see docs.mqs.dk QASM_GEN section.",92.391,23204.010
1701,H2O,0,1,10,sto-3g,basis_set_exchange,tn_qc_opt,14,yes,TN_QC_OPT (Cebule),COBYLA,,,3,3,full,pauli,126,,,"N_Qubit inherited from the JW-mapped Hamiltonian (verified, see JW row). Standard per-Pauli-string measurement (baseline).",92.391,23296.401
1702,H2O,0,1,10,sto-3g,basis_set_exchange,tn_qc_opt,14,yes,TN_QC_OPT (Cebule),COBYLA,,,3,3,full,qasm_gen_grouped,126,,,"N_Qubit inherited from the JW-mapped Hamiltonian (verified, see JW row). Cebule QASM_GEN basis-state-pair-grouping measurement scheme. Expected to require fewer or equal distinct circuits per iteration than plain 'pauli' measurement (that's QASM_GEN's whole purpose), but the exact circuit count is an output of a real QASM_GEN/TN_QC_OPT run, not predictable in advance -- see docs.mqs.dk QASM_GEN section.",92.391,23388.792
1703,H2O,0,1,10,sto-3g,basis_set_exchange,tn_qc_opt,14,yes,TN_QC_OPT (Cebule),COBYLA,,,3,3,phase,pauli,126,,,"N_Qubit inherited from the JW-mapped Hamiltonian (verified, see JW row). Standard per-Pauli-string measurement (baseline).",92.391,23481.183
1704,H2O,0,1,10,sto-3g,basis_set_exchange,tn_qc_opt,14,yes,TN_QC_OPT (Cebule),COBYLA,,,3,3,phase,qasm_gen_grouped,126,,,"N_Qubit inherited from the JW-mapped Hamiltonian (verified, see JW row). Cebule QASM_GEN basis-state-pair-grouping measurement scheme. Expected to require fewer or equal distinct circuits per iteration than plain 'pauli' measurement (that's QASM_GEN's whole purpose), but the exact circuit count is an output of a real QASM_GEN/TN_QC_OPT run, not predictable in advance -- see docs.mqs.dk QASM_GEN section.",92.391,23573.574
9,H2,0,1,2,cc-pvdz,basis_set_exchange,JW,20,yes,,,,,,,,pauli,,,,Standard per-Pauli-string measurement (baseline).,92.568,23666.143
10,H2,0,1,2,cc-pvdz,basis_set_exchange,JW,20,yes,,,,,,,,qasm_gen_grouped,,,,"Cebule QASM_GEN basis-state-pair-grouping measurement scheme. Expected to require fewer or equal distinct circuits per iteration than plain 'pauli' measurement (that's QASM_GEN's whole purpose), but the exact circuit count is an output of a real QASM_GEN/TN_QC_OPT run, not predictable in advance -- see docs.mqs.dk QASM_GEN section.",92.568,23758.711
17,H2,0,1,2,def2-svp,basis_set_exchange,JW,20,yes,,,,,,,,pauli,,,,Standard per-Pauli-string measurement (baseline).,92.568,23851.279
18,H2,0,1,2,def2-svp,basis_set_exchange,JW,20,yes,,,,,,,,qasm_gen_grouped,,,,"Cebule QASM_GEN basis-state-pair-grouping measurement scheme. Expected to require fewer or equal distinct circuits per iteration than plain 'pauli' measurement (that's QASM_GEN's whole purpose), but the exact circuit count is an output of a real QASM_GEN/TN_QC_OPT run, not predictable in advance -- see docs.mqs.dk QASM_GEN section.",92.568,23943.847
29,Li2,0,1,6,sto-3g,basis_set_exchange,JW,20,yes,,,,,,,,pauli,,,,Standard per-Pauli-string measurement (baseline).,92.568,24036.415
30,Li2,0,1,6,sto-3g,basis_set_exchange,JW,20,yes,,,,,,,,qasm_gen_grouped,,,,"Cebule QASM_GEN basis-state-pair-grouping measurement scheme. Expected to require fewer or equal distinct circuits per iteration than plain 'pauli' measurement (that's QASM_GEN's whole purpose), but the exact circuit count is an output of a real QASM_GEN/TN_QC_OPT run, not predictable in advance -- see docs.mqs.dk QASM_GEN section.",92.568,24128.983
309,H2,0,1,2,cc-pvdz,basis_set_exchange,tn_qc_opt,20,yes,TN_QC_OPT (Cebule),COBYLA,,,0,1,n/a (no TN layers),pauli,60,,,"N_Qubit inherited from the JW-mapped Hamiltonian (verified, see JW row). TN_Layers_Network=0 is the paper's 'circuit only' baseline -- equivalent to plain VQE with this Hamiltonian encoding and no TN preprocessing. Standard per-Pauli-string measurement (baseline).",92.568,24221.551
310,H2,0,1,2,cc-pvdz,basis_set_exchange,tn_qc_opt,20,yes,TN_QC_OPT (Cebule),COBYLA,,,0,1,n/a (no TN layers),qasm_gen_grouped,60,,,"N_Qubit inherited from the JW-mapped Hamiltonian (verified, see JW row). TN_Layers_Network=0 is the paper's 'circuit only' baseline -- equivalent to plain VQE with this Hamiltonian encoding and no TN preprocessing. Cebule QASM_GEN basis-state-pair-grouping measurement scheme. Expected to require fewer or equal distinct circuits per iteration than plain 'pauli' measurement (that's QASM_GEN's whole purpose), but the exact circuit count is an output of a real QASM_GEN/TN_QC_OPT run, not predictable in advance -- see docs.mqs.dk QASM_GEN section.",92.568,24314.119
317,H2,0,1,2,cc-pvdz,basis_set_exchange,tn_qc_opt,20,yes,TN_QC_OPT (Cebule),COBYLA,,,1,1,full,pauli,60,,,"N_Qubit inherited from the JW-mapped Hamiltonian (verified, see JW row). Standard per-Pauli-string measurement (baseline).",92.568,24406.687
318,H2,0,1,2,cc-pvdz,basis_set_exchange,tn_qc_opt,20,yes,TN_QC_OPT (Cebule),COBYLA,,,1,1,full,qasm_gen_grouped,60,,,"N_Qubit inherited from the JW-mapped Hamiltonian (verified, see JW row). Cebule QASM_GEN basis-state-pair-grouping measurement scheme. Expected to require fewer or equal distinct circuits per iteration than plain 'pauli' measurement (that's QASM_GEN's whole purpose), but the exact circuit count is an output of a real QASM_GEN/TN_QC_OPT run, not predictable in advance -- see docs.mqs.dk QASM_GEN section.",92.568,24499.256
319,H2,0,1,2,cc-pvdz,basis_set_exchange,tn_qc_opt,20,yes,TN_QC_OPT (Cebule),COBYLA,,,1,1,phase,pauli,60,,,"N_Qubit inherited from the JW-mapped Hamiltonian (verified, see JW row). Standard per-Pauli-string measurement (baseline).",92.568,24591.824
320,H2,0,1,2,cc-pvdz,basis_set_exchange,tn_qc_opt,20,yes,TN_QC_OPT (Cebule),COBYLA,,,1,1,phase,qasm_gen_grouped,60,,,"N_Qubit inherited from the JW-mapped Hamiltonian (verified, see JW row). Cebule QASM_GEN basis-state-pair-grouping measurement scheme. Expected to require fewer or equal distinct circuits per iteration than plain 'pauli' measurement (that's QASM_GEN's whole purpose), but the exact circuit count is an output of a real QASM_GEN/TN_QC_OPT run, not predictable in advance -- see docs.mqs.dk QASM_GEN section.",92.568,24684.392
333,H2,0,1,2,cc-pvdz,basis_set_exchange,tn_qc_opt,20,yes,TN_QC_OPT (Cebule),COBYLA,,,2,1,full,pauli,60,,,"N_Qubit inherited from the JW-mapped Hamiltonian (verified, see JW row). Standard per-Pauli-string measurement (baseline).",92.568,24776.960
334,H2,0,1,2,cc-pvdz,basis_set_exchange,tn_qc_opt,20,yes,TN_QC_OPT (Cebule),COBYLA,,,2,1,full,qasm_gen_grouped,60,,,"N_Qubit inherited from the JW-mapped Hamiltonian (verified, see JW row). Cebule QASM_GEN basis-state-pair-grouping measurement scheme. Expected to require fewer or equal distinct circuits per iteration than plain 'pauli' measurement (that's QASM_GEN's whole purpose), but the exact circuit count is an output of a real QASM_GEN/TN_QC_OPT run, not predictable in advance -- see docs.mqs.dk QASM_GEN section.",92.568,24869.528
335,H2,0,1,2,cc-pvdz,basis_set_exchange,tn_qc_opt,20,yes,TN_QC_OPT (Cebule),COBYLA,,,2,1,phase,pauli,60,,,"N_Qubit inherited from the JW-mapped Hamiltonian (verified, see JW row). Standard per-Pauli-string measurement (baseline).",92.568,24962.096
336,H2,0,1,2,cc-pvdz,basis_set_exchange,tn_qc_opt,20,yes,TN_QC_OPT (Cebule),COBYLA,,,2,1,phase,qasm_gen_grouped,60,,,"N_Qubit inherited from the JW-mapped Hamiltonian (verified, see JW row). Cebule QASM_GEN basis-state-pair-grouping measurement scheme. Expected to require fewer or equal distinct circuits per iteration than plain 'pauli' measurement (that's QASM_GEN's whole purpose), but the exact circuit count is an output of a real QASM_GEN/TN_QC_OPT run, not predictable in advance -- see docs.mqs.dk QASM_GEN section.",92.568,25054.664
349,H2,0,1,2,cc-pvdz,basis_set_exchange,tn_qc_opt,20,yes,TN_QC_OPT (Cebule),COBYLA,,,3,1,full,pauli,60,,,"N_Qubit inherited from the JW-mapped Hamiltonian (verified, see JW row). Standard per-Pauli-string measurement (baseline).",92.568,25147.232
350,H2,0,1,2,cc-pvdz,basis_set_exchange,tn_qc_opt,20,yes,TN_QC_OPT (Cebule),COBYLA,,,3,1,full,qasm_gen_grouped,60,,,"N_Qubit inherited from the JW-mapped Hamiltonian (verified, see JW row). Cebule QASM_GEN basis-state-pair-grouping measurement scheme. Expected to require fewer or equal distinct circuits per iteration than plain 'pauli' measurement (that's QASM_GEN's whole purpose), but the exact circuit count is an output of a real QASM_GEN/TN_QC_OPT run, not predictable in advance -- see docs.mqs.dk QASM_GEN section.",92.568,25239.801
351,H2,0,1,2,cc-pvdz,basis_set_exchange,tn_qc_opt,20,yes,TN_QC_OPT (Cebule),COBYLA,,,3,1,phase,pauli,60,,,"N_Qubit inherited from the JW-mapped Hamiltonian (verified, see JW row). Standard per-Pauli-string measurement (baseline).",92.568,25332.369
352,H2,0,1,2,cc-pvdz,basis_set_exchange,tn_qc_opt,20,yes,TN_QC_OPT (Cebule),COBYLA,,,3,1,phase,qasm_gen_grouped,60,,,"N_Qubit inherited from the JW-mapped Hamiltonian (verified, see JW row). Cebule QASM_GEN basis-state-pair-grouping measurement scheme. Expected to require fewer or equal distinct circuits per iteration than plain 'pauli' measurement (that's QASM_GEN's whole purpose), but the exact circuit count is an output of a real QASM_GEN/TN_QC_OPT run, not predictable in advance -- see docs.mqs.dk QASM_GEN section.",92.568,25424.937
533,H2,0,1,2,def2-svp,basis_set_exchange,tn_qc_opt,20,yes,TN_QC_OPT (Cebule),COBYLA,,,0,1,n/a (no TN layers),pauli,60,,,"N_Qubit inherited from the JW-mapped Hamiltonian (verified, see JW row). TN_Layers_Network=0 is the paper's 'circuit only' baseline -- equivalent to plain VQE with this Hamiltonian encoding and no TN preprocessing. Standard per-Pauli-string measurement (baseline).",92.568,25517.505
534,H2,0,1,2,def2-svp,basis_set_exchange,tn_qc_opt,20,yes,TN_QC_OPT (Cebule),COBYLA,,,0,1,n/a (no TN layers),qasm_gen_grouped,60,,,"N_Qubit inherited from the JW-mapped Hamiltonian (verified, see JW row). TN_Layers_Network=0 is the paper's 'circuit only' baseline -- equivalent to plain VQE with this Hamiltonian encoding and no TN preprocessing. Cebule QASM_GEN basis-state-pair-grouping measurement scheme. Expected to require fewer or equal distinct circuits per iteration than plain 'pauli' measurement (that's QASM_GEN's whole purpose), but the exact circuit count is an output of a real QASM_GEN/TN_QC_OPT run, not predictable in advance -- see docs.mqs.dk QASM_GEN section.",92.568,25610.073
541,H2,0,1,2,def2-svp,basis_set_exchange,tn_qc_opt,20,yes,TN_QC_OPT (Cebule),COBYLA,,,1,1,full,pauli,60,,,"N_Qubit inherited from the JW-mapped Hamiltonian (verified, see JW row). Standard per-Pauli-string measurement (baseline).",92.568,25702.641
542,H2,0,1,2,def2-svp,basis_set_exchange,tn_qc_opt,20,yes,TN_QC_OPT (Cebule),COBYLA,,,1,1,full,qasm_gen_grouped,60,,,"N_Qubit inherited from the JW-mapped Hamiltonian (verified, see JW row). Cebule QASM_GEN basis-state-pair-grouping measurement scheme. Expected to require fewer or equal distinct circuits per iteration than plain 'pauli' measurement (that's QASM_GEN's whole purpose), but the exact circuit count is an output of a real QASM_GEN/TN_QC_OPT run, not predictable in advance -- see docs.mqs.dk QASM_GEN section.",92.568,25795.209
543,H2,0,1,2,def2-svp,basis_set_exchange,tn_qc_opt,20,yes,TN_QC_OPT (Cebule),COBYLA,,,1,1,phase,pauli,60,,,"N_Qubit inherited from the JW-mapped Hamiltonian (verified, see JW row). Standard per-Pauli-string measurement (baseline).",92.568,25887.777
544,H2,0,1,2,def2-svp,basis_set_exchange,tn_qc_opt,20,yes,TN_QC_OPT (Cebule),COBYLA,,,1,1,phase,qasm_gen_grouped,60,,,"N_Qubit inherited from the JW-mapped Hamiltonian (verified, see JW row). Cebule QASM_GEN basis-state-pair-grouping measurement scheme. Expected to require fewer or equal distinct circuits per iteration than plain 'pauli' measurement (that's QASM_GEN's whole purpose), but the exact circuit count is an output of a real QASM_GEN/TN_QC_OPT run, not predictable in advance -- see docs.mqs.dk QASM_GEN section.",92.568,25980.345
557,H2,0,1,2,def2-svp,basis_set_exchange,tn_qc_opt,20,yes,TN_QC_OPT (Cebule),COBYLA,,,2,1,full,pauli,60,,,"N_Qubit inherited from the JW-mapped Hamiltonian (verified, see JW row). Standard per-Pauli-string measurement (baseline).",92.568,26072.914
558,H2,0,1,2,def2-svp,basis_set_exchange,tn_qc_opt,20,yes,TN_QC_OPT (Cebule),COBYLA,,,2,1,full,qasm_gen_grouped,60,,,"N_Qubit inherited from the JW-mapped Hamiltonian (verified, see JW row). Cebule QASM_GEN basis-state-pair-grouping measurement scheme. Expected to require fewer or equal distinct circuits per iteration than plain 'pauli' measurement (that's QASM_GEN's whole purpose), but the exact circuit count is an output of a real QASM_GEN/TN_QC_OPT run, not predictable in advance -- see docs.mqs.dk QASM_GEN section.",92.568,26165.482
559,H2,0,1,2,def2-svp,basis_set_exchange,tn_qc_opt,20,yes,TN_QC_OPT (Cebule),COBYLA,,,2,1,phase,pauli,60,,,"N_Qubit inherited from the JW-mapped Hamiltonian (verified, see JW row). Standard per-Pauli-string measurement (baseline).",92.568,26258.050
560,H2,0,1,2,def2-svp,basis_set_exchange,tn_qc_opt,20,yes,TN_QC_OPT (Cebule),COBYLA,,,2,1,phase,qasm_gen_grouped,60,,,"N_Qubit inherited from the JW-mapped Hamiltonian (verified, see JW row). Cebule QASM_GEN basis-state-pair-grouping measurement scheme. Expected to require fewer or equal distinct circuits per iteration than plain 'pauli' measurement (that's QASM_GEN's whole purpose), but the exact circuit count is an output of a real QASM_GEN/TN_QC_OPT run, not predictable in advance -- see docs.mqs.dk QASM_GEN section.",92.568,26350.618
573,H2,0,1,2,def2-svp,basis_set_exchange,tn_qc_opt,20,yes,TN_QC_OPT (Cebule),COBYLA,,,3,1,full,pauli,60,,,"N_Qubit inherited from the JW-mapped Hamiltonian (verified, see JW row). Standard per-Pauli-string measurement (baseline).",92.568,26443.186
574,H2,0,1,2,def2-svp,basis_set_exchange,tn_qc_opt,20,yes,TN_QC_OPT (Cebule),COBYLA,,,3,1,full,qasm_gen_grouped,60,,,"N_Qubit inherited from the JW-mapped Hamiltonian (verified, see JW row). Cebule QASM_GEN basis-state-pair-grouping measurement scheme. Expected to require fewer or equal distinct circuits per iteration than plain 'pauli' measurement (that's QASM_GEN's whole purpose), but the exact circuit count is an output of a real QASM_GEN/TN_QC_OPT run, not predictable in advance -- see docs.mqs.dk QASM_GEN section.",92.568,26535.754
575,H2,0,1,2,def2-svp,basis_set_exchange,tn_qc_opt,20,yes,TN_QC_OPT (Cebule),COBYLA,,,3,1,phase,pauli,60,,,"N_Qubit inherited from the JW-mapped Hamiltonian (verified, see JW row). Standard per-Pauli-string measurement (baseline).",92.568,26628.322
576,H2,0,1,2,def2-svp,basis_set_exchange,tn_qc_opt,20,yes,TN_QC_OPT (Cebule),COBYLA,,,3,1,phase,qasm_gen_grouped,60,,,"N_Qubit inherited from the JW-mapped Hamiltonian (verified, see JW row). Cebule QASM_GEN basis-state-pair-grouping measurement scheme. Expected to require fewer or equal distinct circuits per iteration than plain 'pauli' measurement (that's QASM_GEN's whole purpose), but the exact circuit count is an output of a real QASM_GEN/TN_QC_OPT run, not predictable in advance -- see docs.mqs.dk QASM_GEN section.",92.568,26720.890
761,H2,0,1,2,qvSZP,grimme_qvszp,tn_qc_opt,16,yes,TN_QC_OPT (Cebule),COBYLA,,,0,3,n/a (no TN layers),pauli,144,,,"N_Qubit inherited from the JW-mapped Hamiltonian (verified, see JW row). TN_Layers_Network=0 is the paper's 'circuit only' baseline -- equivalent to plain VQE with this Hamiltonian encoding and no TN preprocessing. Standard per-Pauli-string measurement (baseline).",92.568,26813.458
762,H2,0,1,2,qvSZP,grimme_qvszp,tn_qc_opt,16,yes,TN_QC_OPT (Cebule),COBYLA,,,0,3,n/a (no TN layers),qasm_gen_grouped,144,,,"N_Qubit inherited from the JW-mapped Hamiltonian (verified, see JW row). TN_Layers_Network=0 is the paper's 'circuit only' baseline -- equivalent to plain VQE with this Hamiltonian encoding and no TN preprocessing. Cebule QASM_GEN basis-state-pair-grouping measurement scheme. Expected to require fewer or equal distinct circuits per iteration than plain 'pauli' measurement (that's QASM_GEN's whole purpose), but the exact circuit count is an output of a real QASM_GEN/TN_QC_OPT run, not predictable in advance -- see docs.mqs.dk QASM_GEN section.",92.568,26906.027
773,H2,0,1,2,qvSZP,grimme_qvszp,tn_qc_opt,16,yes,TN_QC_OPT (Cebule),COBYLA,,,1,3,full,pauli,144,,,"N_Qubit inherited from the JW-mapped Hamiltonian (verified, see JW row). Standard per-Pauli-string measurement (baseline).",92.568,26998.595
774,H2,0,1,2,qvSZP,grimme_qvszp,tn_qc_opt,16,yes,TN_QC_OPT (Cebule),COBYLA,,,1,3,full,qasm_gen_grouped,144,,,"N_Qubit inherited from the JW-mapped Hamiltonian (verified, see JW row). Cebule QASM_GEN basis-state-pair-grouping measurement scheme. Expected to require fewer or equal distinct circuits per iteration than plain 'pauli' measurement (that's QASM_GEN's whole purpose), but the exact circuit count is an output of a real QASM_GEN/TN_QC_OPT run, not predictable in advance -- see docs.mqs.dk QASM_GEN section.",92.568,27091.163
775,H2,0,1,2,qvSZP,grimme_qvszp,tn_qc_opt,16,yes,TN_QC_OPT (Cebule),COBYLA,,,1,3,phase,pauli,144,,,"N_Qubit inherited from the JW-mapped Hamiltonian (verified, see JW row). Standard per-Pauli-string measurement (baseline).",92.568,27183.731
776,H2,0,1,2,qvSZP,grimme_qvszp,tn_qc_opt,16,yes,TN_QC_OPT (Cebule),COBYLA,,,1,3,phase,qasm_gen_grouped,144,,,"N_Qubit inherited from the JW-mapped Hamiltonian (verified, see JW row). Cebule QASM_GEN basis-state-pair-grouping measurement scheme. Expected to require fewer or equal distinct circuits per iteration than plain 'pauli' measurement (that's QASM_GEN's whole purpose), but the exact circuit count is an output of a real QASM_GEN/TN_QC_OPT run, not predictable in advance -- see docs.mqs.dk QASM_GEN section.",92.568,27276.299
789,H2,0,1,2,qvSZP,grimme_qvszp,tn_qc_opt,16,yes,TN_QC_OPT (Cebule),COBYLA,,,2,3,full,pauli,144,,,"N_Qubit inherited from the JW-mapped Hamiltonian (verified, see JW row). Standard per-Pauli-string measurement (baseline).",92.568,27368.867
790,H2,0,1,2,qvSZP,grimme_qvszp,tn_qc_opt,16,yes,TN_QC_OPT (Cebule),COBYLA,,,2,3,full,qasm_gen_grouped,144,,,"N_Qubit inherited from the JW-mapped Hamiltonian (verified, see JW row). Cebule QASM_GEN basis-state-pair-grouping measurement scheme. Expected to require fewer or equal distinct circuits per iteration than plain 'pauli' measurement (that's QASM_GEN's whole purpose), but the exact circuit count is an output of a real QASM_GEN/TN_QC_OPT run, not predictable in advance -- see docs.mqs.dk QASM_GEN section.",92.568,27461.435
791,H2,0,1,2,qvSZP,grimme_qvszp,tn_qc_opt,16,yes,TN_QC_OPT (Cebule),COBYLA,,,2,3,phase,pauli,144,,,"N_Qubit inherited from the JW-mapped Hamiltonian (verified, see JW row). Standard per-Pauli-string measurement (baseline).",92.568,27554.003
792,H2,0,1,2,qvSZP,grimme_qvszp,tn_qc_opt,16,yes,TN_QC_OPT (Cebule),COBYLA,,,2,3,phase,qasm_gen_grouped,144,,,"N_Qubit inherited from the JW-mapped Hamiltonian (verified, see JW row). Cebule QASM_GEN basis-state-pair-grouping measurement scheme. Expected to require fewer or equal distinct circuits per iteration than plain 'pauli' measurement (that's QASM_GEN's whole purpose), but the exact circuit count is an output of a real QASM_GEN/TN_QC_OPT run, not predictable in advance -- see docs.mqs.dk QASM_GEN section.",92.568,27646.572
805,H2,0,1,2,qvSZP,grimme_qvszp,tn_qc_opt,16,yes,TN_QC_OPT (Cebule),COBYLA,,,3,3,full,pauli,144,,,"N_Qubit inherited from the JW-mapped Hamiltonian (verified, see JW row). Standard per-Pauli-string measurement (baseline).",92.568,27739.140
806,H2,0,1,2,qvSZP,grimme_qvszp,tn_qc_opt,16,yes,TN_QC_OPT (Cebule),COBYLA,,,3,3,full,qasm_gen_grouped,144,,,"N_Qubit inherited from the JW-mapped Hamiltonian (verified, see JW row). Cebule QASM_GEN basis-state-pair-grouping measurement scheme. Expected to require fewer or equal distinct circuits per iteration than plain 'pauli' measurement (that's QASM_GEN's whole purpose), but the exact circuit count is an output of a real QASM_GEN/TN_QC_OPT run, not predictable in advance -- see docs.mqs.dk QASM_GEN section.",92.568,27831.708
807,H2,0,1,2,qvSZP,grimme_qvszp,tn_qc_opt,16,yes,TN_QC_OPT (Cebule),COBYLA,,,3,3,phase,pauli,144,,,"N_Qubit inherited from the JW-mapped Hamiltonian (verified, see JW row). Standard per-Pauli-string measurement (baseline).",92.568,27924.276
808,H2,0,1,2,qvSZP,grimme_qvszp,tn_qc_opt,16,yes,TN_QC_OPT (Cebule),COBYLA,,,3,3,phase,qasm_gen_grouped,144,,,"N_Qubit inherited from the JW-mapped Hamiltonian (verified, see JW row). Cebule QASM_GEN basis-state-pair-grouping measurement scheme. Expected to require fewer or equal distinct circuits per iteration than plain 'pauli' measurement (that's QASM_GEN's whole purpose), but the exact circuit count is an output of a real QASM_GEN/TN_QC_OPT run, not predictable in advance -- see docs.mqs.dk QASM_GEN section.",92.568,28016.844
869,Li2,0,1,6,sto-3g,basis_set_exchange,tn_qc_opt,20,yes,TN_QC_OPT (Cebule),COBYLA,,,0,1,n/a (no TN layers),pauli,60,,,"N_Qubit inherited from the JW-mapped Hamiltonian (verified, see JW row). TN_Layers_Network=0 is the paper's 'circuit only' baseline -- equivalent to plain VQE with this Hamiltonian encoding and no TN preprocessing. Standard per-Pauli-string measurement (baseline).",92.568,28109.412
870,Li2,0,1,6,sto-3g,basis_set_exchange,tn_qc_opt,20,yes,TN_QC_OPT (Cebule),COBYLA,,,0,1,n/a (no TN layers),qasm_gen_grouped,60,,,"N_Qubit inherited from the JW-mapped Hamiltonian (verified, see JW row). TN_Layers_Network=0 is the paper's 'circuit only' baseline -- equivalent to plain VQE with this Hamiltonian encoding and no TN preprocessing. Cebule QASM_GEN basis-state-pair-grouping measurement scheme. Expected to require fewer or equal distinct circuits per iteration than plain 'pauli' measurement (that's QASM_GEN's whole purpose), but the exact circuit count is an output of a real QASM_GEN/TN_QC_OPT run, not predictable in advance -- see docs.mqs.dk QASM_GEN section.",92.568,28201.980
877,Li2,0,1,6,sto-3g,basis_set_exchange,tn_qc_opt,20,yes,TN_QC_OPT (Cebule),COBYLA,,,1,1,full,pauli,60,,,"N_Qubit inherited from the JW-mapped Hamiltonian (verified, see JW row). Standard per-Pauli-string measurement (baseline).",92.568,28294.548
878,Li2,0,1,6,sto-3g,basis_set_exchange,tn_qc_opt,20,yes,TN_QC_OPT (Cebule),COBYLA,,,1,1,full,qasm_gen_grouped,60,,,"N_Qubit inherited from the JW-mapped Hamiltonian (verified, see JW row). Cebule QASM_GEN basis-state-pair-grouping measurement scheme. Expected to require fewer or equal distinct circuits per iteration than plain 'pauli' measurement (that's QASM_GEN's whole purpose), but the exact circuit count is an output of a real QASM_GEN/TN_QC_OPT run, not predictable in advance -- see docs.mqs.dk QASM_GEN section.",92.568,28387.116
879,Li2,0,1,6,sto-3g,basis_set_exchange,tn_qc_opt,20,yes,TN_QC_OPT (Cebule),COBYLA,,,1,1,phase,pauli,60,,,"N_Qubit inherited from the JW-mapped Hamiltonian (verified, see JW row). Standard per-Pauli-string measurement (baseline).",92.568,28479.685
880,Li2,0,1,6,sto-3g,basis_set_exchange,tn_qc_opt,20,yes,TN_QC_OPT (Cebule),COBYLA,,,1,1,phase,qasm_gen_grouped,60,,,"N_Qubit inherited from the JW-mapped Hamiltonian (verified, see JW row). Cebule QASM_GEN basis-state-pair-grouping measurement scheme. Expected to require fewer or equal distinct circuits per iteration than plain 'pauli' measurement (that's QASM_GEN's whole purpose), but the exact circuit count is an output of a real QASM_GEN/TN_QC_OPT run, not predictable in advance -- see docs.mqs.dk QASM_GEN section.",92.568,28572.253
893,Li2,0,1,6,sto-3g,basis_set_exchange,tn_qc_opt,20,yes,TN_QC_OPT (Cebule),COBYLA,,,2,1,full,pauli,60,,,"N_Qubit inherited from the JW-mapped Hamiltonian (verified, see JW row). Standard per-Pauli-string measurement (baseline).",92.568,28664.821
894,Li2,0,1,6,sto-3g,basis_set_exchange,tn_qc_opt,20,yes,TN_QC_OPT (Cebule),COBYLA,,,2,1,full,qasm_gen_grouped,60,,,"N_Qubit inherited from the JW-mapped Hamiltonian (verified, see JW row). Cebule QASM_GEN basis-state-pair-grouping measurement scheme. Expected to require fewer or equal distinct circuits per iteration than plain 'pauli' measurement (that's QASM_GEN's whole purpose), but the exact circuit count is an output of a real QASM_GEN/TN_QC_OPT run, not predictable in advance -- see docs.mqs.dk QASM_GEN section.",92.568,28757.389
895,Li2,0,1,6,sto-3g,basis_set_exchange,tn_qc_opt,20,yes,TN_QC_OPT (Cebule),COBYLA,,,2,1,phase,pauli,60,,,"N_Qubit inherited from the JW-mapped Hamiltonian (verified, see JW row). Standard per-Pauli-string measurement (baseline).",92.568,28849.957
896,Li2,0,1,6,sto-3g,basis_set_exchange,tn_qc_opt,20,yes,TN_QC_OPT (Cebule),COBYLA,,,2,1,phase,qasm_gen_grouped,60,,,"N_Qubit inherited from the JW-mapped Hamiltonian (verified, see JW row). Cebule QASM_GEN basis-state-pair-grouping measurement scheme. Expected to require fewer or equal distinct circuits per iteration than plain 'pauli' measurement (that's QASM_GEN's whole purpose), but the exact circuit count is an output of a real QASM_GEN/TN_QC_OPT run, not predictable in advance -- see docs.mqs.dk QASM_GEN section.",92.568,28942.525
909,Li2,0,1,6,sto-3g,basis_set_exchange,tn_qc_opt,20,yes,TN_QC_OPT (Cebule),COBYLA,,,3,1,full,pauli,60,,,"N_Qubit inherited from the JW-mapped Hamiltonian (verified, see JW row). Standard per-Pauli-string measurement (baseline).",92.568,29035.093
910,Li2,0,1,6,sto-3g,basis_set_exchange,tn_qc_opt,20,yes,TN_QC_OPT (Cebule),COBYLA,,,3,1,full,qasm_gen_grouped,60,,,"N_Qubit inherited from the JW-mapped Hamiltonian (verified, see JW row). Cebule QASM_GEN basis-state-pair-grouping measurement scheme. Expected to require fewer or equal distinct circuits per iteration than plain 'pauli' measurement (that's QASM_GEN's whole purpose), but the exact circuit count is an output of a real QASM_GEN/TN_QC_OPT run, not predictable in advance -- see docs.mqs.dk QASM_GEN section.",92.568,29127.661
911,Li2,0,1,6,sto-3g,basis_set_exchange,tn_qc_opt,20,yes,TN_QC_OPT (Cebule),COBYLA,,,3,1,phase,pauli,60,,,"N_Qubit inherited from the JW-mapped Hamiltonian (verified, see JW row). Standard per-Pauli-string measurement (baseline).",92.568,29220.229
912,Li2,0,1,6,sto-3g,basis_set_exchange,tn_qc_opt,20,yes,TN_QC_OPT (Cebule),COBYLA,,,3,1,phase,qasm_gen_grouped,60,,,"N_Qubit inherited from the JW-mapped Hamiltonian (verified, see JW row). Cebule QASM_GEN basis-state-pair-grouping measurement scheme. Expected to require fewer or equal distinct circuits per iteration than plain 'pauli' measurement (that's QASM_GEN's whole purpose), but the exact circuit count is an output of a real QASM_GEN/TN_QC_OPT run, not predictable in advance -- see docs.mqs.dk QASM_GEN section.",92.568,29312.798
931,Li2,0,1,6,sto-3g,basis_set_exchange,tn_qc_opt+mol_map,14,n/a,TN_QC_OPT (Cebule),COBYLA,,,0,4,n/a (no TN layers),pauli,168,,,N_Qubit inherited from mol_map (see mol_map row) -- not independently re-verified. TN_Layers_Network=0 is the paper's 'circuit only' baseline -- equivalent to plain VQE with this Hamiltonian encoding and no TN preprocessing. Standard per-Pauli-string measurement (baseline).,92.568,29405.366
932,Li2,0,1,6,sto-3g,basis_set_exchange,tn_qc_opt+mol_map,14,n/a,TN_QC_OPT (Cebule),COBYLA,,,0,4,n/a (no TN layers),qasm_gen_grouped,168,,,"N_Qubit inherited from mol_map (see mol_map row) -- not independently re-verified. TN_Layers_Network=0 is the paper's 'circuit only' baseline -- equivalent to plain VQE with this Hamiltonian encoding and no TN preprocessing. Cebule QASM_GEN basis-state-pair-grouping measurement scheme. Expected to require fewer or equal distinct circuits per iteration than plain 'pauli' measurement (that's QASM_GEN's whole purpose), but the exact circuit count is an output of a real QASM_GEN/TN_QC_OPT run, not predictable in advance -- see docs.mqs.dk QASM_GEN section.",92.568,29497.934
945,Li2,0,1,6,sto-3g,basis_set_exchange,tn_qc_opt+mol_map,14,n/a,TN_QC_OPT (Cebule),COBYLA,,,1,4,full,pauli,168,,,N_Qubit inherited from mol_map (see mol_map row) -- not independently re-verified. Standard per-Pauli-string measurement (baseline).,92.568,29590.502
946,Li2,0,1,6,sto-3g,basis_set_exchange,tn_qc_opt+mol_map,14,n/a,TN_QC_OPT (Cebule),COBYLA,,,1,4,full,qasm_gen_grouped,168,,,"N_Qubit inherited from mol_map (see mol_map row) -- not independently re-verified. Cebule QASM_GEN basis-state-pair-grouping measurement scheme. Expected to require fewer or equal distinct circuits per iteration than plain 'pauli' measurement (that's QASM_GEN's whole purpose), but the exact circuit count is an output of a real QASM_GEN/TN_QC_OPT run, not predictable in advance -- see docs.mqs.dk QASM_GEN section.",92.568,29683.070
947,Li2,0,1,6,sto-3g,basis_set_exchange,tn_qc_opt+mol_map,14,n/a,TN_QC_OPT (Cebule),COBYLA,,,1,4,phase,pauli,168,,,N_Qubit inherited from mol_map (see mol_map row) -- not independently re-verified. Standard per-Pauli-string measurement (baseline).,92.568,29775.638
948,Li2,0,1,6,sto-3g,basis_set_exchange,tn_qc_opt+mol_map,14,n/a,TN_QC_OPT (Cebule),COBYLA,,,1,4,phase,qasm_gen_grouped,168,,,"N_Qubit inherited from mol_map (see mol_map row) -- not independently re-verified. Cebule QASM_GEN basis-state-pair-grouping measurement scheme. Expected to require fewer or equal distinct circuits per iteration than plain 'pauli' measurement (that's QASM_GEN's whole purpose), but the exact circuit count is an output of a real QASM_GEN/TN_QC_OPT run, not predictable in advance -- see docs.mqs.dk QASM_GEN section.",92.568,29868.206
961,Li2,0,1,6,sto-3g,basis_set_exchange,tn_qc_opt+mol_map,14,n/a,TN_QC_OPT (Cebule),COBYLA,,,2,4,full,pauli,168,,,N_Qubit inherited from mol_map (see mol_map row) -- not independently re-verified. Standard per-Pauli-string measurement (baseline).,92.568,29960.774
962,Li2,0,1,6,sto-3g,basis_set_exchange,tn_qc_opt+mol_map,14,n/a,TN_QC_OPT (Cebule),COBYLA,,,2,4,full,qasm_gen_grouped,168,,,"N_Qubit inherited from mol_map (see mol_map row) -- not independently re-verified. Cebule QASM_GEN basis-state-pair-grouping measurement scheme. Expected to require fewer or equal distinct circuits per iteration than plain 'pauli' measurement (that's QASM_GEN's whole purpose), but the exact circuit count is an output of a real QASM_GEN/TN_QC_OPT run, not predictable in advance -- see docs.mqs.dk QASM_GEN section.",92.568,30053.343
963,Li2,0,1,6,sto-3g,basis_set_exchange,tn_qc_opt+mol_map,14,n/a,TN_QC_OPT (Cebule),COBYLA,,,2,4,phase,pauli,168,,,N_Qubit inherited from mol_map (see mol_map row) -- not independently re-verified. Standard per-Pauli-string measurement (baseline).,92.568,30145.911
964,Li2,0,1,6,sto-3g,basis_set_exchange,tn_qc_opt+mol_map,14,n/a,TN_QC_OPT (Cebule),COBYLA,,,2,4,phase,qasm_gen_grouped,168,,,"N_Qubit inherited from mol_map (see mol_map row) -- not independently re-verified. Cebule QASM_GEN basis-state-pair-grouping measurement scheme. Expected to require fewer or equal distinct circuits per iteration than plain 'pauli' measurement (that's QASM_GEN's whole purpose), but the exact circuit count is an output of a real QASM_GEN/TN_QC_OPT run, not predictable in advance -- see docs.mqs.dk QASM_GEN section.",92.568,30238.479
977,Li2,0,1,6,sto-3g,basis_set_exchange,tn_qc_opt+mol_map,14,n/a,TN_QC_OPT (Cebule),COBYLA,,,3,4,full,pauli,168,,,N_Qubit inherited from mol_map (see mol_map row) -- not independently re-verified. Standard per-Pauli-string measurement (baseline).,92.568,30331.047
978,Li2,0,1,6,sto-3g,basis_set_exchange,tn_qc_opt+mol_map,14,n/a,TN_QC_OPT (Cebule),COBYLA,,,3,4,full,qasm_gen_grouped,168,,,"N_Qubit inherited from mol_map (see mol_map row) -- not independently re-verified. Cebule QASM_GEN basis-state-pair-grouping measurement scheme. Expected to require fewer or equal distinct circuits per iteration than plain 'pauli' measurement (that's QASM_GEN's whole purpose), but the exact circuit count is an output of a real QASM_GEN/TN_QC_OPT run, not predictable in advance -- see docs.mqs.dk QASM_GEN section.",92.568,30423.615
979,Li2,0,1,6,sto-3g,basis_set_exchange,tn_qc_opt+mol_map,14,n/a,TN_QC_OPT (Cebule),COBYLA,,,3,4,phase,pauli,168,,,N_Qubit inherited from mol_map (see mol_map row) -- not independently re-verified. Standard per-Pauli-string measurement (baseline).,92.568,30516.183
980,Li2,0,1,6,sto-3g,basis_set_exchange,tn_qc_opt+mol_map,14,n/a,TN_QC_OPT (Cebule),COBYLA,,,3,4,phase,qasm_gen_grouped,168,,,"N_Qubit inherited from mol_map (see mol_map row) -- not independently re-verified. Cebule QASM_GEN basis-state-pair-grouping measurement scheme. Expected to require fewer or equal distinct circuits per iteration than plain 'pauli' measurement (that's QASM_GEN's whole purpose), but the exact circuit count is an output of a real QASM_GEN/TN_QC_OPT run, not predictable in advance -- see docs.mqs.dk QASM_GEN section.",92.568,30608.751
1659,H2O,0,1,10,sto-3g,basis_set_exchange,tn_qc_opt,14,yes,TN_QC_OPT (Cebule),COBYLA,,,0,4,n/a (no TN layers),pauli,168,,,"N_Qubit inherited from the JW-mapped Hamiltonian (verified, see JW row). TN_Layers_Network=0 is the paper's 'circuit only' baseline -- equivalent to plain VQE with this Hamiltonian encoding and no TN preprocessing. Standard per-Pauli-string measurement (baseline).",92.568,30701.319
1660,H2O,0,1,10,sto-3g,basis_set_exchange,tn_qc_opt,14,yes,TN_QC_OPT (Cebule),COBYLA,,,0,4,n/a (no TN layers),qasm_gen_grouped,168,,,"N_Qubit inherited from the JW-mapped Hamiltonian (verified, see JW row). TN_Layers_Network=0 is the paper's 'circuit only' baseline -- equivalent to plain VQE with this Hamiltonian encoding and no TN preprocessing. Cebule QASM_GEN basis-state-pair-grouping measurement scheme. Expected to require fewer or equal distinct circuits per iteration than plain 'pauli' measurement (that's QASM_GEN's whole purpose), but the exact circuit count is an output of a real QASM_GEN/TN_QC_OPT run, not predictable in advance -- see docs.mqs.dk QASM_GEN section.",92.568,30793.887
1673,H2O,0,1,10,sto-3g,basis_set_exchange,tn_qc_opt,14,yes,TN_QC_OPT (Cebule),COBYLA,,,1,4,full,pauli,168,,,"N_Qubit inherited from the JW-mapped Hamiltonian (verified, see JW row). Standard per-Pauli-string measurement (baseline).",92.568,30886.456
1674,H2O,0,1,10,sto-3g,basis_set_exchange,tn_qc_opt,14,yes,TN_QC_OPT (Cebule),COBYLA,,,1,4,full,qasm_gen_grouped,168,,,"N_Qubit inherited from the JW-mapped Hamiltonian (verified, see JW row). Cebule QASM_GEN basis-state-pair-grouping measurement scheme. Expected to require fewer or equal distinct circuits per iteration than plain 'pauli' measurement (that's QASM_GEN's whole purpose), but the exact circuit count is an output of a real QASM_GEN/TN_QC_OPT run, not predictable in advance -- see docs.mqs.dk QASM_GEN section.",92.568,30979.024
1675,H2O,0,1,10,sto-3g,basis_set_exchange,tn_qc_opt,14,yes,TN_QC_OPT (Cebule),COBYLA,,,1,4,phase,pauli,168,,,"N_Qubit inherited from the JW-mapped Hamiltonian (verified, see JW row). Standard per-Pauli-string measurement (baseline).",92.568,31071.592
1676,H2O,0,1,10,sto-3g,basis_set_exchange,tn_qc_opt,14,yes,TN_QC_OPT (Cebule),COBYLA,,,1,4,phase,qasm_gen_grouped,168,,,"N_Qubit inherited from the JW-mapped Hamiltonian (verified, see JW row). Cebule QASM_GEN basis-state-pair-grouping measurement scheme. Expected to require fewer or equal distinct circuits per iteration than plain 'pauli' measurement (that's QASM_GEN's whole purpose), but the exact circuit count is an output of a real QASM_GEN/TN_QC_OPT run, not predictable in advance -- see docs.mqs.dk QASM_GEN section.",92.568,31164.160
1689,H2O,0,1,10,sto-3g,basis_set_exchange,tn_qc_opt,14,yes,TN_QC_OPT (Cebule),COBYLA,,,2,4,full,pauli,168,,,"N_Qubit inherited from the JW-mapped Hamiltonian (verified, see JW row). Standard per-Pauli-string measurement (baseline).",92.568,31256.728
1690,H2O,0,1,10,sto-3g,basis_set_exchange,tn_qc_opt,14,yes,TN_QC_OPT (Cebule),COBYLA,,,2,4,full,qasm_gen_grouped,168,,,"N_Qubit inherited from the JW-mapped Hamiltonian (verified, see JW row). Cebule QASM_GEN basis-state-pair-grouping measurement scheme. Expected to require fewer or equal distinct circuits per iteration than plain 'pauli' measurement (that's QASM_GEN's whole purpose), but the exact circuit count is an output of a real QASM_GEN/TN_QC_OPT run, not predictable in advance -- see docs.mqs.dk QASM_GEN section.",92.568,31349.296
1691,H2O,0,1,10,sto-3g,basis_set_exchange,tn_qc_opt,14,yes,TN_QC_OPT (Cebule),COBYLA,,,2,4,phase,pauli,168,,,"N_Qubit inherited from the JW-mapped Hamiltonian (verified, see JW row). Standard per-Pauli-string measurement (baseline).",92.568,31441.864
1692,H2O,0,1,10,sto-3g,basis_set_exchange,tn_qc_opt,14,yes,TN_QC_OPT (Cebule),COBYLA,,,2,4,phase,qasm_gen_grouped,168,,,"N_Qubit inherited from the JW-mapped Hamiltonian (verified, see JW row). Cebule QASM_GEN basis-state-pair-grouping measurement scheme. Expected to require fewer or equal distinct circuits per iteration than plain 'pauli' measurement (that's QASM_GEN's whole purpose), but the exact circuit count is an output of a real QASM_GEN/TN_QC_OPT run, not predictable in advance -- see docs.mqs.dk QASM_GEN section.",92.568,31534.432
1705,H2O,0,1,10,sto-3g,basis_set_exchange,tn_qc_opt,14,yes,TN_QC_OPT (Cebule),COBYLA,,,3,4,full,pauli,168,,,"N_Qubit inherited from the JW-mapped Hamiltonian (verified, see JW row). Standard per-Pauli-string measurement (baseline).",92.568,31627.000
1706,H2O,0,1,10,sto-3g,basis_set_exchange,tn_qc_opt,14,yes,TN_QC_OPT (Cebule),COBYLA,,,3,4,full,qasm_gen_grouped,168,,,"N_Qubit inherited from the JW-mapped Hamiltonian (verified, see JW row). Cebule QASM_GEN basis-state-pair-grouping measurement scheme. Expected to require fewer or equal distinct circuits per iteration than plain 'pauli' measurement (that's QASM_GEN's whole purpose), but the exact circuit count is an output of a real QASM_GEN/TN_QC_OPT run, not predictable in advance -- see docs.mqs.dk QASM_GEN section.",92.568,31719.569
1707,H2O,0,1,10,sto-3g,basis_set_exchange,tn_qc_opt,14,yes,TN_QC_OPT (Cebule),COBYLA,,,3,4,phase,pauli,168,,,"N_Qubit inherited from the JW-mapped Hamiltonian (verified, see JW row). Standard per-Pauli-string measurement (baseline).",92.568,31812.137
1708,H2O,0,1,10,sto-3g,basis_set_exchange,tn_qc_opt,14,yes,TN_QC_OPT (Cebule),COBYLA,,,3,4,phase,qasm_gen_grouped,168,,,"N_Qubit inherited from the JW-mapped Hamiltonian (verified, see JW row). Cebule QASM_GEN basis-state-pair-grouping measurement scheme. Expected to require fewer or equal distinct circuits per iteration than plain 'pauli' measurement (that's QASM_GEN's whole purpose), but the exact circuit count is an output of a real QASM_GEN/TN_QC_OPT run, not predictable in advance -- see docs.mqs.dk QASM_GEN section.",92.568,31904.705
311,H2,0,1,2,cc-pvdz,basis_set_exchange,tn_qc_opt,20,yes,TN_QC_OPT (Cebule),COBYLA,,,0,2,n/a (no TN layers),pauli,120,,,"N_Qubit inherited from the JW-mapped Hamiltonian (verified, see JW row). TN_Layers_Network=0 is the paper's 'circuit only' baseline -- equivalent to plain VQE with this Hamiltonian encoding and no TN preprocessing. Standard per-Pauli-string measurement (baseline).",92.745,31997.450
312,H2,0,1,2,cc-pvdz,basis_set_exchange,tn_qc_opt,20,yes,TN_QC_OPT (Cebule),COBYLA,,,0,2,n/a (no TN layers),qasm_gen_grouped,120,,,"N_Qubit inherited from the JW-mapped Hamiltonian (verified, see JW row). TN_Layers_Network=0 is the paper's 'circuit only' baseline -- equivalent to plain VQE with this Hamiltonian encoding and no TN preprocessing. Cebule QASM_GEN basis-state-pair-grouping measurement scheme. Expected to require fewer or equal distinct circuits per iteration than plain 'pauli' measurement (that's QASM_GEN's whole purpose), but the exact circuit count is an output of a real QASM_GEN/TN_QC_OPT run, not predictable in advance -- see docs.mqs.dk QASM_GEN section.",92.745,32090.195
321,H2,0,1,2,cc-pvdz,basis_set_exchange,tn_qc_opt,20,yes,TN_QC_OPT (Cebule),COBYLA,,,1,2,full,pauli,120,,,"N_Qubit inherited from the JW-mapped Hamiltonian (verified, see JW row). Standard per-Pauli-string measurement (baseline).",92.745,32182.940
322,H2,0,1,2,cc-pvdz,basis_set_exchange,tn_qc_opt,20,yes,TN_QC_OPT (Cebule),COBYLA,,,1,2,full,qasm_gen_grouped,120,,,"N_Qubit inherited from the JW-mapped Hamiltonian (verified, see JW row). Cebule QASM_GEN basis-state-pair-grouping measurement scheme. Expected to require fewer or equal distinct circuits per iteration than plain 'pauli' measurement (that's QASM_GEN's whole purpose), but the exact circuit count is an output of a real QASM_GEN/TN_QC_OPT run, not predictable in advance -- see docs.mqs.dk QASM_GEN section.",92.745,32275.685
323,H2,0,1,2,cc-pvdz,basis_set_exchange,tn_qc_opt,20,yes,TN_QC_OPT (Cebule),COBYLA,,,1,2,phase,pauli,120,,,"N_Qubit inherited from the JW-mapped Hamiltonian (verified, see JW row). Standard per-Pauli-string measurement (baseline).",92.745,32368.430
324,H2,0,1,2,cc-pvdz,basis_set_exchange,tn_qc_opt,20,yes,TN_QC_OPT (Cebule),COBYLA,,,1,2,phase,qasm_gen_grouped,120,,,"N_Qubit inherited from the JW-mapped Hamiltonian (verified, see JW row). Cebule QASM_GEN basis-state-pair-grouping measurement scheme. Expected to require fewer or equal distinct circuits per iteration than plain 'pauli' measurement (that's QASM_GEN's whole purpose), but the exact circuit count is an output of a real QASM_GEN/TN_QC_OPT run, not predictable in advance -- see docs.mqs.dk QASM_GEN section.",92.745,32461.175
337,H2,0,1,2,cc-pvdz,basis_set_exchange,tn_qc_opt,20,yes,TN_QC_OPT (Cebule),COBYLA,,,2,2,full,pauli,120,,,"N_Qubit inherited from the JW-mapped Hamiltonian (verified, see JW row). Standard per-Pauli-string measurement (baseline).",92.745,32553.920
338,H2,0,1,2,cc-pvdz,basis_set_exchange,tn_qc_opt,20,yes,TN_QC_OPT (Cebule),COBYLA,,,2,2,full,qasm_gen_grouped,120,,,"N_Qubit inherited from the JW-mapped Hamiltonian (verified, see JW row). Cebule QASM_GEN basis-state-pair-grouping measurement scheme. Expected to require fewer or equal distinct circuits per iteration than plain 'pauli' measurement (that's QASM_GEN's whole purpose), but the exact circuit count is an output of a real QASM_GEN/TN_QC_OPT run, not predictable in advance -- see docs.mqs.dk QASM_GEN section.",92.745,32646.665
339,H2,0,1,2,cc-pvdz,basis_set_exchange,tn_qc_opt,20,yes,TN_QC_OPT (Cebule),COBYLA,,,2,2,phase,pauli,120,,,"N_Qubit inherited from the JW-mapped Hamiltonian (verified, see JW row). Standard per-Pauli-string measurement (baseline).",92.745,32739.410
340,H2,0,1,2,cc-pvdz,basis_set_exchange,tn_qc_opt,20,yes,TN_QC_OPT (Cebule),COBYLA,,,2,2,phase,qasm_gen_grouped,120,,,"N_Qubit inherited from the JW-mapped Hamiltonian (verified, see JW row). Cebule QASM_GEN basis-state-pair-grouping measurement scheme. Expected to require fewer or equal distinct circuits per iteration than plain 'pauli' measurement (that's QASM_GEN's whole purpose), but the exact circuit count is an output of a real QASM_GEN/TN_QC_OPT run, not predictable in advance -- see docs.mqs.dk QASM_GEN section.",92.745,32832.155
353,H2,0,1,2,cc-pvdz,basis_set_exchange,tn_qc_opt,20,yes,TN_QC_OPT (Cebule),COBYLA,,,3,2,full,pauli,120,,,"N_Qubit inherited from the JW-mapped Hamiltonian (verified, see JW row). Standard per-Pauli-string measurement (baseline).",92.745,32924.901
354,H2,0,1,2,cc-pvdz,basis_set_exchange,tn_qc_opt,20,yes,TN_QC_OPT (Cebule),COBYLA,,,3,2,full,qasm_gen_grouped,120,,,"N_Qubit inherited from the JW-mapped Hamiltonian (verified, see JW row). Cebule QASM_GEN basis-state-pair-grouping measurement scheme. Expected to require fewer or equal distinct circuits per iteration than plain 'pauli' measurement (that's QASM_GEN's whole purpose), but the exact circuit count is an output of a real QASM_GEN/TN_QC_OPT run, not predictable in advance -- see docs.mqs.dk QASM_GEN section.",92.745,33017.646
355,H2,0,1,2,cc-pvdz,basis_set_exchange,tn_qc_opt,20,yes,TN_QC_OPT (Cebule),COBYLA,,,3,2,phase,pauli,120,,,"N_Qubit inherited from the JW-mapped Hamiltonian (verified, see JW row). Standard per-Pauli-string measurement (baseline).",92.745,33110.391
356,H2,0,1,2,cc-pvdz,basis_set_exchange,tn_qc_opt,20,yes,TN_QC_OPT (Cebule),COBYLA,,,3,2,phase,qasm_gen_grouped,120,,,"N_Qubit inherited from the JW-mapped Hamiltonian (verified, see JW row). Cebule QASM_GEN basis-state-pair-grouping measurement scheme. Expected to require fewer or equal distinct circuits per iteration than plain 'pauli' measurement (that's QASM_GEN's whole purpose), but the exact circuit count is an output of a real QASM_GEN/TN_QC_OPT run, not predictable in advance -- see docs.mqs.dk QASM_GEN section.",92.745,33203.136
535,H2,0,1,2,def2-svp,basis_set_exchange,tn_qc_opt,20,yes,TN_QC_OPT (Cebule),COBYLA,,,0,2,n/a (no TN layers),pauli,120,,,"N_Qubit inherited from the JW-mapped Hamiltonian (verified, see JW row). TN_Layers_Network=0 is the paper's 'circuit only' baseline -- equivalent to plain VQE with this Hamiltonian encoding and no TN preprocessing. Standard per-Pauli-string measurement (baseline).",92.745,33295.881
536,H2,0,1,2,def2-svp,basis_set_exchange,tn_qc_opt,20,yes,TN_QC_OPT (Cebule),COBYLA,,,0,2,n/a (no TN layers),qasm_gen_grouped,120,,,"N_Qubit inherited from the JW-mapped Hamiltonian (verified, see JW row). TN_Layers_Network=0 is the paper's 'circuit only' baseline -- equivalent to plain VQE with this Hamiltonian encoding and no TN preprocessing. Cebule QASM_GEN basis-state-pair-grouping measurement scheme. Expected to require fewer or equal distinct circuits per iteration than plain 'pauli' measurement (that's QASM_GEN's whole purpose), but the exact circuit count is an output of a real QASM_GEN/TN_QC_OPT run, not predictable in advance -- see docs.mqs.dk QASM_GEN section.",92.745,33388.626
545,H2,0,1,2,def2-svp,basis_set_exchange,tn_qc_opt,20,yes,TN_QC_OPT (Cebule),COBYLA,,,1,2,full,pauli,120,,,"N_Qubit inherited from the JW-mapped Hamiltonian (verified, see JW row). Standard per-Pauli-string measurement (baseline).",92.745,33481.371
546,H2,0,1,2,def2-svp,basis_set_exchange,tn_qc_opt,20,yes,TN_QC_OPT (Cebule),COBYLA,,,1,2,full,qasm_gen_grouped,120,,,"N_Qubit inherited from the JW-mapped Hamiltonian (verified, see JW row). Cebule QASM_GEN basis-state-pair-grouping measurement scheme. Expected to require fewer or equal distinct circuits per iteration than plain 'pauli' measurement (that's QASM_GEN's whole purpose), but the exact circuit count is an output of a real QASM_GEN/TN_QC_OPT run, not predictable in advance -- see docs.mqs.dk QASM_GEN section.",92.745,33574.116
547,H2,0,1,2,def2-svp,basis_set_exchange,tn_qc_opt,20,yes,TN_QC_OPT (Cebule),COBYLA,,,1,2,phase,pauli,120,,,"N_Qubit inherited from the JW-mapped Hamiltonian (verified, see JW row). Standard per-Pauli-string measurement (baseline).",92.745,33666.861
548,H2,0,1,2,def2-svp,basis_set_exchange,tn_qc_opt,20,yes,TN_QC_OPT (Cebule),COBYLA,,,1,2,phase,qasm_gen_grouped,120,,,"N_Qubit inherited from the JW-mapped Hamiltonian (verified, see JW row). Cebule QASM_GEN basis-state-pair-grouping measurement scheme. Expected to require fewer or equal distinct circuits per iteration than plain 'pauli' measurement (that's QASM_GEN's whole purpose), but the exact circuit count is an output of a real QASM_GEN/TN_QC_OPT run, not predictable in advance -- see docs.mqs.dk QASM_GEN section.",92.745,33759.606
561,H2,0,1,2,def2-svp,basis_set_exchange,tn_qc_opt,20,yes,TN_QC_OPT (Cebule),COBYLA,,,2,2,full,pauli,120,,,"N_Qubit inherited from the JW-mapped Hamiltonian (verified, see JW row). Standard per-Pauli-string measurement (baseline).",92.745,33852.351
562,H2,0,1,2,def2-svp,basis_set_exchange,tn_qc_opt,20,yes,TN_QC_OPT (Cebule),COBYLA,,,2,2,full,qasm_gen_grouped,120,,,"N_Qubit inherited from the JW-mapped Hamiltonian (verified, see JW row). Cebule QASM_GEN basis-state-pair-grouping measurement scheme. Expected to require fewer or equal distinct circuits per iteration than plain 'pauli' measurement (that's QASM_GEN's whole purpose), but the exact circuit count is an output of a real QASM_GEN/TN_QC_OPT run, not predictable in advance -- see docs.mqs.dk QASM_GEN section.",92.745,33945.096
563,H2,0,1,2,def2-svp,basis_set_exchange,tn_qc_opt,20,yes,TN_QC_OPT (Cebule),COBYLA,,,2,2,phase,pauli,120,,,"N_Qubit inherited from the JW-mapped Hamiltonian (verified, see JW row). Standard per-Pauli-string measurement (baseline).",92.745,34037.841
564,H2,0,1,2,def2-svp,basis_set_exchange,tn_qc_opt,20,yes,TN_QC_OPT (Cebule),COBYLA,,,2,2,phase,qasm_gen_grouped,120,,,"N_Qubit inherited from the JW-mapped Hamiltonian (verified, see JW row). Cebule QASM_GEN basis-state-pair-grouping measurement scheme. Expected to require fewer or equal distinct circuits per iteration than plain 'pauli' measurement (that's QASM_GEN's whole purpose), but the exact circuit count is an output of a real QASM_GEN/TN_QC_OPT run, not predictable in advance -- see docs.mqs.dk QASM_GEN section.",92.745,34130.586
577,H2,0,1,2,def2-svp,basis_set_exchange,tn_qc_opt,20,yes,TN_QC_OPT (Cebule),COBYLA,,,3,2,full,pauli,120,,,"N_Qubit inherited from the JW-mapped Hamiltonian (verified, see JW row). Standard per-Pauli-string measurement (baseline).",92.745,34223.331
578,H2,0,1,2,def2-svp,basis_set_exchange,tn_qc_opt,20,yes,TN_QC_OPT (Cebule),COBYLA,,,3,2,full,qasm_gen_grouped,120,,,"N_Qubit inherited from the JW-mapped Hamiltonian (verified, see JW row). Cebule QASM_GEN basis-state-pair-grouping measurement scheme. Expected to require fewer or equal distinct circuits per iteration than plain 'pauli' measurement (that's QASM_GEN's whole purpose), but the exact circuit count is an output of a real QASM_GEN/TN_QC_OPT run, not predictable in advance -- see docs.mqs.dk QASM_GEN section.",92.745,34316.076
579,H2,0,1,2,def2-svp,basis_set_exchange,tn_qc_opt,20,yes,TN_QC_OPT (Cebule),COBYLA,,,3,2,phase,pauli,120,,,"N_Qubit inherited from the JW-mapped Hamiltonian (verified, see JW row). Standard per-Pauli-string measurement (baseline).",92.745,34408.822
580,H2,0,1,2,def2-svp,basis_set_exchange,tn_qc_opt,20,yes,TN_QC_OPT (Cebule),COBYLA,,,3,2,phase,qasm_gen_grouped,120,,,"N_Qubit inherited from the JW-mapped Hamiltonian (verified, see JW row). Cebule QASM_GEN basis-state-pair-grouping measurement scheme. Expected to require fewer or equal distinct circuits per iteration than plain 'pauli' measurement (that's QASM_GEN's whole purpose), but the exact circuit count is an output of a real QASM_GEN/TN_QC_OPT run, not predictable in advance -- see docs.mqs.dk QASM_GEN section.",92.745,34501.567
763,H2,0,1,2,qvSZP,grimme_qvszp,tn_qc_opt,16,yes,TN_QC_OPT (Cebule),COBYLA,,,0,4,n/a (no TN layers),pauli,192,,,"N_Qubit inherited from the JW-mapped Hamiltonian (verified, see JW row). TN_Layers_Network=0 is the paper's 'circuit only' baseline -- equivalent to plain VQE with this Hamiltonian encoding and no TN preprocessing. Standard per-Pauli-string measurement (baseline).",92.745,34594.312
764,H2,0,1,2,qvSZP,grimme_qvszp,tn_qc_opt,16,yes,TN_QC_OPT (Cebule),COBYLA,,,0,4,n/a (no TN layers),qasm_gen_grouped,192,,,"N_Qubit inherited from the JW-mapped Hamiltonian (verified, see JW row). TN_Layers_Network=0 is the paper's 'circuit only' baseline -- equivalent to plain VQE with this Hamiltonian encoding and no TN preprocessing. Cebule QASM_GEN basis-state-pair-grouping measurement scheme. Expected to require fewer or equal distinct circuits per iteration than plain 'pauli' measurement (that's QASM_GEN's whole purpose), but the exact circuit count is an output of a real QASM_GEN/TN_QC_OPT run, not predictable in advance -- see docs.mqs.dk QASM_GEN section.",92.745,34687.057
777,H2,0,1,2,qvSZP,grimme_qvszp,tn_qc_opt,16,yes,TN_QC_OPT (Cebule),COBYLA,,,1,4,full,pauli,192,,,"N_Qubit inherited from the JW-mapped Hamiltonian (verified, see JW row). Standard per-Pauli-string measurement (baseline).",92.745,34779.802
778,H2,0,1,2,qvSZP,grimme_qvszp,tn_qc_opt,16,yes,TN_QC_OPT (Cebule),COBYLA,,,1,4,full,qasm_gen_grouped,192,,,"N_Qubit inherited from the JW-mapped Hamiltonian (verified, see JW row). Cebule QASM_GEN basis-state-pair-grouping measurement scheme. Expected to require fewer or equal distinct circuits per iteration than plain 'pauli' measurement (that's QASM_GEN's whole purpose), but the exact circuit count is an output of a real QASM_GEN/TN_QC_OPT run, not predictable in advance -- see docs.mqs.dk QASM_GEN section.",92.745,34872.547
779,H2,0,1,2,qvSZP,grimme_qvszp,tn_qc_opt,16,yes,TN_QC_OPT (Cebule),COBYLA,,,1,4,phase,pauli,192,,,"N_Qubit inherited from the JW-mapped Hamiltonian (verified, see JW row). Standard per-Pauli-string measurement (baseline).",92.745,34965.292
780,H2,0,1,2,qvSZP,grimme_qvszp,tn_qc_opt,16,yes,TN_QC_OPT (Cebule),COBYLA,,,1,4,phase,qasm_gen_grouped,192,,,"N_Qubit inherited from the JW-mapped Hamiltonian (verified, see JW row). Cebule QASM_GEN basis-state-pair-grouping measurement scheme. Expected to require fewer or equal distinct circuits per iteration than plain 'pauli' measurement (that's QASM_GEN's whole purpose), but the exact circuit count is an output of a real QASM_GEN/TN_QC_OPT run, not predictable in advance -- see docs.mqs.dk QASM_GEN section.",92.745,35058.037
793,H2,0,1,2,qvSZP,grimme_qvszp,tn_qc_opt,16,yes,TN_QC_OPT (Cebule),COBYLA,,,2,4,full,pauli,192,,,"N_Qubit inherited from the JW-mapped Hamiltonian (verified, see JW row). Standard per-Pauli-string measurement (baseline).",92.745,35150.782
794,H2,0,1,2,qvSZP,grimme_qvszp,tn_qc_opt,16,yes,TN_QC_OPT (Cebule),COBYLA,,,2,4,full,qasm_gen_grouped,192,,,"N_Qubit inherited from the JW-mapped Hamiltonian (verified, see JW row). Cebule QASM_GEN basis-state-pair-grouping measurement scheme. Expected to require fewer or equal distinct circuits per iteration than plain 'pauli' measurement (that's QASM_GEN's whole purpose), but the exact circuit count is an output of a real QASM_GEN/TN_QC_OPT run, not predictable in advance -- see docs.mqs.dk QASM_GEN section.",92.745,35243.527
795,H2,0,1,2,qvSZP,grimme_qvszp,tn_qc_opt,16,yes,TN_QC_OPT (Cebule),COBYLA,,,2,4,phase,pauli,192,,,"N_Qubit inherited from the JW-mapped Hamiltonian (verified, see JW row). Standard per-Pauli-string measurement (baseline).",92.745,35336.272
796,H2,0,1,2,qvSZP,grimme_qvszp,tn_qc_opt,16,yes,TN_QC_OPT (Cebule),COBYLA,,,2,4,phase,qasm_gen_grouped,192,,,"N_Qubit inherited from the JW-mapped Hamiltonian (verified, see JW row). Cebule QASM_GEN basis-state-pair-grouping measurement scheme. Expected to require fewer or equal distinct circuits per iteration than plain 'pauli' measurement (that's QASM_GEN's whole purpose), but the exact circuit count is an output of a real QASM_GEN/TN_QC_OPT run, not predictable in advance -- see docs.mqs.dk QASM_GEN section.",92.745,35429.017
809,H2,0,1,2,qvSZP,grimme_qvszp,tn_qc_opt,16,yes,TN_QC_OPT (Cebule),COBYLA,,,3,4,full,pauli,192,,,"N_Qubit inherited from the JW-mapped Hamiltonian (verified, see JW row). Standard per-Pauli-string measurement (baseline).",92.745,35521.762
810,H2,0,1,2,qvSZP,grimme_qvszp,tn_qc_opt,16,yes,TN_QC_OPT (Cebule),COBYLA,,,3,4,full,qasm_gen_grouped,192,,,"N_Qubit inherited from the JW-mapped Hamiltonian (verified, see JW row). Cebule QASM_GEN basis-state-pair-grouping measurement scheme. Expected to require fewer or equal distinct circuits per iteration than plain 'pauli' measurement (that's QASM_GEN's whole purpose), but the exact circuit count is an output of a real QASM_GEN/TN_QC_OPT run, not predictable in advance -- see docs.mqs.dk QASM_GEN section.",92.745,35614.507
811,H2,0,1,2,qvSZP,grimme_qvszp,tn_qc_opt,16,yes,TN_QC_OPT (Cebule),COBYLA,,,3,4,phase,pauli,192,,,"N_Qubit inherited from the JW-mapped Hamiltonian (verified, see JW row). Standard per-Pauli-string measurement (baseline).",92.745,35707.252
812,H2,0,1,2,qvSZP,grimme_qvszp,tn_qc_opt,16,yes,TN_QC_OPT (Cebule),COBYLA,,,3,4,phase,qasm_gen_grouped,192,,,"N_Qubit inherited from the JW-mapped Hamiltonian (verified, see JW row). Cebule QASM_GEN basis-state-pair-grouping measurement scheme. Expected to require fewer or equal distinct circuits per iteration than plain 'pauli' measurement (that's QASM_GEN's whole purpose), but the exact circuit count is an output of a real QASM_GEN/TN_QC_OPT run, not predictable in advance -- see docs.mqs.dk QASM_GEN section.",92.745,35799.997
871,Li2,0,1,6,sto-3g,basis_set_exchange,tn_qc_opt,20,yes,TN_QC_OPT (Cebule),COBYLA,,,0,2,n/a (no TN layers),pauli,120,,,"N_Qubit inherited from the JW-mapped Hamiltonian (verified, see JW row). TN_Layers_Network=0 is the paper's 'circuit only' baseline -- equivalent to plain VQE with this Hamiltonian encoding and no TN preprocessing. Standard per-Pauli-string measurement (baseline).",92.745,35892.743
872,Li2,0,1,6,sto-3g,basis_set_exchange,tn_qc_opt,20,yes,TN_QC_OPT (Cebule),COBYLA,,,0,2,n/a (no TN layers),qasm_gen_grouped,120,,,"N_Qubit inherited from the JW-mapped Hamiltonian (verified, see JW row). TN_Layers_Network=0 is the paper's 'circuit only' baseline -- equivalent to plain VQE with this Hamiltonian encoding and no TN preprocessing. Cebule QASM_GEN basis-state-pair-grouping measurement scheme. Expected to require fewer or equal distinct circuits per iteration than plain 'pauli' measurement (that's QASM_GEN's whole purpose), but the exact circuit count is an output of a real QASM_GEN/TN_QC_OPT run, not predictable in advance -- see docs.mqs.dk QASM_GEN section.",92.745,35985.488
881,Li2,0,1,6,sto-3g,basis_set_exchange,tn_qc_opt,20,yes,TN_QC_OPT (Cebule),COBYLA,,,1,2,full,pauli,120,,,"N_Qubit inherited from the JW-mapped Hamiltonian (verified, see JW row). Standard per-Pauli-string measurement (baseline).",92.745,36078.233
882,Li2,0,1,6,sto-3g,basis_set_exchange,tn_qc_opt,20,yes,TN_QC_OPT (Cebule),COBYLA,,,1,2,full,qasm_gen_grouped,120,,,"N_Qubit inherited from the JW-mapped Hamiltonian (verified, see JW row). Cebule QASM_GEN basis-state-pair-grouping measurement scheme. Expected to require fewer or equal distinct circuits per iteration than plain 'pauli' measurement (that's QASM_GEN's whole purpose), but the exact circuit count is an output of a real QASM_GEN/TN_QC_OPT run, not predictable in advance -- see docs.mqs.dk QASM_GEN section.",92.745,36170.978
883,Li2,0,1,6,sto-3g,basis_set_exchange,tn_qc_opt,20,yes,TN_QC_OPT (Cebule),COBYLA,,,1,2,phase,pauli,120,,,"N_Qubit inherited from the JW-mapped Hamiltonian (verified, see JW row). Standard per-Pauli-string measurement (baseline).",92.745,36263.723
884,Li2,0,1,6,sto-3g,basis_set_exchange,tn_qc_opt,20,yes,TN_QC_OPT (Cebule),COBYLA,,,1,2,phase,qasm_gen_grouped,120,,,"N_Qubit inherited from the JW-mapped Hamiltonian (verified, see JW row). Cebule QASM_GEN basis-state-pair-grouping measurement scheme. Expected to require fewer or equal distinct circuits per iteration than plain 'pauli' measurement (that's QASM_GEN's whole purpose), but the exact circuit count is an output of a real QASM_GEN/TN_QC_OPT run, not predictable in advance -- see docs.mqs.dk QASM_GEN section.",92.745,36356.468
897,Li2,0,1,6,sto-3g,basis_set_exchange,tn_qc_opt,20,yes,TN_QC_OPT (Cebule),COBYLA,,,2,2,full,pauli,120,,,"N_Qubit inherited from the JW-mapped Hamiltonian (verified, see JW row). Standard per-Pauli-string measurement (baseline).",92.745,36449.213
898,Li2,0,1,6,sto-3g,basis_set_exchange,tn_qc_opt,20,yes,TN_QC_OPT (Cebule),COBYLA,,,2,2,full,qasm_gen_grouped,120,,,"N_Qubit inherited from the JW-mapped Hamiltonian (verified, see JW row). Cebule QASM_GEN basis-state-pair-grouping measurement scheme. Expected to require fewer or equal distinct circuits per iteration than plain 'pauli' measurement (that's QASM_GEN's whole purpose), but the exact circuit count is an output of a real QASM_GEN/TN_QC_OPT run, not predictable in advance -- see docs.mqs.dk QASM_GEN section.",92.745,36541.958
899,Li2,0,1,6,sto-3g,basis_set_exchange,tn_qc_opt,20,yes,TN_QC_OPT (Cebule),COBYLA,,,2,2,phase,pauli,120,,,"N_Qubit inherited from the JW-mapped Hamiltonian (verified, see JW row). Standard per-Pauli-string measurement (baseline).",92.745,36634.703
900,Li2,0,1,6,sto-3g,basis_set_exchange,tn_qc_opt,20,yes,TN_QC_OPT (Cebule),COBYLA,,,2,2,phase,qasm_gen_grouped,120,,,"N_Qubit inherited from the JW-mapped Hamiltonian (verified, see JW row). Cebule QASM_GEN basis-state-pair-grouping measurement scheme. Expected to require fewer or equal distinct circuits per iteration than plain 'pauli' measurement (that's QASM_GEN's whole purpose), but the exact circuit count is an output of a real QASM_GEN/TN_QC_OPT run, not predictable in advance -- see docs.mqs.dk QASM_GEN section.",92.745,36727.448
913,Li2,0,1,6,sto-3g,basis_set_exchange,tn_qc_opt,20,yes,TN_QC_OPT (Cebule),COBYLA,,,3,2,full,pauli,120,,,"N_Qubit inherited from the JW-mapped Hamiltonian (verified, see JW row). Standard per-Pauli-string measurement (baseline).",92.745,36820.193
914,Li2,0,1,6,sto-3g,basis_set_exchange,tn_qc_opt,20,yes,TN_QC_OPT (Cebule),COBYLA,,,3,2,full,qasm_gen_grouped,120,,,"N_Qubit inherited from the JW-mapped Hamiltonian (verified, see JW row). Cebule QASM_GEN basis-state-pair-grouping measurement scheme. Expected to require fewer or equal distinct circuits per iteration than plain 'pauli' measurement (that's QASM_GEN's whole purpose), but the exact circuit count is an output of a real QASM_GEN/TN_QC_OPT run, not predictable in advance -- see docs.mqs.dk QASM_GEN section.",92.745,36912.938
915,Li2,0,1,6,sto-3g,basis_set_exchange,tn_qc_opt,20,yes,TN_QC_OPT (Cebule),COBYLA,,,3,2,phase,pauli,120,,,"N_Qubit inherited from the JW-mapped Hamiltonian (verified, see JW row). Standard per-Pauli-string measurement (baseline).",92.745,37005.683
916,Li2,0,1,6,sto-3g,basis_set_exchange,tn_qc_opt,20,yes,TN_QC_OPT (Cebule),COBYLA,,,3,2,phase,qasm_gen_grouped,120,,,"N_Qubit inherited from the JW-mapped Hamiltonian (verified, see JW row). Cebule QASM_GEN basis-state-pair-grouping measurement scheme. Expected to require fewer or equal distinct circuits per iteration than plain 'pauli' measurement (that's QASM_GEN's whole purpose), but the exact circuit count is an output of a real QASM_GEN/TN_QC_OPT run, not predictable in advance -- see docs.mqs.dk QASM_GEN section.",92.745,37098.428
21,H2,0,1,2,def2-tzvp,basis_set_exchange,JW,24,yes,,,,,,,,pauli,,,,Standard per-Pauli-string measurement (baseline).,92.922,37191.350
22,H2,0,1,2,def2-tzvp,basis_set_exchange,JW,24,yes,,,,,,,,qasm_gen_grouped,,,,"Cebule QASM_GEN basis-state-pair-grouping measurement scheme. Expected to require fewer or equal distinct circuits per iteration than plain 'pauli' measurement (that's QASM_GEN's whole purpose), but the exact circuit count is an output of a real QASM_GEN/TN_QC_OPT run, not predictable in advance -- see docs.mqs.dk QASM_GEN section.",92.922,37284.272
313,H2,0,1,2,cc-pvdz,basis_set_exchange,tn_qc_opt,20,yes,TN_QC_OPT (Cebule),COBYLA,,,0,3,n/a (no TN layers),pauli,180,,,"N_Qubit inherited from the JW-mapped Hamiltonian (verified, see JW row). TN_Layers_Network=0 is the paper's 'circuit only' baseline -- equivalent to plain VQE with this Hamiltonian encoding and no TN preprocessing. Standard per-Pauli-string measurement (baseline).",92.922,37377.194
314,H2,0,1,2,cc-pvdz,basis_set_exchange,tn_qc_opt,20,yes,TN_QC_OPT (Cebule),COBYLA,,,0,3,n/a (no TN layers),qasm_gen_grouped,180,,,"N_Qubit inherited from the JW-mapped Hamiltonian (verified, see JW row). TN_Layers_Network=0 is the paper's 'circuit only' baseline -- equivalent to plain VQE with this Hamiltonian encoding and no TN preprocessing. Cebule QASM_GEN basis-state-pair-grouping measurement scheme. Expected to require fewer or equal distinct circuits per iteration than plain 'pauli' measurement (that's QASM_GEN's whole purpose), but the exact circuit count is an output of a real QASM_GEN/TN_QC_OPT run, not predictable in advance -- see docs.mqs.dk QASM_GEN section.",92.922,37470.116
325,H2,0,1,2,cc-pvdz,basis_set_exchange,tn_qc_opt,20,yes,TN_QC_OPT (Cebule),COBYLA,,,1,3,full,pauli,180,,,"N_Qubit inherited from the JW-mapped Hamiltonian (verified, see JW row). Standard per-Pauli-string measurement (baseline).",92.922,37563.038
326,H2,0,1,2,cc-pvdz,basis_set_exchange,tn_qc_opt,20,yes,TN_QC_OPT (Cebule),COBYLA,,,1,3,full,qasm_gen_grouped,180,,,"N_Qubit inherited from the JW-mapped Hamiltonian (verified, see JW row). Cebule QASM_GEN basis-state-pair-grouping measurement scheme. Expected to require fewer or equal distinct circuits per iteration than plain 'pauli' measurement (that's QASM_GEN's whole purpose), but the exact circuit count is an output of a real QASM_GEN/TN_QC_OPT run, not predictable in advance -- see docs.mqs.dk QASM_GEN section.",92.922,37655.960
327,H2,0,1,2,cc-pvdz,basis_set_exchange,tn_qc_opt,20,yes,TN_QC_OPT (Cebule),COBYLA,,,1,3,phase,pauli,180,,,"N_Qubit inherited from the JW-mapped Hamiltonian (verified, see JW row). Standard per-Pauli-string measurement (baseline).",92.922,37748.882
328,H2,0,1,2,cc-pvdz,basis_set_exchange,tn_qc_opt,20,yes,TN_QC_OPT (Cebule),COBYLA,,,1,3,phase,qasm_gen_grouped,180,,,"N_Qubit inherited from the JW-mapped Hamiltonian (verified, see JW row). Cebule QASM_GEN basis-state-pair-grouping measurement scheme. Expected to require fewer or equal distinct circuits per iteration than plain 'pauli' measurement (that's QASM_GEN's whole purpose), but the exact circuit count is an output of a real QASM_GEN/TN_QC_OPT run, not predictable in advance -- see docs.mqs.dk QASM_GEN section.",92.922,37841.804
341,H2,0,1,2,cc-pvdz,basis_set_exchange,tn_qc_opt,20,yes,TN_QC_OPT (Cebule),COBYLA,,,2,3,full,pauli,180,,,"N_Qubit inherited from the JW-mapped Hamiltonian (verified, see JW row). Standard per-Pauli-string measurement (baseline).",92.922,37934.726
342,H2,0,1,2,cc-pvdz,basis_set_exchange,tn_qc_opt,20,yes,TN_QC_OPT (Cebule),COBYLA,,,2,3,full,qasm_gen_grouped,180,,,"N_Qubit inherited from the JW-mapped Hamiltonian (verified, see JW row). Cebule QASM_GEN basis-state-pair-grouping measurement scheme. Expected to require fewer or equal distinct circuits per iteration than plain 'pauli' measurement (that's QASM_GEN's whole purpose), but the exact circuit count is an output of a real QASM_GEN/TN_QC_OPT run, not predictable in advance -- see docs.mqs.dk QASM_GEN section.",92.922,38027.648
343,H2,0,1,2,cc-pvdz,basis_set_exchange,tn_qc_opt,20,yes,TN_QC_OPT (Cebule),COBYLA,,,2,3,phase,pauli,180,,,"N_Qubit inherited from the JW-mapped Hamiltonian (verified, see JW row). Standard per-Pauli-string measurement (baseline).",92.922,38120.570
344,H2,0,1,2,cc-pvdz,basis_set_exchange,tn_qc_opt,20,yes,TN_QC_OPT (Cebule),COBYLA,,,2,3,phase,qasm_gen_grouped,180,,,"N_Qubit inherited from the JW-mapped Hamiltonian (verified, see JW row). Cebule QASM_GEN basis-state-pair-grouping measurement scheme. Expected to require fewer or equal distinct circuits per iteration than plain 'pauli' measurement (that's QASM_GEN's whole purpose), but the exact circuit count is an output of a real QASM_GEN/TN_QC_OPT run, not predictable in advance -- see docs.mqs.dk QASM_GEN section.",92.922,38213.492
357,H2,0,1,2,cc-pvdz,basis_set_exchange,tn_qc_opt,20,yes,TN_QC_OPT (Cebule),COBYLA,,,3,3,full,pauli,180,,,"N_Qubit inherited from the JW-mapped Hamiltonian (verified, see JW row). Standard per-Pauli-string measurement (baseline).",92.922,38306.414
358,H2,0,1,2,cc-pvdz,basis_set_exchange,tn_qc_opt,20,yes,TN_QC_OPT (Cebule),COBYLA,,,3,3,full,qasm_gen_grouped,180,,,"N_Qubit inherited from the JW-mapped Hamiltonian (verified, see JW row). Cebule QASM_GEN basis-state-pair-grouping measurement scheme. Expected to require fewer or equal distinct circuits per iteration than plain 'pauli' measurement (that's QASM_GEN's whole purpose), but the exact circuit count is an output of a real QASM_GEN/TN_QC_OPT run, not predictable in advance -- see docs.mqs.dk QASM_GEN section.",92.922,38399.336
359,H2,0,1,2,cc-pvdz,basis_set_exchange,tn_qc_opt,20,yes,TN_QC_OPT (Cebule),COBYLA,,,3,3,phase,pauli,180,,,"N_Qubit inherited from the JW-mapped Hamiltonian (verified, see JW row). Standard per-Pauli-string measurement (baseline).",92.922,38492.258
360,H2,0,1,2,cc-pvdz,basis_set_exchange,tn_qc_opt,20,yes,TN_QC_OPT (Cebule),COBYLA,,,3,3,phase,qasm_gen_grouped,180,,,"N_Qubit inherited from the JW-mapped Hamiltonian (verified, see JW row). Cebule QASM_GEN basis-state-pair-grouping measurement scheme. Expected to require fewer or equal distinct circuits per iteration than plain 'pauli' measurement (that's QASM_GEN's whole purpose), but the exact circuit count is an output of a real QASM_GEN/TN_QC_OPT run, not predictable in advance -- see docs.mqs.dk QASM_GEN section.",92.922,38585.180
537,H2,0,1,2,def2-svp,basis_set_exchange,tn_qc_opt,20,yes,TN_QC_OPT (Cebule),COBYLA,,,0,3,n/a (no TN layers),pauli,180,,,"N_Qubit inherited from the JW-mapped Hamiltonian (verified, see JW row). TN_Layers_Network=0 is the paper's 'circuit only' baseline -- equivalent to plain VQE with this Hamiltonian encoding and no TN preprocessing. Standard per-Pauli-string measurement (baseline).",92.922,38678.102
538,H2,0,1,2,def2-svp,basis_set_exchange,tn_qc_opt,20,yes,TN_QC_OPT (Cebule),COBYLA,,,0,3,n/a (no TN layers),qasm_gen_grouped,180,,,"N_Qubit inherited from the JW-mapped Hamiltonian (verified, see JW row). TN_Layers_Network=0 is the paper's 'circuit only' baseline -- equivalent to plain VQE with this Hamiltonian encoding and no TN preprocessing. Cebule QASM_GEN basis-state-pair-grouping measurement scheme. Expected to require fewer or equal distinct circuits per iteration than plain 'pauli' measurement (that's QASM_GEN's whole purpose), but the exact circuit count is an output of a real QASM_GEN/TN_QC_OPT run, not predictable in advance -- see docs.mqs.dk QASM_GEN section.",92.922,38771.024
549,H2,0,1,2,def2-svp,basis_set_exchange,tn_qc_opt,20,yes,TN_QC_OPT (Cebule),COBYLA,,,1,3,full,pauli,180,,,"N_Qubit inherited from the JW-mapped Hamiltonian (verified, see JW row). Standard per-Pauli-string measurement (baseline).",92.922,38863.946
550,H2,0,1,2,def2-svp,basis_set_exchange,tn_qc_opt,20,yes,TN_QC_OPT (Cebule),COBYLA,,,1,3,full,qasm_gen_grouped,180,,,"N_Qubit inherited from the JW-mapped Hamiltonian (verified, see JW row). Cebule QASM_GEN basis-state-pair-grouping measurement scheme. Expected to require fewer or equal distinct circuits per iteration than plain 'pauli' measurement (that's QASM_GEN's whole purpose), but the exact circuit count is an output of a real QASM_GEN/TN_QC_OPT run, not predictable in advance -- see docs.mqs.dk QASM_GEN section.",92.922,38956.869
551,H2,0,1,2,def2-svp,basis_set_exchange,tn_qc_opt,20,yes,TN_QC_OPT (Cebule),COBYLA,,,1,3,phase,pauli,180,,,"N_Qubit inherited from the JW-mapped Hamiltonian (verified, see JW row). Standard per-Pauli-string measurement (baseline).",92.922,39049.791
552,H2,0,1,2,def2-svp,basis_set_exchange,tn_qc_opt,20,yes,TN_QC_OPT (Cebule),COBYLA,,,1,3,phase,qasm_gen_grouped,180,,,"N_Qubit inherited from the JW-mapped Hamiltonian (verified, see JW row). Cebule QASM_GEN basis-state-pair-grouping measurement scheme. Expected to require fewer or equal distinct circuits per iteration than plain 'pauli' measurement (that's QASM_GEN's whole purpose), but the exact circuit count is an output of a real QASM_GEN/TN_QC_OPT run, not predictable in advance -- see docs.mqs.dk QASM_GEN section.",92.922,39142.713
565,H2,0,1,2,def2-svp,basis_set_exchange,tn_qc_opt,20,yes,TN_QC_OPT (Cebule),COBYLA,,,2,3,full,pauli,180,,,"N_Qubit inherited from the JW-mapped Hamiltonian (verified, see JW row). Standard per-Pauli-string measurement (baseline).",92.922,39235.635
566,H2,0,1,2,def2-svp,basis_set_exchange,tn_qc_opt,20,yes,TN_QC_OPT (Cebule),COBYLA,,,2,3,full,qasm_gen_grouped,180,,,"N_Qubit inherited from the JW-mapped Hamiltonian (verified, see JW row). Cebule QASM_GEN basis-state-pair-grouping measurement scheme. Expected to require fewer or equal distinct circuits per iteration than plain 'pauli' measurement (that's QASM_GEN's whole purpose), but the exact circuit count is an output of a real QASM_GEN/TN_QC_OPT run, not predictable in advance -- see docs.mqs.dk QASM_GEN section.",92.922,39328.557
567,H2,0,1,2,def2-svp,basis_set_exchange,tn_qc_opt,20,yes,TN_QC_OPT (Cebule),COBYLA,,,2,3,phase,pauli,180,,,"N_Qubit inherited from the JW-mapped Hamiltonian (verified, see JW row). Standard per-Pauli-string measurement (baseline).",92.922,39421.479
568,H2,0,1,2,def2-svp,basis_set_exchange,tn_qc_opt,20,yes,TN_QC_OPT (Cebule),COBYLA,,,2,3,phase,qasm_gen_grouped,180,,,"N_Qubit inherited from the JW-mapped Hamiltonian (verified, see JW row). Cebule QASM_GEN basis-state-pair-grouping measurement scheme. Expected to require fewer or equal distinct circuits per iteration than plain 'pauli' measurement (that's QASM_GEN's whole purpose), but the exact circuit count is an output of a real QASM_GEN/TN_QC_OPT run, not predictable in advance -- see docs.mqs.dk QASM_GEN section.",92.922,39514.401
581,H2,0,1,2,def2-svp,basis_set_exchange,tn_qc_opt,20,yes,TN_QC_OPT (Cebule),COBYLA,,,3,3,full,pauli,180,,,"N_Qubit inherited from the JW-mapped Hamiltonian (verified, see JW row). Standard per-Pauli-string measurement (baseline).",92.922,39607.323
582,H2,0,1,2,def2-svp,basis_set_exchange,tn_qc_opt,20,yes,TN_QC_OPT (Cebule),COBYLA,,,3,3,full,qasm_gen_grouped,180,,,"N_Qubit inherited from the JW-mapped Hamiltonian (verified, see JW row). Cebule QASM_GEN basis-state-pair-grouping measurement scheme. Expected to require fewer or equal distinct circuits per iteration than plain 'pauli' measurement (that's QASM_GEN's whole purpose), but the exact circuit count is an output of a real QASM_GEN/TN_QC_OPT run, not predictable in advance -- see docs.mqs.dk QASM_GEN section.",92.922,39700.245
583,H2,0,1,2,def2-svp,basis_set_exchange,tn_qc_opt,20,yes,TN_QC_OPT (Cebule),COBYLA,,,3,3,phase,pauli,180,,,"N_Qubit inherited from the JW-mapped Hamiltonian (verified, see JW row). Standard per-Pauli-string measurement (baseline).",92.922,39793.167
584,H2,0,1,2,def2-svp,basis_set_exchange,tn_qc_opt,20,yes,TN_QC_OPT (Cebule),COBYLA,,,3,3,phase,qasm_gen_grouped,180,,,"N_Qubit inherited from the JW-mapped Hamiltonian (verified, see JW row). Cebule QASM_GEN basis-state-pair-grouping measurement scheme. Expected to require fewer or equal distinct circuits per iteration than plain 'pauli' measurement (that's QASM_GEN's whole purpose), but the exact circuit count is an output of a real QASM_GEN/TN_QC_OPT run, not predictable in advance -- see docs.mqs.dk QASM_GEN section.",92.922,39886.089
645,H2,0,1,2,def2-tzvp,basis_set_exchange,tn_qc_opt,24,yes,TN_QC_OPT (Cebule),COBYLA,,,0,1,n/a (no TN layers),pauli,72,,,"N_Qubit inherited from the JW-mapped Hamiltonian (verified, see JW row). TN_Layers_Network=0 is the paper's 'circuit only' baseline -- equivalent to plain VQE with this Hamiltonian encoding and no TN preprocessing. Standard per-Pauli-string measurement (baseline).",92.922,39979.011
646,H2,0,1,2,def2-tzvp,basis_set_exchange,tn_qc_opt,24,yes,TN_QC_OPT (Cebule),COBYLA,,,0,1,n/a (no TN layers),qasm_gen_grouped,72,,,"N_Qubit inherited from the JW-mapped Hamiltonian (verified, see JW row). TN_Layers_Network=0 is the paper's 'circuit only' baseline -- equivalent to plain VQE with this Hamiltonian encoding and no TN preprocessing. Cebule QASM_GEN basis-state-pair-grouping measurement scheme. Expected to require fewer or equal distinct circuits per iteration than plain 'pauli' measurement (that's QASM_GEN's whole purpose), but the exact circuit count is an output of a real QASM_GEN/TN_QC_OPT run, not predictable in advance -- see docs.mqs.dk QASM_GEN section.",92.922,40071.933
653,H2,0,1,2,def2-tzvp,basis_set_exchange,tn_qc_opt,24,yes,TN_QC_OPT (Cebule),COBYLA,,,1,1,full,pauli,72,,,"N_Qubit inherited from the JW-mapped Hamiltonian (verified, see JW row). Standard per-Pauli-string measurement (baseline).",92.922,40164.855
654,H2,0,1,2,def2-tzvp,basis_set_exchange,tn_qc_opt,24,yes,TN_QC_OPT (Cebule),COBYLA,,,1,1,full,qasm_gen_grouped,72,,,"N_Qubit inherited from the JW-mapped Hamiltonian (verified, see JW row). Cebule QASM_GEN basis-state-pair-grouping measurement scheme. Expected to require fewer or equal distinct circuits per iteration than plain 'pauli' measurement (that's QASM_GEN's whole purpose), but the exact circuit count is an output of a real QASM_GEN/TN_QC_OPT run, not predictable in advance -- see docs.mqs.dk QASM_GEN section.",92.922,40257.777
655,H2,0,1,2,def2-tzvp,basis_set_exchange,tn_qc_opt,24,yes,TN_QC_OPT (Cebule),COBYLA,,,1,1,phase,pauli,72,,,"N_Qubit inherited from the JW-mapped Hamiltonian (verified, see JW row). Standard per-Pauli-string measurement (baseline).",92.922,40350.699
656,H2,0,1,2,def2-tzvp,basis_set_exchange,tn_qc_opt,24,yes,TN_QC_OPT (Cebule),COBYLA,,,1,1,phase,qasm_gen_grouped,72,,,"N_Qubit inherited from the JW-mapped Hamiltonian (verified, see JW row). Cebule QASM_GEN basis-state-pair-grouping measurement scheme. Expected to require fewer or equal distinct circuits per iteration than plain 'pauli' measurement (that's QASM_GEN's whole purpose), but the exact circuit count is an output of a real QASM_GEN/TN_QC_OPT run, not predictable in advance -- see docs.mqs.dk QASM_GEN section.",92.922,40443.621
669,H2,0,1,2,def2-tzvp,basis_set_exchange,tn_qc_opt,24,yes,TN_QC_OPT (Cebule),COBYLA,,,2,1,full,pauli,72,,,"N_Qubit inherited from the JW-mapped Hamiltonian (verified, see JW row). Standard per-Pauli-string measurement (baseline).",92.922,40536.543
670,H2,0,1,2,def2-tzvp,basis_set_exchange,tn_qc_opt,24,yes,TN_QC_OPT (Cebule),COBYLA,,,2,1,full,qasm_gen_grouped,72,,,"N_Qubit inherited from the JW-mapped Hamiltonian (verified, see JW row). Cebule QASM_GEN basis-state-pair-grouping measurement scheme. Expected to require fewer or equal distinct circuits per iteration than plain 'pauli' measurement (that's QASM_GEN's whole purpose), but the exact circuit count is an output of a real QASM_GEN/TN_QC_OPT run, not predictable in advance -- see docs.mqs.dk QASM_GEN section.",92.922,40629.465
671,H2,0,1,2,def2-tzvp,basis_set_exchange,tn_qc_opt,24,yes,TN_QC_OPT (Cebule),COBYLA,,,2,1,phase,pauli,72,,,"N_Qubit inherited from the JW-mapped Hamiltonian (verified, see JW row). Standard per-Pauli-string measurement (baseline).",92.922,40722.387
672,H2,0,1,2,def2-tzvp,basis_set_exchange,tn_qc_opt,24,yes,TN_QC_OPT (Cebule),COBYLA,,,2,1,phase,qasm_gen_grouped,72,,,"N_Qubit inherited from the JW-mapped Hamiltonian (verified, see JW row). Cebule QASM_GEN basis-state-pair-grouping measurement scheme. Expected to require fewer or equal distinct circuits per iteration than plain 'pauli' measurement (that's QASM_GEN's whole purpose), but the exact circuit count is an output of a real QASM_GEN/TN_QC_OPT run, not predictable in advance -- see docs.mqs.dk QASM_GEN section.",92.922,40815.309
685,H2,0,1,2,def2-tzvp,basis_set_exchange,tn_qc_opt,24,yes,TN_QC_OPT (Cebule),COBYLA,,,3,1,full,pauli,72,,,"N_Qubit inherited from the JW-mapped Hamiltonian (verified, see JW row). Standard per-Pauli-string measurement (baseline).",92.922,40908.231
686,H2,0,1,2,def2-tzvp,basis_set_exchange,tn_qc_opt,24,yes,TN_QC_OPT (Cebule),COBYLA,,,3,1,full,qasm_gen_grouped,72,,,"N_Qubit inherited from the JW-mapped Hamiltonian (verified, see JW row). Cebule QASM_GEN basis-state-pair-grouping measurement scheme. Expected to require fewer or equal distinct circuits per iteration than plain 'pauli' measurement (that's QASM_GEN's whole purpose), but the exact circuit count is an output of a real QASM_GEN/TN_QC_OPT run, not predictable in advance -- see docs.mqs.dk QASM_GEN section.",92.922,41001.153
687,H2,0,1,2,def2-tzvp,basis_set_exchange,tn_qc_opt,24,yes,TN_QC_OPT (Cebule),COBYLA,,,3,1,phase,pauli,72,,,"N_Qubit inherited from the JW-mapped Hamiltonian (verified, see JW row). Standard per-Pauli-string measurement (baseline).",92.922,41094.075
688,H2,0,1,2,def2-tzvp,basis_set_exchange,tn_qc_opt,24,yes,TN_QC_OPT (Cebule),COBYLA,,,3,1,phase,qasm_gen_grouped,72,,,"N_Qubit inherited from the JW-mapped Hamiltonian (verified, see JW row). Cebule QASM_GEN basis-state-pair-grouping measurement scheme. Expected to require fewer or equal distinct circuits per iteration than plain 'pauli' measurement (that's QASM_GEN's whole purpose), but the exact circuit count is an output of a real QASM_GEN/TN_QC_OPT run, not predictable in advance -- see docs.mqs.dk QASM_GEN section.",92.922,41186.997
873,Li2,0,1,6,sto-3g,basis_set_exchange,tn_qc_opt,20,yes,TN_QC_OPT (Cebule),COBYLA,,,0,3,n/a (no TN layers),pauli,180,,,"N_Qubit inherited from the JW-mapped Hamiltonian (verified, see JW row). TN_Layers_Network=0 is the paper's 'circuit only' baseline -- equivalent to plain VQE with this Hamiltonian encoding and no TN preprocessing. Standard per-Pauli-string measurement (baseline).",92.922,41279.919
874,Li2,0,1,6,sto-3g,basis_set_exchange,tn_qc_opt,20,yes,TN_QC_OPT (Cebule),COBYLA,,,0,3,n/a (no TN layers),qasm_gen_grouped,180,,,"N_Qubit inherited from the JW-mapped Hamiltonian (verified, see JW row). TN_Layers_Network=0 is the paper's 'circuit only' baseline -- equivalent to plain VQE with this Hamiltonian encoding and no TN preprocessing. Cebule QASM_GEN basis-state-pair-grouping measurement scheme. Expected to require fewer or equal distinct circuits per iteration than plain 'pauli' measurement (that's QASM_GEN's whole purpose), but the exact circuit count is an output of a real QASM_GEN/TN_QC_OPT run, not predictable in advance -- see docs.mqs.dk QASM_GEN section.",92.922,41372.841
885,Li2,0,1,6,sto-3g,basis_set_exchange,tn_qc_opt,20,yes,TN_QC_OPT (Cebule),COBYLA,,,1,3,full,pauli,180,,,"N_Qubit inherited from the JW-mapped Hamiltonian (verified, see JW row). Standard per-Pauli-string measurement (baseline).",92.922,41465.763
886,Li2,0,1,6,sto-3g,basis_set_exchange,tn_qc_opt,20,yes,TN_QC_OPT (Cebule),COBYLA,,,1,3,full,qasm_gen_grouped,180,,,"N_Qubit inherited from the JW-mapped Hamiltonian (verified, see JW row). Cebule QASM_GEN basis-state-pair-grouping measurement scheme. Expected to require fewer or equal distinct circuits per iteration than plain 'pauli' measurement (that's QASM_GEN's whole purpose), but the exact circuit count is an output of a real QASM_GEN/TN_QC_OPT run, not predictable in advance -- see docs.mqs.dk QASM_GEN section.",92.922,41558.685
887,Li2,0,1,6,sto-3g,basis_set_exchange,tn_qc_opt,20,yes,TN_QC_OPT (Cebule),COBYLA,,,1,3,phase,pauli,180,,,"N_Qubit inherited from the JW-mapped Hamiltonian (verified, see JW row). Standard per-Pauli-string measurement (baseline).",92.922,41651.607
888,Li2,0,1,6,sto-3g,basis_set_exchange,tn_qc_opt,20,yes,TN_QC_OPT (Cebule),COBYLA,,,1,3,phase,qasm_gen_grouped,180,,,"N_Qubit inherited from the JW-mapped Hamiltonian (verified, see JW row). Cebule QASM_GEN basis-state-pair-grouping measurement scheme. Expected to require fewer or equal distinct circuits per iteration than plain 'pauli' measurement (that's QASM_GEN's whole purpose), but the exact circuit count is an output of a real QASM_GEN/TN_QC_OPT run, not predictable in advance -- see docs.mqs.dk QASM_GEN section.",92.922,41744.529
901,Li2,0,1,6,sto-3g,basis_set_exchange,tn_qc_opt,20,yes,TN_QC_OPT (Cebule),COBYLA,,,2,3,full,pauli,180,,,"N_Qubit inherited from the JW-mapped Hamiltonian (verified, see JW row). Standard per-Pauli-string measurement (baseline).",92.922,41837.451
902,Li2,0,1,6,sto-3g,basis_set_exchange,tn_qc_opt,20,yes,TN_QC_OPT (Cebule),COBYLA,,,2,3,full,qasm_gen_grouped,180,,,"N_Qubit inherited from the JW-mapped Hamiltonian (verified, see JW row). Cebule QASM_GEN basis-state-pair-grouping measurement scheme. Expected to require fewer or equal distinct circuits per iteration than plain 'pauli' measurement (that's QASM_GEN's whole purpose), but the exact circuit count is an output of a real QASM_GEN/TN_QC_OPT run, not predictable in advance -- see docs.mqs.dk QASM_GEN section.",92.922,41930.373
903,Li2,0,1,6,sto-3g,basis_set_exchange,tn_qc_opt,20,yes,TN_QC_OPT (Cebule),COBYLA,,,2,3,phase,pauli,180,,,"N_Qubit inherited from the JW-mapped Hamiltonian (verified, see JW row). Standard per-Pauli-string measurement (baseline).",92.922,42023.295
904,Li2,0,1,6,sto-3g,basis_set_exchange,tn_qc_opt,20,yes,TN_QC_OPT (Cebule),COBYLA,,,2,3,phase,qasm_gen_grouped,180,,,"N_Qubit inherited from the JW-mapped Hamiltonian (verified, see JW row). Cebule QASM_GEN basis-state-pair-grouping measurement scheme. Expected to require fewer or equal distinct circuits per iteration than plain 'pauli' measurement (that's QASM_GEN's whole purpose), but the exact circuit count is an output of a real QASM_GEN/TN_QC_OPT run, not predictable in advance -- see docs.mqs.dk QASM_GEN section.",92.922,42116.217
917,Li2,0,1,6,sto-3g,basis_set_exchange,tn_qc_opt,20,yes,TN_QC_OPT (Cebule),COBYLA,,,3,3,full,pauli,180,,,"N_Qubit inherited from the JW-mapped Hamiltonian (verified, see JW row). Standard per-Pauli-string measurement (baseline).",92.922,42209.139
918,Li2,0,1,6,sto-3g,basis_set_exchange,tn_qc_opt,20,yes,TN_QC_OPT (Cebule),COBYLA,,,3,3,full,qasm_gen_grouped,180,,,"N_Qubit inherited from the JW-mapped Hamiltonian (verified, see JW row). Cebule QASM_GEN basis-state-pair-grouping measurement scheme. Expected to require fewer or equal distinct circuits per iteration than plain 'pauli' measurement (that's QASM_GEN's whole purpose), but the exact circuit count is an output of a real QASM_GEN/TN_QC_OPT run, not predictable in advance -- see docs.mqs.dk QASM_GEN section.",92.922,42302.061
919,Li2,0,1,6,sto-3g,basis_set_exchange,tn_qc_opt,20,yes,TN_QC_OPT (Cebule),COBYLA,,,3,3,phase,pauli,180,,,"N_Qubit inherited from the JW-mapped Hamiltonian (verified, see JW row). Standard per-Pauli-string measurement (baseline).",92.922,42394.983
920,Li2,0,1,6,sto-3g,basis_set_exchange,tn_qc_opt,20,yes,TN_QC_OPT (Cebule),COBYLA,,,3,3,phase,qasm_gen_grouped,180,,,"N_Qubit inherited from the JW-mapped Hamiltonian (verified, see JW row). Cebule QASM_GEN basis-state-pair-grouping measurement scheme. Expected to require fewer or equal distinct circuits per iteration than plain 'pauli' measurement (that's QASM_GEN's whole purpose), but the exact circuit count is an output of a real QASM_GEN/TN_QC_OPT run, not predictable in advance -- see docs.mqs.dk QASM_GEN section.",92.922,42487.905
61,H2O,0,1,10,6-31g,basis_set_exchange,JW,26,yes,,,,,,,,pauli,,,,Standard per-Pauli-string measurement (baseline).,93.099,42581.004
62,H2O,0,1,10,6-31g,basis_set_exchange,JW,26,yes,,,,,,,,qasm_gen_grouped,,,,"Cebule QASM_GEN basis-state-pair-grouping measurement scheme. Expected to require fewer or equal distinct circuits per iteration than plain 'pauli' measurement (that's QASM_GEN's whole purpose), but the exact circuit count is an output of a real QASM_GEN/TN_QC_OPT run, not predictable in advance -- see docs.mqs.dk QASM_GEN section.",93.099,42674.103
315,H2,0,1,2,cc-pvdz,basis_set_exchange,tn_qc_opt,20,yes,TN_QC_OPT (Cebule),COBYLA,,,0,4,n/a (no TN layers),pauli,240,,,"N_Qubit inherited from the JW-mapped Hamiltonian (verified, see JW row). TN_Layers_Network=0 is the paper's 'circuit only' baseline -- equivalent to plain VQE with this Hamiltonian encoding and no TN preprocessing. Standard per-Pauli-string measurement (baseline).",93.099,42767.202
316,H2,0,1,2,cc-pvdz,basis_set_exchange,tn_qc_opt,20,yes,TN_QC_OPT (Cebule),COBYLA,,,0,4,n/a (no TN layers),qasm_gen_grouped,240,,,"N_Qubit inherited from the JW-mapped Hamiltonian (verified, see JW row). TN_Layers_Network=0 is the paper's 'circuit only' baseline -- equivalent to plain VQE with this Hamiltonian encoding and no TN preprocessing. Cebule QASM_GEN basis-state-pair-grouping measurement scheme. Expected to require fewer or equal distinct circuits per iteration than plain 'pauli' measurement (that's QASM_GEN's whole purpose), but the exact circuit count is an output of a real QASM_GEN/TN_QC_OPT run, not predictable in advance -- see docs.mqs.dk QASM_GEN section.",93.099,42860.301
329,H2,0,1,2,cc-pvdz,basis_set_exchange,tn_qc_opt,20,yes,TN_QC_OPT (Cebule),COBYLA,,,1,4,full,pauli,240,,,"N_Qubit inherited from the JW-mapped Hamiltonian (verified, see JW row). Standard per-Pauli-string measurement (baseline).",93.099,42953.400
330,H2,0,1,2,cc-pvdz,basis_set_exchange,tn_qc_opt,20,yes,TN_QC_OPT (Cebule),COBYLA,,,1,4,full,qasm_gen_grouped,240,,,"N_Qubit inherited from the JW-mapped Hamiltonian (verified, see JW row). Cebule QASM_GEN basis-state-pair-grouping measurement scheme. Expected to require fewer or equal distinct circuits per iteration than plain 'pauli' measurement (that's QASM_GEN's whole purpose), but the exact circuit count is an output of a real QASM_GEN/TN_QC_OPT run, not predictable in advance -- see docs.mqs.dk QASM_GEN section.",93.099,43046.499
331,H2,0,1,2,cc-pvdz,basis_set_exchange,tn_qc_opt,20,yes,TN_QC_OPT (Cebule),COBYLA,,,1,4,phase,pauli,240,,,"N_Qubit inherited from the JW-mapped Hamiltonian (verified, see JW row). Standard per-Pauli-string measurement (baseline).",93.099,43139.598
332,H2,0,1,2,cc-pvdz,basis_set_exchange,tn_qc_opt,20,yes,TN_QC_OPT (Cebule),COBYLA,,,1,4,phase,qasm_gen_grouped,240,,,"N_Qubit inherited from the JW-mapped Hamiltonian (verified, see JW row). Cebule QASM_GEN basis-state-pair-grouping measurement scheme. Expected to require fewer or equal distinct circuits per iteration than plain 'pauli' measurement (that's QASM_GEN's whole purpose), but the exact circuit count is an output of a real QASM_GEN/TN_QC_OPT run, not predictable in advance -- see docs.mqs.dk QASM_GEN section.",93.099,43232.697
345,H2,0,1,2,cc-pvdz,basis_set_exchange,tn_qc_opt,20,yes,TN_QC_OPT (Cebule),COBYLA,,,2,4,full,pauli,240,,,"N_Qubit inherited from the JW-mapped Hamiltonian (verified, see JW row). Standard per-Pauli-string measurement (baseline).",93.099,43325.795
346,H2,0,1,2,cc-pvdz,basis_set_exchange,tn_qc_opt,20,yes,TN_QC_OPT (Cebule),COBYLA,,,2,4,full,qasm_gen_grouped,240,,,"N_Qubit inherited from the JW-mapped Hamiltonian (verified, see JW row). Cebule QASM_GEN basis-state-pair-grouping measurement scheme. Expected to require fewer or equal distinct circuits per iteration than plain 'pauli' measurement (that's QASM_GEN's whole purpose), but the exact circuit count is an output of a real QASM_GEN/TN_QC_OPT run, not predictable in advance -- see docs.mqs.dk QASM_GEN section.",93.099,43418.894
347,H2,0,1,2,cc-pvdz,basis_set_exchange,tn_qc_opt,20,yes,TN_QC_OPT (Cebule),COBYLA,,,2,4,phase,pauli,240,,,"N_Qubit inherited from the JW-mapped Hamiltonian (verified, see JW row). Standard per-Pauli-string measurement (baseline).",93.099,43511.993
348,H2,0,1,2,cc-pvdz,basis_set_exchange,tn_qc_opt,20,yes,TN_QC_OPT (Cebule),COBYLA,,,2,4,phase,qasm_gen_grouped,240,,,"N_Qubit inherited from the JW-mapped Hamiltonian (verified, see JW row). Cebule QASM_GEN basis-state-pair-grouping measurement scheme. Expected to require fewer or equal distinct circuits per iteration than plain 'pauli' measurement (that's QASM_GEN's whole purpose), but the exact circuit count is an output of a real QASM_GEN/TN_QC_OPT run, not predictable in advance -- see docs.mqs.dk QASM_GEN section.",93.099,43605.092
361,H2,0,1,2,cc-pvdz,basis_set_exchange,tn_qc_opt,20,yes,TN_QC_OPT (Cebule),COBYLA,,,3,4,full,pauli,240,,,"N_Qubit inherited from the JW-mapped Hamiltonian (verified, see JW row). Standard per-Pauli-string measurement (baseline).",93.099,43698.191
362,H2,0,1,2,cc-pvdz,basis_set_exchange,tn_qc_opt,20,yes,TN_QC_OPT (Cebule),COBYLA,,,3,4,full,qasm_gen_grouped,240,,,"N_Qubit inherited from the JW-mapped Hamiltonian (verified, see JW row). Cebule QASM_GEN basis-state-pair-grouping measurement scheme. Expected to require fewer or equal distinct circuits per iteration than plain 'pauli' measurement (that's QASM_GEN's whole purpose), but the exact circuit count is an output of a real QASM_GEN/TN_QC_OPT run, not predictable in advance -- see docs.mqs.dk QASM_GEN section.",93.099,43791.290
363,H2,0,1,2,cc-pvdz,basis_set_exchange,tn_qc_opt,20,yes,TN_QC_OPT (Cebule),COBYLA,,,3,4,phase,pauli,240,,,"N_Qubit inherited from the JW-mapped Hamiltonian (verified, see JW row). Standard per-Pauli-string measurement (baseline).",93.099,43884.389
364,H2,0,1,2,cc-pvdz,basis_set_exchange,tn_qc_opt,20,yes,TN_QC_OPT (Cebule),COBYLA,,,3,4,phase,qasm_gen_grouped,240,,,"N_Qubit inherited from the JW-mapped Hamiltonian (verified, see JW row). Cebule QASM_GEN basis-state-pair-grouping measurement scheme. Expected to require fewer or equal distinct circuits per iteration than plain 'pauli' measurement (that's QASM_GEN's whole purpose), but the exact circuit count is an output of a real QASM_GEN/TN_QC_OPT run, not predictable in advance -- see docs.mqs.dk QASM_GEN section.",93.099,43977.488
539,H2,0,1,2,def2-svp,basis_set_exchange,tn_qc_opt,20,yes,TN_QC_OPT (Cebule),COBYLA,,,0,4,n/a (no TN layers),pauli,240,,,"N_Qubit inherited from the JW-mapped Hamiltonian (verified, see JW row). TN_Layers_Network=0 is the paper's 'circuit only' baseline -- equivalent to plain VQE with this Hamiltonian encoding and no TN preprocessing. Standard per-Pauli-string measurement (baseline).",93.099,44070.587
540,H2,0,1,2,def2-svp,basis_set_exchange,tn_qc_opt,20,yes,TN_QC_OPT (Cebule),COBYLA,,,0,4,n/a (no TN layers),qasm_gen_grouped,240,,,"N_Qubit inherited from the JW-mapped Hamiltonian (verified, see JW row). TN_Layers_Network=0 is the paper's 'circuit only' baseline -- equivalent to plain VQE with this Hamiltonian encoding and no TN preprocessing. Cebule QASM_GEN basis-state-pair-grouping measurement scheme. Expected to require fewer or equal distinct circuits per iteration than plain 'pauli' measurement (that's QASM_GEN's whole purpose), but the exact circuit count is an output of a real QASM_GEN/TN_QC_OPT run, not predictable in advance -- see docs.mqs.dk QASM_GEN section.",93.099,44163.686
553,H2,0,1,2,def2-svp,basis_set_exchange,tn_qc_opt,20,yes,TN_QC_OPT (Cebule),COBYLA,,,1,4,full,pauli,240,,,"N_Qubit inherited from the JW-mapped Hamiltonian (verified, see JW row). Standard per-Pauli-string measurement (baseline).",93.099,44256.785
554,H2,0,1,2,def2-svp,basis_set_exchange,tn_qc_opt,20,yes,TN_QC_OPT (Cebule),COBYLA,,,1,4,full,qasm_gen_grouped,240,,,"N_Qubit inherited from the JW-mapped Hamiltonian (verified, see JW row). Cebule QASM_GEN basis-state-pair-grouping measurement scheme. Expected to require fewer or equal distinct circuits per iteration than plain 'pauli' measurement (that's QASM_GEN's whole purpose), but the exact circuit count is an output of a real QASM_GEN/TN_QC_OPT run, not predictable in advance -- see docs.mqs.dk QASM_GEN section.",93.099,44349.884
555,H2,0,1,2,def2-svp,basis_set_exchange,tn_qc_opt,20,yes,TN_QC_OPT (Cebule),COBYLA,,,1,4,phase,pauli,240,,,"N_Qubit inherited from the JW-mapped Hamiltonian (verified, see JW row). Standard per-Pauli-string measurement (baseline).",93.099,44442.983
556,H2,0,1,2,def2-svp,basis_set_exchange,tn_qc_opt,20,yes,TN_QC_OPT (Cebule),COBYLA,,,1,4,phase,qasm_gen_grouped,240,,,"N_Qubit inherited from the JW-mapped Hamiltonian (verified, see JW row). Cebule QASM_GEN basis-state-pair-grouping measurement scheme. Expected to require fewer or equal distinct circuits per iteration than plain 'pauli' measurement (that's QASM_GEN's whole purpose), but the exact circuit count is an output of a real QASM_GEN/TN_QC_OPT run, not predictable in advance -- see docs.mqs.dk QASM_GEN section.",93.099,44536.082
569,H2,0,1,2,def2-svp,basis_set_exchange,tn_qc_opt,20,yes,TN_QC_OPT (Cebule),COBYLA,,,2,4,full,pauli,240,,,"N_Qubit inherited from the JW-mapped Hamiltonian (verified, see JW row). Standard per-Pauli-string measurement (baseline).",93.099,44629.181
570,H2,0,1,2,def2-svp,basis_set_exchange,tn_qc_opt,20,yes,TN_QC_OPT (Cebule),COBYLA,,,2,4,full,qasm_gen_grouped,240,,,"N_Qubit inherited from the JW-mapped Hamiltonian (verified, see JW row). Cebule QASM_GEN basis-state-pair-grouping measurement scheme. Expected to require fewer or equal distinct circuits per iteration than plain 'pauli' measurement (that's QASM_GEN's whole purpose), but the exact circuit count is an output of a real QASM_GEN/TN_QC_OPT run, not predictable in advance -- see docs.mqs.dk QASM_GEN section.",93.099,44722.280
571,H2,0,1,2,def2-svp,basis_set_exchange,tn_qc_opt,20,yes,TN_QC_OPT (Cebule),COBYLA,,,2,4,phase,pauli,240,,,"N_Qubit inherited from the JW-mapped Hamiltonian (verified, see JW row). Standard per-Pauli-string measurement (baseline).",93.099,44815.379
572,H2,0,1,2,def2-svp,basis_set_exchange,tn_qc_opt,20,yes,TN_QC_OPT (Cebule),COBYLA,,,2,4,phase,qasm_gen_grouped,240,,,"N_Qubit inherited from the JW-mapped Hamiltonian (verified, see JW row). Cebule QASM_GEN basis-state-pair-grouping measurement scheme. Expected to require fewer or equal distinct circuits per iteration than plain 'pauli' measurement (that's QASM_GEN's whole purpose), but the exact circuit count is an output of a real QASM_GEN/TN_QC_OPT run, not predictable in advance -- see docs.mqs.dk QASM_GEN section.",93.099,44908.478
585,H2,0,1,2,def2-svp,basis_set_exchange,tn_qc_opt,20,yes,TN_QC_OPT (Cebule),COBYLA,,,3,4,full,pauli,240,,,"N_Qubit inherited from the JW-mapped Hamiltonian (verified, see JW row). Standard per-Pauli-string measurement (baseline).",93.099,45001.577
586,H2,0,1,2,def2-svp,basis_set_exchange,tn_qc_opt,20,yes,TN_QC_OPT (Cebule),COBYLA,,,3,4,full,qasm_gen_grouped,240,,,"N_Qubit inherited from the JW-mapped Hamiltonian (verified, see JW row). Cebule QASM_GEN basis-state-pair-grouping measurement scheme. Expected to require fewer or equal distinct circuits per iteration than plain 'pauli' measurement (that's QASM_GEN's whole purpose), but the exact circuit count is an output of a real QASM_GEN/TN_QC_OPT run, not predictable in advance -- see docs.mqs.dk QASM_GEN section.",93.099,45094.676
587,H2,0,1,2,def2-svp,basis_set_exchange,tn_qc_opt,20,yes,TN_QC_OPT (Cebule),COBYLA,,,3,4,phase,pauli,240,,,"N_Qubit inherited from the JW-mapped Hamiltonian (verified, see JW row). Standard per-Pauli-string measurement (baseline).",93.099,45187.775
588,H2,0,1,2,def2-svp,basis_set_exchange,tn_qc_opt,20,yes,TN_QC_OPT (Cebule),COBYLA,,,3,4,phase,qasm_gen_grouped,240,,,"N_Qubit inherited from the JW-mapped Hamiltonian (verified, see JW row). Cebule QASM_GEN basis-state-pair-grouping measurement scheme. Expected to require fewer or equal distinct circuits per iteration than plain 'pauli' measurement (that's QASM_GEN's whole purpose), but the exact circuit count is an output of a real QASM_GEN/TN_QC_OPT run, not predictable in advance -- see docs.mqs.dk QASM_GEN section.",93.099,45280.874
875,Li2,0,1,6,sto-3g,basis_set_exchange,tn_qc_opt,20,yes,TN_QC_OPT (Cebule),COBYLA,,,0,4,n/a (no TN layers),pauli,240,,,"N_Qubit inherited from the JW-mapped Hamiltonian (verified, see JW row). TN_Layers_Network=0 is the paper's 'circuit only' baseline -- equivalent to plain VQE with this Hamiltonian encoding and no TN preprocessing. Standard per-Pauli-string measurement (baseline).",93.099,45373.973
876,Li2,0,1,6,sto-3g,basis_set_exchange,tn_qc_opt,20,yes,TN_QC_OPT (Cebule),COBYLA,,,0,4,n/a (no TN layers),qasm_gen_grouped,240,,,"N_Qubit inherited from the JW-mapped Hamiltonian (verified, see JW row). TN_Layers_Network=0 is the paper's 'circuit only' baseline -- equivalent to plain VQE with this Hamiltonian encoding and no TN preprocessing. Cebule QASM_GEN basis-state-pair-grouping measurement scheme. Expected to require fewer or equal distinct circuits per iteration than plain 'pauli' measurement (that's QASM_GEN's whole purpose), but the exact circuit count is an output of a real QASM_GEN/TN_QC_OPT run, not predictable in advance -- see docs.mqs.dk QASM_GEN section.",93.099,45467.071
889,Li2,0,1,6,sto-3g,basis_set_exchange,tn_qc_opt,20,yes,TN_QC_OPT (Cebule),COBYLA,,,1,4,full,pauli,240,,,"N_Qubit inherited from the JW-mapped Hamiltonian (verified, see JW row). Standard per-Pauli-string measurement (baseline).",93.099,45560.170
890,Li2,0,1,6,sto-3g,basis_set_exchange,tn_qc_opt,20,yes,TN_QC_OPT (Cebule),COBYLA,,,1,4,full,qasm_gen_grouped,240,,,"N_Qubit inherited from the JW-mapped Hamiltonian (verified, see JW row). Cebule QASM_GEN basis-state-pair-grouping measurement scheme. Expected to require fewer or equal distinct circuits per iteration than plain 'pauli' measurement (that's QASM_GEN's whole purpose), but the exact circuit count is an output of a real QASM_GEN/TN_QC_OPT run, not predictable in advance -- see docs.mqs.dk QASM_GEN section.",93.099,45653.269
891,Li2,0,1,6,sto-3g,basis_set_exchange,tn_qc_opt,20,yes,TN_QC_OPT (Cebule),COBYLA,,,1,4,phase,pauli,240,,,"N_Qubit inherited from the JW-mapped Hamiltonian (verified, see JW row). Standard per-Pauli-string measurement (baseline).",93.099,45746.368
892,Li2,0,1,6,sto-3g,basis_set_exchange,tn_qc_opt,20,yes,TN_QC_OPT (Cebule),COBYLA,,,1,4,phase,qasm_gen_grouped,240,,,"N_Qubit inherited from the JW-mapped Hamiltonian (verified, see JW row). Cebule QASM_GEN basis-state-pair-grouping measurement scheme. Expected to require fewer or equal distinct circuits per iteration than plain 'pauli' measurement (that's QASM_GEN's whole purpose), but the exact circuit count is an output of a real QASM_GEN/TN_QC_OPT run, not predictable in advance -- see docs.mqs.dk QASM_GEN section.",93.099,45839.467
905,Li2,0,1,6,sto-3g,basis_set_exchange,tn_qc_opt,20,yes,TN_QC_OPT (Cebule),COBYLA,,,2,4,full,pauli,240,,,"N_Qubit inherited from the JW-mapped Hamiltonian (verified, see JW row). Standard per-Pauli-string measurement (baseline).",93.099,45932.566
906,Li2,0,1,6,sto-3g,basis_set_exchange,tn_qc_opt,20,yes,TN_QC_OPT (Cebule),COBYLA,,,2,4,full,qasm_gen_grouped,240,,,"N_Qubit inherited from the JW-mapped Hamiltonian (verified, see JW row). Cebule QASM_GEN basis-state-pair-grouping measurement scheme. Expected to require fewer or equal distinct circuits per iteration than plain 'pauli' measurement (that's QASM_GEN's whole purpose), but the exact circuit count is an output of a real QASM_GEN/TN_QC_OPT run, not predictable in advance -- see docs.mqs.dk QASM_GEN section.",93.099,46025.665
907,Li2,0,1,6,sto-3g,basis_set_exchange,tn_qc_opt,20,yes,TN_QC_OPT (Cebule),COBYLA,,,2,4,phase,pauli,240,,,"N_Qubit inherited from the JW-mapped Hamiltonian (verified, see JW row). Standard per-Pauli-string measurement (baseline).",93.099,46118.764
908,Li2,0,1,6,sto-3g,basis_set_exchange,tn_qc_opt,20,yes,TN_QC_OPT (Cebule),COBYLA,,,2,4,phase,qasm_gen_grouped,240,,,"N_Qubit inherited from the JW-mapped Hamiltonian (verified, see JW row). Cebule QASM_GEN basis-state-pair-grouping measurement scheme. Expected to require fewer or equal distinct circuits per iteration than plain 'pauli' measurement (that's QASM_GEN's whole purpose), but the exact circuit count is an output of a real QASM_GEN/TN_QC_OPT run, not predictable in advance -- see docs.mqs.dk QASM_GEN section.",93.099,46211.863
921,Li2,0,1,6,sto-3g,basis_set_exchange,tn_qc_opt,20,yes,TN_QC_OPT (Cebule),COBYLA,,,3,4,full,pauli,240,,,"N_Qubit inherited from the JW-mapped Hamiltonian (verified, see JW row). Standard per-Pauli-string measurement (baseline).",93.099,46304.962
922,Li2,0,1,6,sto-3g,basis_set_exchange,tn_qc_opt,20,yes,TN_QC_OPT (Cebule),COBYLA,,,3,4,full,qasm_gen_grouped,240,,,"N_Qubit inherited from the JW-mapped Hamiltonian (verified, see JW row). Cebule QASM_GEN basis-state-pair-grouping measurement scheme. Expected to require fewer or equal distinct circuits per iteration than plain 'pauli' measurement (that's QASM_GEN's whole purpose), but the exact circuit count is an output of a real QASM_GEN/TN_QC_OPT run, not predictable in advance -- see docs.mqs.dk QASM_GEN section.",93.099,46398.061
923,Li2,0,1,6,sto-3g,basis_set_exchange,tn_qc_opt,20,yes,TN_QC_OPT (Cebule),COBYLA,,,3,4,phase,pauli,240,,,"N_Qubit inherited from the JW-mapped Hamiltonian (verified, see JW row). Standard per-Pauli-string measurement (baseline).",93.099,46491.160
924,Li2,0,1,6,sto-3g,basis_set_exchange,tn_qc_opt,20,yes,TN_QC_OPT (Cebule),COBYLA,,,3,4,phase,qasm_gen_grouped,240,,,"N_Qubit inherited from the JW-mapped Hamiltonian (verified, see JW row). Cebule QASM_GEN basis-state-pair-grouping measurement scheme. Expected to require fewer or equal distinct circuits per iteration than plain 'pauli' measurement (that's QASM_GEN's whole purpose), but the exact circuit count is an output of a real QASM_GEN/TN_QC_OPT run, not predictable in advance -- see docs.mqs.dk QASM_GEN section.",93.099,46584.259
1765,H2O,0,1,10,6-31g,basis_set_exchange,tn_qc_opt,26,yes,TN_QC_OPT (Cebule),COBYLA,,,0,1,n/a (no TN layers),pauli,78,,,"N_Qubit inherited from the JW-mapped Hamiltonian (verified, see JW row). TN_Layers_Network=0 is the paper's 'circuit only' baseline -- equivalent to plain VQE with this Hamiltonian encoding and no TN preprocessing. Standard per-Pauli-string measurement (baseline).",93.099,46677.358
1766,H2O,0,1,10,6-31g,basis_set_exchange,tn_qc_opt,26,yes,TN_QC_OPT (Cebule),COBYLA,,,0,1,n/a (no TN layers),qasm_gen_grouped,78,,,"N_Qubit inherited from the JW-mapped Hamiltonian (verified, see JW row). TN_Layers_Network=0 is the paper's 'circuit only' baseline -- equivalent to plain VQE with this Hamiltonian encoding and no TN preprocessing. Cebule QASM_GEN basis-state-pair-grouping measurement scheme. Expected to require fewer or equal distinct circuits per iteration than plain 'pauli' measurement (that's QASM_GEN's whole purpose), but the exact circuit count is an output of a real QASM_GEN/TN_QC_OPT run, not predictable in advance -- see docs.mqs.dk QASM_GEN section.",93.099,46770.457
1773,H2O,0,1,10,6-31g,basis_set_exchange,tn_qc_opt,26,yes,TN_QC_OPT (Cebule),COBYLA,,,1,1,full,pauli,78,,,"N_Qubit inherited from the JW-mapped Hamiltonian (verified, see JW row). Standard per-Pauli-string measurement (baseline).",93.099,46863.556
1774,H2O,0,1,10,6-31g,basis_set_exchange,tn_qc_opt,26,yes,TN_QC_OPT (Cebule),COBYLA,,,1,1,full,qasm_gen_grouped,78,,,"N_Qubit inherited from the JW-mapped Hamiltonian (verified, see JW row). Cebule QASM_GEN basis-state-pair-grouping measurement scheme. Expected to require fewer or equal distinct circuits per iteration than plain 'pauli' measurement (that's QASM_GEN's whole purpose), but the exact circuit count is an output of a real QASM_GEN/TN_QC_OPT run, not predictable in advance -- see docs.mqs.dk QASM_GEN section.",93.099,46956.655
1775,H2O,0,1,10,6-31g,basis_set_exchange,tn_qc_opt,26,yes,TN_QC_OPT (Cebule),COBYLA,,,1,1,phase,pauli,78,,,"N_Qubit inherited from the JW-mapped Hamiltonian (verified, see JW row). Standard per-Pauli-string measurement (baseline).",93.099,47049.754
1776,H2O,0,1,10,6-31g,basis_set_exchange,tn_qc_opt,26,yes,TN_QC_OPT (Cebule),COBYLA,,,1,1,phase,qasm_gen_grouped,78,,,"N_Qubit inherited from the JW-mapped Hamiltonian (verified, see JW row). Cebule QASM_GEN basis-state-pair-grouping measurement scheme. Expected to require fewer or equal distinct circuits per iteration than plain 'pauli' measurement (that's QASM_GEN's whole purpose), but the exact circuit count is an output of a real QASM_GEN/TN_QC_OPT run, not predictable in advance -- see docs.mqs.dk QASM_GEN section.",93.099,47142.853
1789,H2O,0,1,10,6-31g,basis_set_exchange,tn_qc_opt,26,yes,TN_QC_OPT (Cebule),COBYLA,,,2,1,full,pauli,78,,,"N_Qubit inherited from the JW-mapped Hamiltonian (verified, see JW row). Standard per-Pauli-string measurement (baseline).",93.099,47235.952
1790,H2O,0,1,10,6-31g,basis_set_exchange,tn_qc_opt,26,yes,TN_QC_OPT (Cebule),COBYLA,,,2,1,full,qasm_gen_grouped,78,,,"N_Qubit inherited from the JW-mapped Hamiltonian (verified, see JW row). Cebule QASM_GEN basis-state-pair-grouping measurement scheme. Expected to require fewer or equal distinct circuits per iteration than plain 'pauli' measurement (that's QASM_GEN's whole purpose), but the exact circuit count is an output of a real QASM_GEN/TN_QC_OPT run, not predictable in advance -- see docs.mqs.dk QASM_GEN section.",93.099,47329.051
1791,H2O,0,1,10,6-31g,basis_set_exchange,tn_qc_opt,26,yes,TN_QC_OPT (Cebule),COBYLA,,,2,1,phase,pauli,78,,,"N_Qubit inherited from the JW-mapped Hamiltonian (verified, see JW row). Standard per-Pauli-string measurement (baseline).",93.099,47422.150
1792,H2O,0,1,10,6-31g,basis_set_exchange,tn_qc_opt,26,yes,TN_QC_OPT (Cebule),COBYLA,,,2,1,phase,qasm_gen_grouped,78,,,"N_Qubit inherited from the JW-mapped Hamiltonian (verified, see JW row). Cebule QASM_GEN basis-state-pair-grouping measurement scheme. Expected to require fewer or equal distinct circuits per iteration than plain 'pauli' measurement (that's QASM_GEN's whole purpose), but the exact circuit count is an output of a real QASM_GEN/TN_QC_OPT run, not predictable in advance -- see docs.mqs.dk QASM_GEN section.",93.099,47515.249
1805,H2O,0,1,10,6-31g,basis_set_exchange,tn_qc_opt,26,yes,TN_QC_OPT (Cebule),COBYLA,,,3,1,full,pauli,78,,,"N_Qubit inherited from the JW-mapped Hamiltonian (verified, see JW row). Standard per-Pauli-string measurement (baseline).",93.099,47608.347
1806,H2O,0,1,10,6-31g,basis_set_exchange,tn_qc_opt,26,yes,TN_QC_OPT (Cebule),COBYLA,,,3,1,full,qasm_gen_grouped,78,,,"N_Qubit inherited from the JW-mapped Hamiltonian (verified, see JW row). Cebule QASM_GEN basis-state-pair-grouping measurement scheme. Expected to require fewer or equal distinct circuits per iteration than plain 'pauli' measurement (that's QASM_GEN's whole purpose), but the exact circuit count is an output of a real QASM_GEN/TN_QC_OPT run, not predictable in advance -- see docs.mqs.dk QASM_GEN section.",93.099,47701.446
1807,H2O,0,1,10,6-31g,basis_set_exchange,tn_qc_opt,26,yes,TN_QC_OPT (Cebule),COBYLA,,,3,1,phase,pauli,78,,,"N_Qubit inherited from the JW-mapped Hamiltonian (verified, see JW row). Standard per-Pauli-string measurement (baseline).",93.099,47794.545
1808,H2O,0,1,10,6-31g,basis_set_exchange,tn_qc_opt,26,yes,TN_QC_OPT (Cebule),COBYLA,,,3,1,phase,qasm_gen_grouped,78,,,"N_Qubit inherited from the JW-mapped Hamiltonian (verified, see JW row). Cebule QASM_GEN basis-state-pair-grouping measurement scheme. Expected to require fewer or equal distinct circuits per iteration than plain 'pauli' measurement (that's QASM_GEN's whole purpose), but the exact circuit count is an output of a real QASM_GEN/TN_QC_OPT run, not predictable in advance -- see docs.mqs.dk QASM_GEN section.",93.099,47887.644
647,H2,0,1,2,def2-tzvp,basis_set_exchange,tn_qc_opt,24,yes,TN_QC_OPT (Cebule),COBYLA,,,0,2,n/a (no TN layers),pauli,144,,,"N_Qubit inherited from the JW-mapped Hamiltonian (verified, see JW row). TN_Layers_Network=0 is the paper's 'circuit only' baseline -- equivalent to plain VQE with this Hamiltonian encoding and no TN preprocessing. Standard per-Pauli-string measurement (baseline).",93.128,47980.773
648,H2,0,1,2,def2-tzvp,basis_set_exchange,tn_qc_opt,24,yes,TN_QC_OPT (Cebule),COBYLA,,,0,2,n/a (no TN layers),qasm_gen_grouped,144,,,"N_Qubit inherited from the JW-mapped Hamiltonian (verified, see JW row). TN_Layers_Network=0 is the paper's 'circuit only' baseline -- equivalent to plain VQE with this Hamiltonian encoding and no TN preprocessing. Cebule QASM_GEN basis-state-pair-grouping measurement scheme. Expected to require fewer or equal distinct circuits per iteration than plain 'pauli' measurement (that's QASM_GEN's whole purpose), but the exact circuit count is an output of a real QASM_GEN/TN_QC_OPT run, not predictable in advance -- see docs.mqs.dk QASM_GEN section.",93.128,48073.901
657,H2,0,1,2,def2-tzvp,basis_set_exchange,tn_qc_opt,24,yes,TN_QC_OPT (Cebule),COBYLA,,,1,2,full,pauli,144,,,"N_Qubit inherited from the JW-mapped Hamiltonian (verified, see JW row). Standard per-Pauli-string measurement (baseline).",93.128,48167.030
658,H2,0,1,2,def2-tzvp,basis_set_exchange,tn_qc_opt,24,yes,TN_QC_OPT (Cebule),COBYLA,,,1,2,full,qasm_gen_grouped,144,,,"N_Qubit inherited from the JW-mapped Hamiltonian (verified, see JW row). Cebule QASM_GEN basis-state-pair-grouping measurement scheme. Expected to require fewer or equal distinct circuits per iteration than plain 'pauli' measurement (that's QASM_GEN's whole purpose), but the exact circuit count is an output of a real QASM_GEN/TN_QC_OPT run, not predictable in advance -- see docs.mqs.dk QASM_GEN section.",93.128,48260.158
659,H2,0,1,2,def2-tzvp,basis_set_exchange,tn_qc_opt,24,yes,TN_QC_OPT (Cebule),COBYLA,,,1,2,phase,pauli,144,,,"N_Qubit inherited from the JW-mapped Hamiltonian (verified, see JW row). Standard per-Pauli-string measurement (baseline).",93.128,48353.287
660,H2,0,1,2,def2-tzvp,basis_set_exchange,tn_qc_opt,24,yes,TN_QC_OPT (Cebule),COBYLA,,,1,2,phase,qasm_gen_grouped,144,,,"N_Qubit inherited from the JW-mapped Hamiltonian (verified, see JW row). Cebule QASM_GEN basis-state-pair-grouping measurement scheme. Expected to require fewer or equal distinct circuits per iteration than plain 'pauli' measurement (that's QASM_GEN's whole purpose), but the exact circuit count is an output of a real QASM_GEN/TN_QC_OPT run, not predictable in advance -- see docs.mqs.dk QASM_GEN section.",93.128,48446.415
673,H2,0,1,2,def2-tzvp,basis_set_exchange,tn_qc_opt,24,yes,TN_QC_OPT (Cebule),COBYLA,,,2,2,full,pauli,144,,,"N_Qubit inherited from the JW-mapped Hamiltonian (verified, see JW row). Standard per-Pauli-string measurement (baseline).",93.128,48539.544
674,H2,0,1,2,def2-tzvp,basis_set_exchange,tn_qc_opt,24,yes,TN_QC_OPT (Cebule),COBYLA,,,2,2,full,qasm_gen_grouped,144,,,"N_Qubit inherited from the JW-mapped Hamiltonian (verified, see JW row). Cebule QASM_GEN basis-state-pair-grouping measurement scheme. Expected to require fewer or equal distinct circuits per iteration than plain 'pauli' measurement (that's QASM_GEN's whole purpose), but the exact circuit count is an output of a real QASM_GEN/TN_QC_OPT run, not predictable in advance -- see docs.mqs.dk QASM_GEN section.",93.128,48632.672
675,H2,0,1,2,def2-tzvp,basis_set_exchange,tn_qc_opt,24,yes,TN_QC_OPT (Cebule),COBYLA,,,2,2,phase,pauli,144,,,"N_Qubit inherited from the JW-mapped Hamiltonian (verified, see JW row). Standard per-Pauli-string measurement (baseline).",93.128,48725.800
676,H2,0,1,2,def2-tzvp,basis_set_exchange,tn_qc_opt,24,yes,TN_QC_OPT (Cebule),COBYLA,,,2,2,phase,qasm_gen_grouped,144,,,"N_Qubit inherited from the JW-mapped Hamiltonian (verified, see JW row). Cebule QASM_GEN basis-state-pair-grouping measurement scheme. Expected to require fewer or equal distinct circuits per iteration than plain 'pauli' measurement (that's QASM_GEN's whole purpose), but the exact circuit count is an output of a real QASM_GEN/TN_QC_OPT run, not predictable in advance -- see docs.mqs.dk QASM_GEN section.",93.128,48818.929
689,H2,0,1,2,def2-tzvp,basis_set_exchange,tn_qc_opt,24,yes,TN_QC_OPT (Cebule),COBYLA,,,3,2,full,pauli,144,,,"N_Qubit inherited from the JW-mapped Hamiltonian (verified, see JW row). Standard per-Pauli-string measurement (baseline).",93.128,48912.057
690,H2,0,1,2,def2-tzvp,basis_set_exchange,tn_qc_opt,24,yes,TN_QC_OPT (Cebule),COBYLA,,,3,2,full,qasm_gen_grouped,144,,,"N_Qubit inherited from the JW-mapped Hamiltonian (verified, see JW row). Cebule QASM_GEN basis-state-pair-grouping measurement scheme. Expected to require fewer or equal distinct circuits per iteration than plain 'pauli' measurement (that's QASM_GEN's whole purpose), but the exact circuit count is an output of a real QASM_GEN/TN_QC_OPT run, not predictable in advance -- see docs.mqs.dk QASM_GEN section.",93.128,49005.186
691,H2,0,1,2,def2-tzvp,basis_set_exchange,tn_qc_opt,24,yes,TN_QC_OPT (Cebule),COBYLA,,,3,2,phase,pauli,144,,,"N_Qubit inherited from the JW-mapped Hamiltonian (verified, see JW row). Standard per-Pauli-string measurement (baseline).",93.128,49098.314
692,H2,0,1,2,def2-tzvp,basis_set_exchange,tn_qc_opt,24,yes,TN_QC_OPT (Cebule),COBYLA,,,3,2,phase,qasm_gen_grouped,144,,,"N_Qubit inherited from the JW-mapped Hamiltonian (verified, see JW row). Cebule QASM_GEN basis-state-pair-grouping measurement scheme. Expected to require fewer or equal distinct circuits per iteration than plain 'pauli' measurement (that's QASM_GEN's whole purpose), but the exact circuit count is an output of a real QASM_GEN/TN_QC_OPT run, not predictable in advance -- see docs.mqs.dk QASM_GEN section.",93.128,49191.443
1767,H2O,0,1,10,6-31g,basis_set_exchange,tn_qc_opt,26,yes,TN_QC_OPT (Cebule),COBYLA,,,0,2,n/a (no TN layers),pauli,156,,,"N_Qubit inherited from the JW-mapped Hamiltonian (verified, see JW row). TN_Layers_Network=0 is the paper's 'circuit only' baseline -- equivalent to plain VQE with this Hamiltonian encoding and no TN preprocessing. Standard per-Pauli-string measurement (baseline).",93.276,49284.719
1768,H2O,0,1,10,6-31g,basis_set_exchange,tn_qc_opt,26,yes,TN_QC_OPT (Cebule),COBYLA,,,0,2,n/a (no TN layers),qasm_gen_grouped,156,,,"N_Qubit inherited from the JW-mapped Hamiltonian (verified, see JW row). TN_Layers_Network=0 is the paper's 'circuit only' baseline -- equivalent to plain VQE with this Hamiltonian encoding and no TN preprocessing. Cebule QASM_GEN basis-state-pair-grouping measurement scheme. Expected to require fewer or equal distinct circuits per iteration than plain 'pauli' measurement (that's QASM_GEN's whole purpose), but the exact circuit count is an output of a real QASM_GEN/TN_QC_OPT run, not predictable in advance -- see docs.mqs.dk QASM_GEN section.",93.276,49377.994
1777,H2O,0,1,10,6-31g,basis_set_exchange,tn_qc_opt,26,yes,TN_QC_OPT (Cebule),COBYLA,,,1,2,full,pauli,156,,,"N_Qubit inherited from the JW-mapped Hamiltonian (verified, see JW row). Standard per-Pauli-string measurement (baseline).",93.276,49471.270
1778,H2O,0,1,10,6-31g,basis_set_exchange,tn_qc_opt,26,yes,TN_QC_OPT (Cebule),COBYLA,,,1,2,full,qasm_gen_grouped,156,,,"N_Qubit inherited from the JW-mapped Hamiltonian (verified, see JW row). Cebule QASM_GEN basis-state-pair-grouping measurement scheme. Expected to require fewer or equal distinct circuits per iteration than plain 'pauli' measurement (that's QASM_GEN's whole purpose), but the exact circuit count is an output of a real QASM_GEN/TN_QC_OPT run, not predictable in advance -- see docs.mqs.dk QASM_GEN section.",93.276,49564.546
1779,H2O,0,1,10,6-31g,basis_set_exchange,tn_qc_opt,26,yes,TN_QC_OPT (Cebule),COBYLA,,,1,2,phase,pauli,156,,,"N_Qubit inherited from the JW-mapped Hamiltonian (verified, see JW row). Standard per-Pauli-string measurement (baseline).",93.276,49657.822
1780,H2O,0,1,10,6-31g,basis_set_exchange,tn_qc_opt,26,yes,TN_QC_OPT (Cebule),COBYLA,,,1,2,phase,qasm_gen_grouped,156,,,"N_Qubit inherited from the JW-mapped Hamiltonian (verified, see JW row). Cebule QASM_GEN basis-state-pair-grouping measurement scheme. Expected to require fewer or equal distinct circuits per iteration than plain 'pauli' measurement (that's QASM_GEN's whole purpose), but the exact circuit count is an output of a real QASM_GEN/TN_QC_OPT run, not predictable in advance -- see docs.mqs.dk QASM_GEN section.",93.276,49751.098
1793,H2O,0,1,10,6-31g,basis_set_exchange,tn_qc_opt,26,yes,TN_QC_OPT (Cebule),COBYLA,,,2,2,full,pauli,156,,,"N_Qubit inherited from the JW-mapped Hamiltonian (verified, see JW row). Standard per-Pauli-string measurement (baseline).",93.276,49844.374
1794,H2O,0,1,10,6-31g,basis_set_exchange,tn_qc_opt,26,yes,TN_QC_OPT (Cebule),COBYLA,,,2,2,full,qasm_gen_grouped,156,,,"N_Qubit inherited from the JW-mapped Hamiltonian (verified, see JW row). Cebule QASM_GEN basis-state-pair-grouping measurement scheme. Expected to require fewer or equal distinct circuits per iteration than plain 'pauli' measurement (that's QASM_GEN's whole purpose), but the exact circuit count is an output of a real QASM_GEN/TN_QC_OPT run, not predictable in advance -- see docs.mqs.dk QASM_GEN section.",93.276,49937.650
1795,H2O,0,1,10,6-31g,basis_set_exchange,tn_qc_opt,26,yes,TN_QC_OPT (Cebule),COBYLA,,,2,2,phase,pauli,156,,,"N_Qubit inherited from the JW-mapped Hamiltonian (verified, see JW row). Standard per-Pauli-string measurement (baseline).",93.276,50030.926
1796,H2O,0,1,10,6-31g,basis_set_exchange,tn_qc_opt,26,yes,TN_QC_OPT (Cebule),COBYLA,,,2,2,phase,qasm_gen_grouped,156,,,"N_Qubit inherited from the JW-mapped Hamiltonian (verified, see JW row). Cebule QASM_GEN basis-state-pair-grouping measurement scheme. Expected to require fewer or equal distinct circuits per iteration than plain 'pauli' measurement (that's QASM_GEN's whole purpose), but the exact circuit count is an output of a real QASM_GEN/TN_QC_OPT run, not predictable in advance -- see docs.mqs.dk QASM_GEN section.",93.276,50124.202
1809,H2O,0,1,10,6-31g,basis_set_exchange,tn_qc_opt,26,yes,TN_QC_OPT (Cebule),COBYLA,,,3,2,full,pauli,156,,,"N_Qubit inherited from the JW-mapped Hamiltonian (verified, see JW row). Standard per-Pauli-string measurement (baseline).",93.276,50217.478
1810,H2O,0,1,10,6-31g,basis_set_exchange,tn_qc_opt,26,yes,TN_QC_OPT (Cebule),COBYLA,,,3,2,full,qasm_gen_grouped,156,,,"N_Qubit inherited from the JW-mapped Hamiltonian (verified, see JW row). Cebule QASM_GEN basis-state-pair-grouping measurement scheme. Expected to require fewer or equal distinct circuits per iteration than plain 'pauli' measurement (that's QASM_GEN's whole purpose), but the exact circuit count is an output of a real QASM_GEN/TN_QC_OPT run, not predictable in advance -- see docs.mqs.dk QASM_GEN section.",93.276,50310.753
1811,H2O,0,1,10,6-31g,basis_set_exchange,tn_qc_opt,26,yes,TN_QC_OPT (Cebule),COBYLA,,,3,2,phase,pauli,156,,,"N_Qubit inherited from the JW-mapped Hamiltonian (verified, see JW row). Standard per-Pauli-string measurement (baseline).",93.276,50404.029
1812,H2O,0,1,10,6-31g,basis_set_exchange,tn_qc_opt,26,yes,TN_QC_OPT (Cebule),COBYLA,,,3,2,phase,qasm_gen_grouped,156,,,"N_Qubit inherited from the JW-mapped Hamiltonian (verified, see JW row). Cebule QASM_GEN basis-state-pair-grouping measurement scheme. Expected to require fewer or equal distinct circuits per iteration than plain 'pauli' measurement (that's QASM_GEN's whole purpose), but the exact circuit count is an output of a real QASM_GEN/TN_QC_OPT run, not predictable in advance -- see docs.mqs.dk QASM_GEN section.",93.276,50497.305
649,H2,0,1,2,def2-tzvp,basis_set_exchange,tn_qc_opt,24,yes,TN_QC_OPT (Cebule),COBYLA,,,0,3,n/a (no TN layers),pauli,216,,,"N_Qubit inherited from the JW-mapped Hamiltonian (verified, see JW row). TN_Layers_Network=0 is the paper's 'circuit only' baseline -- equivalent to plain VQE with this Hamiltonian encoding and no TN preprocessing. Standard per-Pauli-string measurement (baseline).",93.320,50590.625
650,H2,0,1,2,def2-tzvp,basis_set_exchange,tn_qc_opt,24,yes,TN_QC_OPT (Cebule),COBYLA,,,0,3,n/a (no TN layers),qasm_gen_grouped,216,,,"N_Qubit inherited from the JW-mapped Hamiltonian (verified, see JW row). TN_Layers_Network=0 is the paper's 'circuit only' baseline -- equivalent to plain VQE with this Hamiltonian encoding and no TN preprocessing. Cebule QASM_GEN basis-state-pair-grouping measurement scheme. Expected to require fewer or equal distinct circuits per iteration than plain 'pauli' measurement (that's QASM_GEN's whole purpose), but the exact circuit count is an output of a real QASM_GEN/TN_QC_OPT run, not predictable in advance -- see docs.mqs.dk QASM_GEN section.",93.320,50683.946
661,H2,0,1,2,def2-tzvp,basis_set_exchange,tn_qc_opt,24,yes,TN_QC_OPT (Cebule),COBYLA,,,1,3,full,pauli,216,,,"N_Qubit inherited from the JW-mapped Hamiltonian (verified, see JW row). Standard per-Pauli-string measurement (baseline).",93.320,50777.266
662,H2,0,1,2,def2-tzvp,basis_set_exchange,tn_qc_opt,24,yes,TN_QC_OPT (Cebule),COBYLA,,,1,3,full,qasm_gen_grouped,216,,,"N_Qubit inherited from the JW-mapped Hamiltonian (verified, see JW row). Cebule QASM_GEN basis-state-pair-grouping measurement scheme. Expected to require fewer or equal distinct circuits per iteration than plain 'pauli' measurement (that's QASM_GEN's whole purpose), but the exact circuit count is an output of a real QASM_GEN/TN_QC_OPT run, not predictable in advance -- see docs.mqs.dk QASM_GEN section.",93.320,50870.586
663,H2,0,1,2,def2-tzvp,basis_set_exchange,tn_qc_opt,24,yes,TN_QC_OPT (Cebule),COBYLA,,,1,3,phase,pauli,216,,,"N_Qubit inherited from the JW-mapped Hamiltonian (verified, see JW row). Standard per-Pauli-string measurement (baseline).",93.320,50963.906
664,H2,0,1,2,def2-tzvp,basis_set_exchange,tn_qc_opt,24,yes,TN_QC_OPT (Cebule),COBYLA,,,1,3,phase,qasm_gen_grouped,216,,,"N_Qubit inherited from the JW-mapped Hamiltonian (verified, see JW row). Cebule QASM_GEN basis-state-pair-grouping measurement scheme. Expected to require fewer or equal distinct circuits per iteration than plain 'pauli' measurement (that's QASM_GEN's whole purpose), but the exact circuit count is an output of a real QASM_GEN/TN_QC_OPT run, not predictable in advance -- see docs.mqs.dk QASM_GEN section.",93.320,51057.226
677,H2,0,1,2,def2-tzvp,basis_set_exchange,tn_qc_opt,24,yes,TN_QC_OPT (Cebule),COBYLA,,,2,3,full,pauli,216,,,"N_Qubit inherited from the JW-mapped Hamiltonian (verified, see JW row). Standard per-Pauli-string measurement (baseline).",93.320,51150.546
678,H2,0,1,2,def2-tzvp,basis_set_exchange,tn_qc_opt,24,yes,TN_QC_OPT (Cebule),COBYLA,,,2,3,full,qasm_gen_grouped,216,,,"N_Qubit inherited from the JW-mapped Hamiltonian (verified, see JW row). Cebule QASM_GEN basis-state-pair-grouping measurement scheme. Expected to require fewer or equal distinct circuits per iteration than plain 'pauli' measurement (that's QASM_GEN's whole purpose), but the exact circuit count is an output of a real QASM_GEN/TN_QC_OPT run, not predictable in advance -- see docs.mqs.dk QASM_GEN section.",93.320,51243.866
679,H2,0,1,2,def2-tzvp,basis_set_exchange,tn_qc_opt,24,yes,TN_QC_OPT (Cebule),COBYLA,,,2,3,phase,pauli,216,,,"N_Qubit inherited from the JW-mapped Hamiltonian (verified, see JW row). Standard per-Pauli-string measurement (baseline).",93.320,51337.187
680,H2,0,1,2,def2-tzvp,basis_set_exchange,tn_qc_opt,24,yes,TN_QC_OPT (Cebule),COBYLA,,,2,3,phase,qasm_gen_grouped,216,,,"N_Qubit inherited from the JW-mapped Hamiltonian (verified, see JW row). Cebule QASM_GEN basis-state-pair-grouping measurement scheme. Expected to require fewer or equal distinct circuits per iteration than plain 'pauli' measurement (that's QASM_GEN's whole purpose), but the exact circuit count is an output of a real QASM_GEN/TN_QC_OPT run, not predictable in advance -- see docs.mqs.dk QASM_GEN section.",93.320,51430.507
693,H2,0,1,2,def2-tzvp,basis_set_exchange,tn_qc_opt,24,yes,TN_QC_OPT (Cebule),COBYLA,,,3,3,full,pauli,216,,,"N_Qubit inherited from the JW-mapped Hamiltonian (verified, see JW row). Standard per-Pauli-string measurement (baseline).",93.320,51523.827
694,H2,0,1,2,def2-tzvp,basis_set_exchange,tn_qc_opt,24,yes,TN_QC_OPT (Cebule),COBYLA,,,3,3,full,qasm_gen_grouped,216,,,"N_Qubit inherited from the JW-mapped Hamiltonian (verified, see JW row). Cebule QASM_GEN basis-state-pair-grouping measurement scheme. Expected to require fewer or equal distinct circuits per iteration than plain 'pauli' measurement (that's QASM_GEN's whole purpose), but the exact circuit count is an output of a real QASM_GEN/TN_QC_OPT run, not predictable in advance -- see docs.mqs.dk QASM_GEN section.",93.320,51617.147
695,H2,0,1,2,def2-tzvp,basis_set_exchange,tn_qc_opt,24,yes,TN_QC_OPT (Cebule),COBYLA,,,3,3,phase,pauli,216,,,"N_Qubit inherited from the JW-mapped Hamiltonian (verified, see JW row). Standard per-Pauli-string measurement (baseline).",93.320,51710.467
696,H2,0,1,2,def2-tzvp,basis_set_exchange,tn_qc_opt,24,yes,TN_QC_OPT (Cebule),COBYLA,,,3,3,phase,qasm_gen_grouped,216,,,"N_Qubit inherited from the JW-mapped Hamiltonian (verified, see JW row). Cebule QASM_GEN basis-state-pair-grouping measurement scheme. Expected to require fewer or equal distinct circuits per iteration than plain 'pauli' measurement (that's QASM_GEN's whole purpose), but the exact circuit count is an output of a real QASM_GEN/TN_QC_OPT run, not predictable in advance -- see docs.mqs.dk QASM_GEN section.",93.320,51803.787
1769,H2O,0,1,10,6-31g,basis_set_exchange,tn_qc_opt,26,yes,TN_QC_OPT (Cebule),COBYLA,,,0,3,n/a (no TN layers),pauli,234,,,"N_Qubit inherited from the JW-mapped Hamiltonian (verified, see JW row). TN_Layers_Network=0 is the paper's 'circuit only' baseline -- equivalent to plain VQE with this Hamiltonian encoding and no TN preprocessing. Standard per-Pauli-string measurement (baseline).",93.453,51897.240
1770,H2O,0,1,10,6-31g,basis_set_exchange,tn_qc_opt,26,yes,TN_QC_OPT (Cebule),COBYLA,,,0,3,n/a (no TN layers),qasm_gen_grouped,234,,,"N_Qubit inherited from the JW-mapped Hamiltonian (verified, see JW row). TN_Layers_Network=0 is the paper's 'circuit only' baseline -- equivalent to plain VQE with this Hamiltonian encoding and no TN preprocessing. Cebule QASM_GEN basis-state-pair-grouping measurement scheme. Expected to require fewer or equal distinct circuits per iteration than plain 'pauli' measurement (that's QASM_GEN's whole purpose), but the exact circuit count is an output of a real QASM_GEN/TN_QC_OPT run, not predictable in advance -- see docs.mqs.dk QASM_GEN section.",93.453,51990.693
1781,H2O,0,1,10,6-31g,basis_set_exchange,tn_qc_opt,26,yes,TN_QC_OPT (Cebule),COBYLA,,,1,3,full,pauli,234,,,"N_Qubit inherited from the JW-mapped Hamiltonian (verified, see JW row). Standard per-Pauli-string measurement (baseline).",93.453,52084.146
1782,H2O,0,1,10,6-31g,basis_set_exchange,tn_qc_opt,26,yes,TN_QC_OPT (Cebule),COBYLA,,,1,3,full,qasm_gen_grouped,234,,,"N_Qubit inherited from the JW-mapped Hamiltonian (verified, see JW row). Cebule QASM_GEN basis-state-pair-grouping measurement scheme. Expected to require fewer or equal distinct circuits per iteration than plain 'pauli' measurement (that's QASM_GEN's whole purpose), but the exact circuit count is an output of a real QASM_GEN/TN_QC_OPT run, not predictable in advance -- see docs.mqs.dk QASM_GEN section.",93.453,52177.599
1783,H2O,0,1,10,6-31g,basis_set_exchange,tn_qc_opt,26,yes,TN_QC_OPT (Cebule),COBYLA,,,1,3,phase,pauli,234,,,"N_Qubit inherited from the JW-mapped Hamiltonian (verified, see JW row). Standard per-Pauli-string measurement (baseline).",93.453,52271.052
1784,H2O,0,1,10,6-31g,basis_set_exchange,tn_qc_opt,26,yes,TN_QC_OPT (Cebule),COBYLA,,,1,3,phase,qasm_gen_grouped,234,,,"N_Qubit inherited from the JW-mapped Hamiltonian (verified, see JW row). Cebule QASM_GEN basis-state-pair-grouping measurement scheme. Expected to require fewer or equal distinct circuits per iteration than plain 'pauli' measurement (that's QASM_GEN's whole purpose), but the exact circuit count is an output of a real QASM_GEN/TN_QC_OPT run, not predictable in advance -- see docs.mqs.dk QASM_GEN section.",93.453,52364.504
1797,H2O,0,1,10,6-31g,basis_set_exchange,tn_qc_opt,26,yes,TN_QC_OPT (Cebule),COBYLA,,,2,3,full,pauli,234,,,"N_Qubit inherited from the JW-mapped Hamiltonian (verified, see JW row). Standard per-Pauli-string measurement (baseline).",93.453,52457.957
1798,H2O,0,1,10,6-31g,basis_set_exchange,tn_qc_opt,26,yes,TN_QC_OPT (Cebule),COBYLA,,,2,3,full,qasm_gen_grouped,234,,,"N_Qubit inherited from the JW-mapped Hamiltonian (verified, see JW row). Cebule QASM_GEN basis-state-pair-grouping measurement scheme. Expected to require fewer or equal distinct circuits per iteration than plain 'pauli' measurement (that's QASM_GEN's whole purpose), but the exact circuit count is an output of a real QASM_GEN/TN_QC_OPT run, not predictable in advance -- see docs.mqs.dk QASM_GEN section.",93.453,52551.410
1799,H2O,0,1,10,6-31g,basis_set_exchange,tn_qc_opt,26,yes,TN_QC_OPT (Cebule),COBYLA,,,2,3,phase,pauli,234,,,"N_Qubit inherited from the JW-mapped Hamiltonian (verified, see JW row). Standard per-Pauli-string measurement (baseline).",93.453,52644.863
1800,H2O,0,1,10,6-31g,basis_set_exchange,tn_qc_opt,26,yes,TN_QC_OPT (Cebule),COBYLA,,,2,3,phase,qasm_gen_grouped,234,,,"N_Qubit inherited from the JW-mapped Hamiltonian (verified, see JW row). Cebule QASM_GEN basis-state-pair-grouping measurement scheme. Expected to require fewer or equal distinct circuits per iteration than plain 'pauli' measurement (that's QASM_GEN's whole purpose), but the exact circuit count is an output of a real QASM_GEN/TN_QC_OPT run, not predictable in advance -- see docs.mqs.dk QASM_GEN section.",93.453,52738.316
1813,H2O,0,1,10,6-31g,basis_set_exchange,tn_qc_opt,26,yes,TN_QC_OPT (Cebule),COBYLA,,,3,3,full,pauli,234,,,"N_Qubit inherited from the JW-mapped Hamiltonian (verified, see JW row). Standard per-Pauli-string measurement (baseline).",93.453,52831.769
1814,H2O,0,1,10,6-31g,basis_set_exchange,tn_qc_opt,26,yes,TN_QC_OPT (Cebule),COBYLA,,,3,3,full,qasm_gen_grouped,234,,,"N_Qubit inherited from the JW-mapped Hamiltonian (verified, see JW row). Cebule QASM_GEN basis-state-pair-grouping measurement scheme. Expected to require fewer or equal distinct circuits per iteration than plain 'pauli' measurement (that's QASM_GEN's whole purpose), but the exact circuit count is an output of a real QASM_GEN/TN_QC_OPT run, not predictable in advance -- see docs.mqs.dk QASM_GEN section.",93.453,52925.221
1815,H2O,0,1,10,6-31g,basis_set_exchange,tn_qc_opt,26,yes,TN_QC_OPT (Cebule),COBYLA,,,3,3,phase,pauli,234,,,"N_Qubit inherited from the JW-mapped Hamiltonian (verified, see JW row). Standard per-Pauli-string measurement (baseline).",93.453,53018.674
1816,H2O,0,1,10,6-31g,basis_set_exchange,tn_qc_opt,26,yes,TN_QC_OPT (Cebule),COBYLA,,,3,3,phase,qasm_gen_grouped,234,,,"N_Qubit inherited from the JW-mapped Hamiltonian (verified, see JW row). Cebule QASM_GEN basis-state-pair-grouping measurement scheme. Expected to require fewer or equal distinct circuits per iteration than plain 'pauli' measurement (that's QASM_GEN's whole purpose), but the exact circuit count is an output of a real QASM_GEN/TN_QC_OPT run, not predictable in advance -- see docs.mqs.dk QASM_GEN section.",93.453,53112.127
651,H2,0,1,2,def2-tzvp,basis_set_exchange,tn_qc_opt,24,yes,TN_QC_OPT (Cebule),COBYLA,,,0,4,n/a (no TN layers),pauli,288,,,"N_Qubit inherited from the JW-mapped Hamiltonian (verified, see JW row). TN_Layers_Network=0 is the paper's 'circuit only' baseline -- equivalent to plain VQE with this Hamiltonian encoding and no TN preprocessing. Standard per-Pauli-string measurement (baseline).",93.512,53205.639
652,H2,0,1,2,def2-tzvp,basis_set_exchange,tn_qc_opt,24,yes,TN_QC_OPT (Cebule),COBYLA,,,0,4,n/a (no TN layers),qasm_gen_grouped,288,,,"N_Qubit inherited from the JW-mapped Hamiltonian (verified, see JW row). TN_Layers_Network=0 is the paper's 'circuit only' baseline -- equivalent to plain VQE with this Hamiltonian encoding and no TN preprocessing. Cebule QASM_GEN basis-state-pair-grouping measurement scheme. Expected to require fewer or equal distinct circuits per iteration than plain 'pauli' measurement (that's QASM_GEN's whole purpose), but the exact circuit count is an output of a real QASM_GEN/TN_QC_OPT run, not predictable in advance -- see docs.mqs.dk QASM_GEN section.",93.512,53299.151
665,H2,0,1,2,def2-tzvp,basis_set_exchange,tn_qc_opt,24,yes,TN_QC_OPT (Cebule),COBYLA,,,1,4,full,pauli,288,,,"N_Qubit inherited from the JW-mapped Hamiltonian (verified, see JW row). Standard per-Pauli-string measurement (baseline).",93.512,53392.663
666,H2,0,1,2,def2-tzvp,basis_set_exchange,tn_qc_opt,24,yes,TN_QC_OPT (Cebule),COBYLA,,,1,4,full,qasm_gen_grouped,288,,,"N_Qubit inherited from the JW-mapped Hamiltonian (verified, see JW row). Cebule QASM_GEN basis-state-pair-grouping measurement scheme. Expected to require fewer or equal distinct circuits per iteration than plain 'pauli' measurement (that's QASM_GEN's whole purpose), but the exact circuit count is an output of a real QASM_GEN/TN_QC_OPT run, not predictable in advance -- see docs.mqs.dk QASM_GEN section.",93.512,53486.175
667,H2,0,1,2,def2-tzvp,basis_set_exchange,tn_qc_opt,24,yes,TN_QC_OPT (Cebule),COBYLA,,,1,4,phase,pauli,288,,,"N_Qubit inherited from the JW-mapped Hamiltonian (verified, see JW row). Standard per-Pauli-string measurement (baseline).",93.512,53579.686
668,H2,0,1,2,def2-tzvp,basis_set_exchange,tn_qc_opt,24,yes,TN_QC_OPT (Cebule),COBYLA,,,1,4,phase,qasm_gen_grouped,288,,,"N_Qubit inherited from the JW-mapped Hamiltonian (verified, see JW row). Cebule QASM_GEN basis-state-pair-grouping measurement scheme. Expected to require fewer or equal distinct circuits per iteration than plain 'pauli' measurement (that's QASM_GEN's whole purpose), but the exact circuit count is an output of a real QASM_GEN/TN_QC_OPT run, not predictable in advance -- see docs.mqs.dk QASM_GEN section.",93.512,53673.198
681,H2,0,1,2,def2-tzvp,basis_set_exchange,tn_qc_opt,24,yes,TN_QC_OPT (Cebule),COBYLA,,,2,4,full,pauli,288,,,"N_Qubit inherited from the JW-mapped Hamiltonian (verified, see JW row). Standard per-Pauli-string measurement (baseline).",93.512,53766.710
682,H2,0,1,2,def2-tzvp,basis_set_exchange,tn_qc_opt,24,yes,TN_QC_OPT (Cebule),COBYLA,,,2,4,full,qasm_gen_grouped,288,,,"N_Qubit inherited from the JW-mapped Hamiltonian (verified, see JW row). Cebule QASM_GEN basis-state-pair-grouping measurement scheme. Expected to require fewer or equal distinct circuits per iteration than plain 'pauli' measurement (that's QASM_GEN's whole purpose), but the exact circuit count is an output of a real QASM_GEN/TN_QC_OPT run, not predictable in advance -- see docs.mqs.dk QASM_GEN section.",93.512,53860.222
683,H2,0,1,2,def2-tzvp,basis_set_exchange,tn_qc_opt,24,yes,TN_QC_OPT (Cebule),COBYLA,,,2,4,phase,pauli,288,,,"N_Qubit inherited from the JW-mapped Hamiltonian (verified, see JW row). Standard per-Pauli-string measurement (baseline).",93.512,53953.734
684,H2,0,1,2,def2-tzvp,basis_set_exchange,tn_qc_opt,24,yes,TN_QC_OPT (Cebule),COBYLA,,,2,4,phase,qasm_gen_grouped,288,,,"N_Qubit inherited from the JW-mapped Hamiltonian (verified, see JW row). Cebule QASM_GEN basis-state-pair-grouping measurement scheme. Expected to require fewer or equal distinct circuits per iteration than plain 'pauli' measurement (that's QASM_GEN's whole purpose), but the exact circuit count is an output of a real QASM_GEN/TN_QC_OPT run, not predictable in advance -- see docs.mqs.dk QASM_GEN section.",93.512,54047.246
697,H2,0,1,2,def2-tzvp,basis_set_exchange,tn_qc_opt,24,yes,TN_QC_OPT (Cebule),COBYLA,,,3,4,full,pauli,288,,,"N_Qubit inherited from the JW-mapped Hamiltonian (verified, see JW row). Standard per-Pauli-string measurement (baseline).",93.512,54140.757
698,H2,0,1,2,def2-tzvp,basis_set_exchange,tn_qc_opt,24,yes,TN_QC_OPT (Cebule),COBYLA,,,3,4,full,qasm_gen_grouped,288,,,"N_Qubit inherited from the JW-mapped Hamiltonian (verified, see JW row). Cebule QASM_GEN basis-state-pair-grouping measurement scheme. Expected to require fewer or equal distinct circuits per iteration than plain 'pauli' measurement (that's QASM_GEN's whole purpose), but the exact circuit count is an output of a real QASM_GEN/TN_QC_OPT run, not predictable in advance -- see docs.mqs.dk QASM_GEN section.",93.512,54234.269
699,H2,0,1,2,def2-tzvp,basis_set_exchange,tn_qc_opt,24,yes,TN_QC_OPT (Cebule),COBYLA,,,3,4,phase,pauli,288,,,"N_Qubit inherited from the JW-mapped Hamiltonian (verified, see JW row). Standard per-Pauli-string measurement (baseline).",93.512,54327.781
700,H2,0,1,2,def2-tzvp,basis_set_exchange,tn_qc_opt,24,yes,TN_QC_OPT (Cebule),COBYLA,,,3,4,phase,qasm_gen_grouped,288,,,"N_Qubit inherited from the JW-mapped Hamiltonian (verified, see JW row). Cebule QASM_GEN basis-state-pair-grouping measurement scheme. Expected to require fewer or equal distinct circuits per iteration than plain 'pauli' measurement (that's QASM_GEN's whole purpose), but the exact circuit count is an output of a real QASM_GEN/TN_QC_OPT run, not predictable in advance -- see docs.mqs.dk QASM_GEN section.",93.512,54421.293
1771,H2O,0,1,10,6-31g,basis_set_exchange,tn_qc_opt,26,yes,TN_QC_OPT (Cebule),COBYLA,,,0,4,n/a (no TN layers),pauli,312,,,"N_Qubit inherited from the JW-mapped Hamiltonian (verified, see JW row). TN_Layers_Network=0 is the paper's 'circuit only' baseline -- equivalent to plain VQE with this Hamiltonian encoding and no TN preprocessing. Standard per-Pauli-string measurement (baseline).",93.630,54514.923
1772,H2O,0,1,10,6-31g,basis_set_exchange,tn_qc_opt,26,yes,TN_QC_OPT (Cebule),COBYLA,,,0,4,n/a (no TN layers),qasm_gen_grouped,312,,,"N_Qubit inherited from the JW-mapped Hamiltonian (verified, see JW row). TN_Layers_Network=0 is the paper's 'circuit only' baseline -- equivalent to plain VQE with this Hamiltonian encoding and no TN preprocessing. Cebule QASM_GEN basis-state-pair-grouping measurement scheme. Expected to require fewer or equal distinct circuits per iteration than plain 'pauli' measurement (that's QASM_GEN's whole purpose), but the exact circuit count is an output of a real QASM_GEN/TN_QC_OPT run, not predictable in advance -- see docs.mqs.dk QASM_GEN section.",93.630,54608.552
1785,H2O,0,1,10,6-31g,basis_set_exchange,tn_qc_opt,26,yes,TN_QC_OPT (Cebule),COBYLA,,,1,4,full,pauli,312,,,"N_Qubit inherited from the JW-mapped Hamiltonian (verified, see JW row). Standard per-Pauli-string measurement (baseline).",93.630,54702.182
1786,H2O,0,1,10,6-31g,basis_set_exchange,tn_qc_opt,26,yes,TN_QC_OPT (Cebule),COBYLA,,,1,4,full,qasm_gen_grouped,312,,,"N_Qubit inherited from the JW-mapped Hamiltonian (verified, see JW row). Cebule QASM_GEN basis-state-pair-grouping measurement scheme. Expected to require fewer or equal distinct circuits per iteration than plain 'pauli' measurement (that's QASM_GEN's whole purpose), but the exact circuit count is an output of a real QASM_GEN/TN_QC_OPT run, not predictable in advance -- see docs.mqs.dk QASM_GEN section.",93.630,54795.812
1787,H2O,0,1,10,6-31g,basis_set_exchange,tn_qc_opt,26,yes,TN_QC_OPT (Cebule),COBYLA,,,1,4,phase,pauli,312,,,"N_Qubit inherited from the JW-mapped Hamiltonian (verified, see JW row). Standard per-Pauli-string measurement (baseline).",93.630,54889.442
1788,H2O,0,1,10,6-31g,basis_set_exchange,tn_qc_opt,26,yes,TN_QC_OPT (Cebule),COBYLA,,,1,4,phase,qasm_gen_grouped,312,,,"N_Qubit inherited from the JW-mapped Hamiltonian (verified, see JW row). Cebule QASM_GEN basis-state-pair-grouping measurement scheme. Expected to require fewer or equal distinct circuits per iteration than plain 'pauli' measurement (that's QASM_GEN's whole purpose), but the exact circuit count is an output of a real QASM_GEN/TN_QC_OPT run, not predictable in advance -- see docs.mqs.dk QASM_GEN section.",93.630,54983.072
1801,H2O,0,1,10,6-31g,basis_set_exchange,tn_qc_opt,26,yes,TN_QC_OPT (Cebule),COBYLA,,,2,4,full,pauli,312,,,"N_Qubit inherited from the JW-mapped Hamiltonian (verified, see JW row). Standard per-Pauli-string measurement (baseline).",93.630,55076.701
1802,H2O,0,1,10,6-31g,basis_set_exchange,tn_qc_opt,26,yes,TN_QC_OPT (Cebule),COBYLA,,,2,4,full,qasm_gen_grouped,312,,,"N_Qubit inherited from the JW-mapped Hamiltonian (verified, see JW row). Cebule QASM_GEN basis-state-pair-grouping measurement scheme. Expected to require fewer or equal distinct circuits per iteration than plain 'pauli' measurement (that's QASM_GEN's whole purpose), but the exact circuit count is an output of a real QASM_GEN/TN_QC_OPT run, not predictable in advance -- see docs.mqs.dk QASM_GEN section.",93.630,55170.331
1803,H2O,0,1,10,6-31g,basis_set_exchange,tn_qc_opt,26,yes,TN_QC_OPT (Cebule),COBYLA,,,2,4,phase,pauli,312,,,"N_Qubit inherited from the JW-mapped Hamiltonian (verified, see JW row). Standard per-Pauli-string measurement (baseline).",93.630,55263.961
1804,H2O,0,1,10,6-31g,basis_set_exchange,tn_qc_opt,26,yes,TN_QC_OPT (Cebule),COBYLA,,,2,4,phase,qasm_gen_grouped,312,,,"N_Qubit inherited from the JW-mapped Hamiltonian (verified, see JW row). Cebule QASM_GEN basis-state-pair-grouping measurement scheme. Expected to require fewer or equal distinct circuits per iteration than plain 'pauli' measurement (that's QASM_GEN's whole purpose), but the exact circuit count is an output of a real QASM_GEN/TN_QC_OPT run, not predictable in advance -- see docs.mqs.dk QASM_GEN section.",93.630,55357.591
1817,H2O,0,1,10,6-31g,basis_set_exchange,tn_qc_opt,26,yes,TN_QC_OPT (Cebule),COBYLA,,,3,4,full,pauli,312,,,"N_Qubit inherited from the JW-mapped Hamiltonian (verified, see JW row). Standard per-Pauli-string measurement (baseline).",93.630,55451.221
1818,H2O,0,1,10,6-31g,basis_set_exchange,tn_qc_opt,26,yes,TN_QC_OPT (Cebule),COBYLA,,,3,4,full,qasm_gen_grouped,312,,,"N_Qubit inherited from the JW-mapped Hamiltonian (verified, see JW row). Cebule QASM_GEN basis-state-pair-grouping measurement scheme. Expected to require fewer or equal distinct circuits per iteration than plain 'pauli' measurement (that's QASM_GEN's whole purpose), but the exact circuit count is an output of a real QASM_GEN/TN_QC_OPT run, not predictable in advance -- see docs.mqs.dk QASM_GEN section.",93.630,55544.850
1819,H2O,0,1,10,6-31g,basis_set_exchange,tn_qc_opt,26,yes,TN_QC_OPT (Cebule),COBYLA,,,3,4,phase,pauli,312,,,"N_Qubit inherited from the JW-mapped Hamiltonian (verified, see JW row). Standard per-Pauli-string measurement (baseline).",93.630,55638.480
1820,H2O,0,1,10,6-31g,basis_set_exchange,tn_qc_opt,26,yes,TN_QC_OPT (Cebule),COBYLA,,,3,4,phase,qasm_gen_grouped,312,,,"N_Qubit inherited from the JW-mapped Hamiltonian (verified, see JW row). Cebule QASM_GEN basis-state-pair-grouping measurement scheme. Expected to require fewer or equal distinct circuits per iteration than plain 'pauli' measurement (that's QASM_GEN's whole purpose), but the exact circuit count is an output of a real QASM_GEN/TN_QC_OPT run, not predictable in advance -- see docs.mqs.dk QASM_GEN section.",93.630,55732.110
81,H2O,0,1,10,qvSZP,grimme_qvszp,JW,34,yes,,,,,,,,pauli,,,,Verified via hamiltonian_sources.qvszp: O=9 + 2xH=4 = 17 spatial fns x2 spin = 34. Standard per-Pauli-string measurement (baseline).,93.807,55825.917
82,H2O,0,1,10,qvSZP,grimme_qvszp,JW,34,yes,,,,,,,,qasm_gen_grouped,,,,"Verified via hamiltonian_sources.qvszp: O=9 + 2xH=4 = 17 spatial fns x2 spin = 34. Cebule QASM_GEN basis-state-pair-grouping measurement scheme. Expected to require fewer or equal distinct circuits per iteration than plain 'pauli' measurement (that's QASM_GEN's whole purpose), but the exact circuit count is an output of a real QASM_GEN/TN_QC_OPT run, not predictable in advance -- see docs.mqs.dk QASM_GEN section.",93.807,55919.724
2325,H2O,0,1,10,qvSZP,grimme_qvszp,tn_qc_opt,34,yes,TN_QC_OPT (Cebule),COBYLA,,,0,1,n/a (no TN layers),pauli,102,,,"N_Qubit inherited from the JW-mapped Hamiltonian (verified, see JW row). TN_Layers_Network=0 is the paper's 'circuit only' baseline -- equivalent to plain VQE with this Hamiltonian encoding and no TN preprocessing. Standard per-Pauli-string measurement (baseline).",93.807,56013.530
2326,H2O,0,1,10,qvSZP,grimme_qvszp,tn_qc_opt,34,yes,TN_QC_OPT (Cebule),COBYLA,,,0,1,n/a (no TN layers),qasm_gen_grouped,102,,,"N_Qubit inherited from the JW-mapped Hamiltonian (verified, see JW row). TN_Layers_Network=0 is the paper's 'circuit only' baseline -- equivalent to plain VQE with this Hamiltonian encoding and no TN preprocessing. Cebule QASM_GEN basis-state-pair-grouping measurement scheme. Expected to require fewer or equal distinct circuits per iteration than plain 'pauli' measurement (that's QASM_GEN's whole purpose), but the exact circuit count is an output of a real QASM_GEN/TN_QC_OPT run, not predictable in advance -- see docs.mqs.dk QASM_GEN section.",93.807,56107.337
2333,H2O,0,1,10,qvSZP,grimme_qvszp,tn_qc_opt,34,yes,TN_QC_OPT (Cebule),COBYLA,,,1,1,full,pauli,102,,,"N_Qubit inherited from the JW-mapped Hamiltonian (verified, see JW row). Standard per-Pauli-string measurement (baseline).",93.807,56201.144
2334,H2O,0,1,10,qvSZP,grimme_qvszp,tn_qc_opt,34,yes,TN_QC_OPT (Cebule),COBYLA,,,1,1,full,qasm_gen_grouped,102,,,"N_Qubit inherited from the JW-mapped Hamiltonian (verified, see JW row). Cebule QASM_GEN basis-state-pair-grouping measurement scheme. Expected to require fewer or equal distinct circuits per iteration than plain 'pauli' measurement (that's QASM_GEN's whole purpose), but the exact circuit count is an output of a real QASM_GEN/TN_QC_OPT run, not predictable in advance -- see docs.mqs.dk QASM_GEN section.",93.807,56294.951
2335,H2O,0,1,10,qvSZP,grimme_qvszp,tn_qc_opt,34,yes,TN_QC_OPT (Cebule),COBYLA,,,1,1,phase,pauli,102,,,"N_Qubit inherited from the JW-mapped Hamiltonian (verified, see JW row). Standard per-Pauli-string measurement (baseline).",93.807,56388.757
2336,H2O,0,1,10,qvSZP,grimme_qvszp,tn_qc_opt,34,yes,TN_QC_OPT (Cebule),COBYLA,,,1,1,phase,qasm_gen_grouped,102,,,"N_Qubit inherited from the JW-mapped Hamiltonian (verified, see JW row). Cebule QASM_GEN basis-state-pair-grouping measurement scheme. Expected to require fewer or equal distinct circuits per iteration than plain 'pauli' measurement (that's QASM_GEN's whole purpose), but the exact circuit count is an output of a real QASM_GEN/TN_QC_OPT run, not predictable in advance -- see docs.mqs.dk QASM_GEN section.",93.807,56482.564
2349,H2O,0,1,10,qvSZP,grimme_qvszp,tn_qc_opt,34,yes,TN_QC_OPT (Cebule),COBYLA,,,2,1,full,pauli,102,,,"N_Qubit inherited from the JW-mapped Hamiltonian (verified, see JW row). Standard per-Pauli-string measurement (baseline).",93.807,56576.371
2350,H2O,0,1,10,qvSZP,grimme_qvszp,tn_qc_opt,34,yes,TN_QC_OPT (Cebule),COBYLA,,,2,1,full,qasm_gen_grouped,102,,,"N_Qubit inherited from the JW-mapped Hamiltonian (verified, see JW row). Cebule QASM_GEN basis-state-pair-grouping measurement scheme. Expected to require fewer or equal distinct circuits per iteration than plain 'pauli' measurement (that's QASM_GEN's whole purpose), but the exact circuit count is an output of a real QASM_GEN/TN_QC_OPT run, not predictable in advance -- see docs.mqs.dk QASM_GEN section.",93.807,56670.177
2351,H2O,0,1,10,qvSZP,grimme_qvszp,tn_qc_opt,34,yes,TN_QC_OPT (Cebule),COBYLA,,,2,1,phase,pauli,102,,,"N_Qubit inherited from the JW-mapped Hamiltonian (verified, see JW row). Standard per-Pauli-string measurement (baseline).",93.807,56763.984
2352,H2O,0,1,10,qvSZP,grimme_qvszp,tn_qc_opt,34,yes,TN_QC_OPT (Cebule),COBYLA,,,2,1,phase,qasm_gen_grouped,102,,,"N_Qubit inherited from the JW-mapped Hamiltonian (verified, see JW row). Cebule QASM_GEN basis-state-pair-grouping measurement scheme. Expected to require fewer or equal distinct circuits per iteration than plain 'pauli' measurement (that's QASM_GEN's whole purpose), but the exact circuit count is an output of a real QASM_GEN/TN_QC_OPT run, not predictable in advance -- see docs.mqs.dk QASM_GEN section.",93.807,56857.791
2365,H2O,0,1,10,qvSZP,grimme_qvszp,tn_qc_opt,34,yes,TN_QC_OPT (Cebule),COBYLA,,,3,1,full,pauli,102,,,"N_Qubit inherited from the JW-mapped Hamiltonian (verified, see JW row). Standard per-Pauli-string measurement (baseline).",93.807,56951.598
2366,H2O,0,1,10,qvSZP,grimme_qvszp,tn_qc_opt,34,yes,TN_QC_OPT (Cebule),COBYLA,,,3,1,full,qasm_gen_grouped,102,,,"N_Qubit inherited from the JW-mapped Hamiltonian (verified, see JW row). Cebule QASM_GEN basis-state-pair-grouping measurement scheme. Expected to require fewer or equal distinct circuits per iteration than plain 'pauli' measurement (that's QASM_GEN's whole purpose), but the exact circuit count is an output of a real QASM_GEN/TN_QC_OPT run, not predictable in advance -- see docs.mqs.dk QASM_GEN section.",93.807,57045.404
2367,H2O,0,1,10,qvSZP,grimme_qvszp,tn_qc_opt,34,yes,TN_QC_OPT (Cebule),COBYLA,,,3,1,phase,pauli,102,,,"N_Qubit inherited from the JW-mapped Hamiltonian (verified, see JW row). Standard per-Pauli-string measurement (baseline).",93.807,57139.211
2368,H2O,0,1,10,qvSZP,grimme_qvszp,tn_qc_opt,34,yes,TN_QC_OPT (Cebule),COBYLA,,,3,1,phase,qasm_gen_grouped,102,,,"N_Qubit inherited from the JW-mapped Hamiltonian (verified, see JW row). Cebule QASM_GEN basis-state-pair-grouping measurement scheme. Expected to require fewer or equal distinct circuits per iteration than plain 'pauli' measurement (that's QASM_GEN's whole purpose), but the exact circuit count is an output of a real QASM_GEN/TN_QC_OPT run, not predictable in advance -- see docs.mqs.dk QASM_GEN section.",93.807,57233.018
33,Li2,0,1,6,6-31g,basis_set_exchange,JW,36,yes,,,,,,,,pauli,,,,Standard per-Pauli-string measurement (baseline).,93.984,57327.002
34,Li2,0,1,6,6-31g,basis_set_exchange,JW,36,yes,,,,,,,,qasm_gen_grouped,,,,"Cebule QASM_GEN basis-state-pair-grouping measurement scheme. Expected to require fewer or equal distinct circuits per iteration than plain 'pauli' measurement (that's QASM_GEN's whole purpose), but the exact circuit count is an output of a real QASM_GEN/TN_QC_OPT run, not predictable in advance -- see docs.mqs.dk QASM_GEN section.",93.984,57420.985
45,Li2,0,1,6,def2-svp,basis_set_exchange,JW,36,yes,,,,,,,,pauli,,,,Standard per-Pauli-string measurement (baseline).,93.984,57514.969
46,Li2,0,1,6,def2-svp,basis_set_exchange,JW,36,yes,,,,,,,,qasm_gen_grouped,,,,"Cebule QASM_GEN basis-state-pair-grouping measurement scheme. Expected to require fewer or equal distinct circuits per iteration than plain 'pauli' measurement (that's QASM_GEN's whole purpose), but the exact circuit count is an output of a real QASM_GEN/TN_QC_OPT run, not predictable in advance -- see docs.mqs.dk QASM_GEN section.",93.984,57608.953
53,Li2,0,1,6,qvSZP,grimme_qvszp,JW,36,yes,,,,,,,,pauli,,,,CORRECTED from an earlier draft's 34 (impossible for homonuclear Li2). Verified via hamiltonian_sources.qvszp: Li=9 spatial fns x2 atoms x2 spin = 36. Standard per-Pauli-string measurement (baseline).,93.984,57702.936
54,Li2,0,1,6,qvSZP,grimme_qvszp,JW,36,yes,,,,,,,,qasm_gen_grouped,,,,"CORRECTED from an earlier draft's 34 (impossible for homonuclear Li2). Verified via hamiltonian_sources.qvszp: Li=9 spatial fns x2 atoms x2 spin = 36. Cebule QASM_GEN basis-state-pair-grouping measurement scheme. Expected to require fewer or equal distinct circuits per iteration than plain 'pauli' measurement (that's QASM_GEN's whole purpose), but the exact circuit count is an output of a real QASM_GEN/TN_QC_OPT run, not predictable in advance -- see docs.mqs.dk QASM_GEN section.",93.984,57796.920
981,Li2,0,1,6,6-31g,basis_set_exchange,tn_qc_opt,36,yes,TN_QC_OPT (Cebule),COBYLA,,,0,1,n/a (no TN layers),pauli,108,,,"N_Qubit inherited from the JW-mapped Hamiltonian (verified, see JW row). TN_Layers_Network=0 is the paper's 'circuit only' baseline -- equivalent to plain VQE with this Hamiltonian encoding and no TN preprocessing. Standard per-Pauli-string measurement (baseline).",93.984,57890.904
982,Li2,0,1,6,6-31g,basis_set_exchange,tn_qc_opt,36,yes,TN_QC_OPT (Cebule),COBYLA,,,0,1,n/a (no TN layers),qasm_gen_grouped,108,,,"N_Qubit inherited from the JW-mapped Hamiltonian (verified, see JW row). TN_Layers_Network=0 is the paper's 'circuit only' baseline -- equivalent to plain VQE with this Hamiltonian encoding and no TN preprocessing. Cebule QASM_GEN basis-state-pair-grouping measurement scheme. Expected to require fewer or equal distinct circuits per iteration than plain 'pauli' measurement (that's QASM_GEN's whole purpose), but the exact circuit count is an output of a real QASM_GEN/TN_QC_OPT run, not predictable in advance -- see docs.mqs.dk QASM_GEN section.",93.984,57984.888
989,Li2,0,1,6,6-31g,basis_set_exchange,tn_qc_opt,36,yes,TN_QC_OPT (Cebule),COBYLA,,,1,1,full,pauli,108,,,"N_Qubit inherited from the JW-mapped Hamiltonian (verified, see JW row). Standard per-Pauli-string measurement (baseline).",93.984,58078.871
990,Li2,0,1,6,6-31g,basis_set_exchange,tn_qc_opt,36,yes,TN_QC_OPT (Cebule),COBYLA,,,1,1,full,qasm_gen_grouped,108,,,"N_Qubit inherited from the JW-mapped Hamiltonian (verified, see JW row). Cebule QASM_GEN basis-state-pair-grouping measurement scheme. Expected to require fewer or equal distinct circuits per iteration than plain 'pauli' measurement (that's QASM_GEN's whole purpose), but the exact circuit count is an output of a real QASM_GEN/TN_QC_OPT run, not predictable in advance -- see docs.mqs.dk QASM_GEN section.",93.984,58172.855
991,Li2,0,1,6,6-31g,basis_set_exchange,tn_qc_opt,36,yes,TN_QC_OPT (Cebule),COBYLA,,,1,1,phase,pauli,108,,,"N_Qubit inherited from the JW-mapped Hamiltonian (verified, see JW row). Standard per-Pauli-string measurement (baseline).",93.984,58266.839
992,Li2,0,1,6,6-31g,basis_set_exchange,tn_qc_opt,36,yes,TN_QC_OPT (Cebule),COBYLA,,,1,1,phase,qasm_gen_grouped,108,,,"N_Qubit inherited from the JW-mapped Hamiltonian (verified, see JW row). Cebule QASM_GEN basis-state-pair-grouping measurement scheme. Expected to require fewer or equal distinct circuits per iteration than plain 'pauli' measurement (that's QASM_GEN's whole purpose), but the exact circuit count is an output of a real QASM_GEN/TN_QC_OPT run, not predictable in advance -- see docs.mqs.dk QASM_GEN section.",93.984,58360.822
1005,Li2,0,1,6,6-31g,basis_set_exchange,tn_qc_opt,36,yes,TN_QC_OPT (Cebule),COBYLA,,,2,1,full,pauli,108,,,"N_Qubit inherited from the JW-mapped Hamiltonian (verified, see JW row). Standard per-Pauli-string measurement (baseline).",93.984,58454.806
1006,Li2,0,1,6,6-31g,basis_set_exchange,tn_qc_opt,36,yes,TN_QC_OPT (Cebule),COBYLA,,,2,1,full,qasm_gen_grouped,108,,,"N_Qubit inherited from the JW-mapped Hamiltonian (verified, see JW row). Cebule QASM_GEN basis-state-pair-grouping measurement scheme. Expected to require fewer or equal distinct circuits per iteration than plain 'pauli' measurement (that's QASM_GEN's whole purpose), but the exact circuit count is an output of a real QASM_GEN/TN_QC_OPT run, not predictable in advance -- see docs.mqs.dk QASM_GEN section.",93.984,58548.790
1007,Li2,0,1,6,6-31g,basis_set_exchange,tn_qc_opt,36,yes,TN_QC_OPT (Cebule),COBYLA,,,2,1,phase,pauli,108,,,"N_Qubit inherited from the JW-mapped Hamiltonian (verified, see JW row). Standard per-Pauli-string measurement (baseline).",93.984,58642.773
1008,Li2,0,1,6,6-31g,basis_set_exchange,tn_qc_opt,36,yes,TN_QC_OPT (Cebule),COBYLA,,,2,1,phase,qasm_gen_grouped,108,,,"N_Qubit inherited from the JW-mapped Hamiltonian (verified, see JW row). Cebule QASM_GEN basis-state-pair-grouping measurement scheme. Expected to require fewer or equal distinct circuits per iteration than plain 'pauli' measurement (that's QASM_GEN's whole purpose), but the exact circuit count is an output of a real QASM_GEN/TN_QC_OPT run, not predictable in advance -- see docs.mqs.dk QASM_GEN section.",93.984,58736.757
1021,Li2,0,1,6,6-31g,basis_set_exchange,tn_qc_opt,36,yes,TN_QC_OPT (Cebule),COBYLA,,,3,1,full,pauli,108,,,"N_Qubit inherited from the JW-mapped Hamiltonian (verified, see JW row). Standard per-Pauli-string measurement (baseline).",93.984,58830.741
1022,Li2,0,1,6,6-31g,basis_set_exchange,tn_qc_opt,36,yes,TN_QC_OPT (Cebule),COBYLA,,,3,1,full,qasm_gen_grouped,108,,,"N_Qubit inherited from the JW-mapped Hamiltonian (verified, see JW row). Cebule QASM_GEN basis-state-pair-grouping measurement scheme. Expected to require fewer or equal distinct circuits per iteration than plain 'pauli' measurement (that's QASM_GEN's whole purpose), but the exact circuit count is an output of a real QASM_GEN/TN_QC_OPT run, not predictable in advance -- see docs.mqs.dk QASM_GEN section.",93.984,58924.724
1023,Li2,0,1,6,6-31g,basis_set_exchange,tn_qc_opt,36,yes,TN_QC_OPT (Cebule),COBYLA,,,3,1,phase,pauli,108,,,"N_Qubit inherited from the JW-mapped Hamiltonian (verified, see JW row). Standard per-Pauli-string measurement (baseline).",93.984,59018.708
1024,Li2,0,1,6,6-31g,basis_set_exchange,tn_qc_opt,36,yes,TN_QC_OPT (Cebule),COBYLA,,,3,1,phase,qasm_gen_grouped,108,,,"N_Qubit inherited from the JW-mapped Hamiltonian (verified, see JW row). Cebule QASM_GEN basis-state-pair-grouping measurement scheme. Expected to require fewer or equal distinct circuits per iteration than plain 'pauli' measurement (that's QASM_GEN's whole purpose), but the exact circuit count is an output of a real QASM_GEN/TN_QC_OPT run, not predictable in advance -- see docs.mqs.dk QASM_GEN section.",93.984,59112.692
1317,Li2,0,1,6,def2-svp,basis_set_exchange,tn_qc_opt,36,yes,TN_QC_OPT (Cebule),COBYLA,,,0,1,n/a (no TN layers),pauli,108,,,"N_Qubit inherited from the JW-mapped Hamiltonian (verified, see JW row). TN_Layers_Network=0 is the paper's 'circuit only' baseline -- equivalent to plain VQE with this Hamiltonian encoding and no TN preprocessing. Standard per-Pauli-string measurement (baseline).",93.984,59206.676
1318,Li2,0,1,6,def2-svp,basis_set_exchange,tn_qc_opt,36,yes,TN_QC_OPT (Cebule),COBYLA,,,0,1,n/a (no TN layers),qasm_gen_grouped,108,,,"N_Qubit inherited from the JW-mapped Hamiltonian (verified, see JW row). TN_Layers_Network=0 is the paper's 'circuit only' baseline -- equivalent to plain VQE with this Hamiltonian encoding and no TN preprocessing. Cebule QASM_GEN basis-state-pair-grouping measurement scheme. Expected to require fewer or equal distinct circuits per iteration than plain 'pauli' measurement (that's QASM_GEN's whole purpose), but the exact circuit count is an output of a real QASM_GEN/TN_QC_OPT run, not predictable in advance -- see docs.mqs.dk QASM_GEN section.",93.984,59300.659
1325,Li2,0,1,6,def2-svp,basis_set_exchange,tn_qc_opt,36,yes,TN_QC_OPT (Cebule),COBYLA,,,1,1,full,pauli,108,,,"N_Qubit inherited from the JW-mapped Hamiltonian (verified, see JW row). Standard per-Pauli-string measurement (baseline).",93.984,59394.643
1326,Li2,0,1,6,def2-svp,basis_set_exchange,tn_qc_opt,36,yes,TN_QC_OPT (Cebule),COBYLA,,,1,1,full,qasm_gen_grouped,108,,,"N_Qubit inherited from the JW-mapped Hamiltonian (verified, see JW row). Cebule QASM_GEN basis-state-pair-grouping measurement scheme. Expected to require fewer or equal distinct circuits per iteration than plain 'pauli' measurement (that's QASM_GEN's whole purpose), but the exact circuit count is an output of a real QASM_GEN/TN_QC_OPT run, not predictable in advance -- see docs.mqs.dk QASM_GEN section.",93.984,59488.627
1327,Li2,0,1,6,def2-svp,basis_set_exchange,tn_qc_opt,36,yes,TN_QC_OPT (Cebule),COBYLA,,,1,1,phase,pauli,108,,,"N_Qubit inherited from the JW-mapped Hamiltonian (verified, see JW row). Standard per-Pauli-string measurement (baseline).",93.984,59582.610
1328,Li2,0,1,6,def2-svp,basis_set_exchange,tn_qc_opt,36,yes,TN_QC_OPT (Cebule),COBYLA,,,1,1,phase,qasm_gen_grouped,108,,,"N_Qubit inherited from the JW-mapped Hamiltonian (verified, see JW row). Cebule QASM_GEN basis-state-pair-grouping measurement scheme. Expected to require fewer or equal distinct circuits per iteration than plain 'pauli' measurement (that's QASM_GEN's whole purpose), but the exact circuit count is an output of a real QASM_GEN/TN_QC_OPT run, not predictable in advance -- see docs.mqs.dk QASM_GEN section.",93.984,59676.594
1341,Li2,0,1,6,def2-svp,basis_set_exchange,tn_qc_opt,36,yes,TN_QC_OPT (Cebule),COBYLA,,,2,1,full,pauli,108,,,"N_Qubit inherited from the JW-mapped Hamiltonian (verified, see JW row). Standard per-Pauli-string measurement (baseline).",93.984,59770.578
1342,Li2,0,1,6,def2-svp,basis_set_exchange,tn_qc_opt,36,yes,TN_QC_OPT (Cebule),COBYLA,,,2,1,full,qasm_gen_grouped,108,,,"N_Qubit inherited from the JW-mapped Hamiltonian (verified, see JW row). Cebule QASM_GEN basis-state-pair-grouping measurement scheme. Expected to require fewer or equal distinct circuits per iteration than plain 'pauli' measurement (that's QASM_GEN's whole purpose), but the exact circuit count is an output of a real QASM_GEN/TN_QC_OPT run, not predictable in advance -- see docs.mqs.dk QASM_GEN section.",93.984,59864.561
1343,Li2,0,1,6,def2-svp,basis_set_exchange,tn_qc_opt,36,yes,TN_QC_OPT (Cebule),COBYLA,,,2,1,phase,pauli,108,,,"N_Qubit inherited from the JW-mapped Hamiltonian (verified, see JW row). Standard per-Pauli-string measurement (baseline).",93.984,59958.545
1344,Li2,0,1,6,def2-svp,basis_set_exchange,tn_qc_opt,36,yes,TN_QC_OPT (Cebule),COBYLA,,,2,1,phase,qasm_gen_grouped,108,,,"N_Qubit inherited from the JW-mapped Hamiltonian (verified, see JW row). Cebule QASM_GEN basis-state-pair-grouping measurement scheme. Expected to require fewer or equal distinct circuits per iteration than plain 'pauli' measurement (that's QASM_GEN's whole purpose), but the exact circuit count is an output of a real QASM_GEN/TN_QC_OPT run, not predictable in advance -- see docs.mqs.dk QASM_GEN section.",93.984,60052.529
1357,Li2,0,1,6,def2-svp,basis_set_exchange,tn_qc_opt,36,yes,TN_QC_OPT (Cebule),COBYLA,,,3,1,full,pauli,108,,,"N_Qubit inherited from the JW-mapped Hamiltonian (verified, see JW row). Standard per-Pauli-string measurement (baseline).",93.984,60146.512
1358,Li2,0,1,6,def2-svp,basis_set_exchange,tn_qc_opt,36,yes,TN_QC_OPT (Cebule),COBYLA,,,3,1,full,qasm_gen_grouped,108,,,"N_Qubit inherited from the JW-mapped Hamiltonian (verified, see JW row). Cebule QASM_GEN basis-state-pair-grouping measurement scheme. Expected to require fewer or equal distinct circuits per iteration than plain 'pauli' measurement (that's QASM_GEN's whole purpose), but the exact circuit count is an output of a real QASM_GEN/TN_QC_OPT run, not predictable in advance -- see docs.mqs.dk QASM_GEN section.",93.984,60240.496
1359,Li2,0,1,6,def2-svp,basis_set_exchange,tn_qc_opt,36,yes,TN_QC_OPT (Cebule),COBYLA,,,3,1,phase,pauli,108,,,"N_Qubit inherited from the JW-mapped Hamiltonian (verified, see JW row). Standard per-Pauli-string measurement (baseline).",93.984,60334.480
1360,Li2,0,1,6,def2-svp,basis_set_exchange,tn_qc_opt,36,yes,TN_QC_OPT (Cebule),COBYLA,,,3,1,phase,qasm_gen_grouped,108,,,"N_Qubit inherited from the JW-mapped Hamiltonian (verified, see JW row). Cebule QASM_GEN basis-state-pair-grouping measurement scheme. Expected to require fewer or equal distinct circuits per iteration than plain 'pauli' measurement (that's QASM_GEN's whole purpose), but the exact circuit count is an output of a real QASM_GEN/TN_QC_OPT run, not predictable in advance -- see docs.mqs.dk QASM_GEN section.",93.984,60428.464
1541,Li2,0,1,6,qvSZP,grimme_qvszp,tn_qc_opt,36,yes,TN_QC_OPT (Cebule),COBYLA,,,0,1,n/a (no TN layers),pauli,108,,,"N_Qubit inherited from the JW-mapped Hamiltonian (verified, see JW row). TN_Layers_Network=0 is the paper's 'circuit only' baseline -- equivalent to plain VQE with this Hamiltonian encoding and no TN preprocessing. Standard per-Pauli-string measurement (baseline).",93.984,60522.447
1542,Li2,0,1,6,qvSZP,grimme_qvszp,tn_qc_opt,36,yes,TN_QC_OPT (Cebule),COBYLA,,,0,1,n/a (no TN layers),qasm_gen_grouped,108,,,"N_Qubit inherited from the JW-mapped Hamiltonian (verified, see JW row). TN_Layers_Network=0 is the paper's 'circuit only' baseline -- equivalent to plain VQE with this Hamiltonian encoding and no TN preprocessing. Cebule QASM_GEN basis-state-pair-grouping measurement scheme. Expected to require fewer or equal distinct circuits per iteration than plain 'pauli' measurement (that's QASM_GEN's whole purpose), but the exact circuit count is an output of a real QASM_GEN/TN_QC_OPT run, not predictable in advance -- see docs.mqs.dk QASM_GEN section.",93.984,60616.431
1549,Li2,0,1,6,qvSZP,grimme_qvszp,tn_qc_opt,36,yes,TN_QC_OPT (Cebule),COBYLA,,,1,1,full,pauli,108,,,"N_Qubit inherited from the JW-mapped Hamiltonian (verified, see JW row). Standard per-Pauli-string measurement (baseline).",93.984,60710.415
1550,Li2,0,1,6,qvSZP,grimme_qvszp,tn_qc_opt,36,yes,TN_QC_OPT (Cebule),COBYLA,,,1,1,full,qasm_gen_grouped,108,,,"N_Qubit inherited from the JW-mapped Hamiltonian (verified, see JW row). Cebule QASM_GEN basis-state-pair-grouping measurement scheme. Expected to require fewer or equal distinct circuits per iteration than plain 'pauli' measurement (that's QASM_GEN's whole purpose), but the exact circuit count is an output of a real QASM_GEN/TN_QC_OPT run, not predictable in advance -- see docs.mqs.dk QASM_GEN section.",93.984,60804.398
1551,Li2,0,1,6,qvSZP,grimme_qvszp,tn_qc_opt,36,yes,TN_QC_OPT (Cebule),COBYLA,,,1,1,phase,pauli,108,,,"N_Qubit inherited from the JW-mapped Hamiltonian (verified, see JW row). Standard per-Pauli-string measurement (baseline).",93.984,60898.382
1552,Li2,0,1,6,qvSZP,grimme_qvszp,tn_qc_opt,36,yes,TN_QC_OPT (Cebule),COBYLA,,,1,1,phase,qasm_gen_grouped,108,,,"N_Qubit inherited from the JW-mapped Hamiltonian (verified, see JW row). Cebule QASM_GEN basis-state-pair-grouping measurement scheme. Expected to require fewer or equal distinct circuits per iteration than plain 'pauli' measurement (that's QASM_GEN's whole purpose), but the exact circuit count is an output of a real QASM_GEN/TN_QC_OPT run, not predictable in advance -- see docs.mqs.dk QASM_GEN section.",93.984,60992.366
1565,Li2,0,1,6,qvSZP,grimme_qvszp,tn_qc_opt,36,yes,TN_QC_OPT (Cebule),COBYLA,,,2,1,full,pauli,108,,,"N_Qubit inherited from the JW-mapped Hamiltonian (verified, see JW row). Standard per-Pauli-string measurement (baseline).",93.984,61086.349
1566,Li2,0,1,6,qvSZP,grimme_qvszp,tn_qc_opt,36,yes,TN_QC_OPT (Cebule),COBYLA,,,2,1,full,qasm_gen_grouped,108,,,"N_Qubit inherited from the JW-mapped Hamiltonian (verified, see JW row). Cebule QASM_GEN basis-state-pair-grouping measurement scheme. Expected to require fewer or equal distinct circuits per iteration than plain 'pauli' measurement (that's QASM_GEN's whole purpose), but the exact circuit count is an output of a real QASM_GEN/TN_QC_OPT run, not predictable in advance -- see docs.mqs.dk QASM_GEN section.",93.984,61180.333
1567,Li2,0,1,6,qvSZP,grimme_qvszp,tn_qc_opt,36,yes,TN_QC_OPT (Cebule),COBYLA,,,2,1,phase,pauli,108,,,"N_Qubit inherited from the JW-mapped Hamiltonian (verified, see JW row). Standard per-Pauli-string measurement (baseline).",93.984,61274.317
1568,Li2,0,1,6,qvSZP,grimme_qvszp,tn_qc_opt,36,yes,TN_QC_OPT (Cebule),COBYLA,,,2,1,phase,qasm_gen_grouped,108,,,"N_Qubit inherited from the JW-mapped Hamiltonian (verified, see JW row). Cebule QASM_GEN basis-state-pair-grouping measurement scheme. Expected to require fewer or equal distinct circuits per iteration than plain 'pauli' measurement (that's QASM_GEN's whole purpose), but the exact circuit count is an output of a real QASM_GEN/TN_QC_OPT run, not predictable in advance -- see docs.mqs.dk QASM_GEN section.",93.984,61368.300
1581,Li2,0,1,6,qvSZP,grimme_qvszp,tn_qc_opt,36,yes,TN_QC_OPT (Cebule),COBYLA,,,3,1,full,pauli,108,,,"N_Qubit inherited from the JW-mapped Hamiltonian (verified, see JW row). Standard per-Pauli-string measurement (baseline).",93.984,61462.284
1582,Li2,0,1,6,qvSZP,grimme_qvszp,tn_qc_opt,36,yes,TN_QC_OPT (Cebule),COBYLA,,,3,1,full,qasm_gen_grouped,108,,,"N_Qubit inherited from the JW-mapped Hamiltonian (verified, see JW row). Cebule QASM_GEN basis-state-pair-grouping measurement scheme. Expected to require fewer or equal distinct circuits per iteration than plain 'pauli' measurement (that's QASM_GEN's whole purpose), but the exact circuit count is an output of a real QASM_GEN/TN_QC_OPT run, not predictable in advance -- see docs.mqs.dk QASM_GEN section.",93.984,61556.268
1583,Li2,0,1,6,qvSZP,grimme_qvszp,tn_qc_opt,36,yes,TN_QC_OPT (Cebule),COBYLA,,,3,1,phase,pauli,108,,,"N_Qubit inherited from the JW-mapped Hamiltonian (verified, see JW row). Standard per-Pauli-string measurement (baseline).",93.984,61650.252
1584,Li2,0,1,6,qvSZP,grimme_qvszp,tn_qc_opt,36,yes,TN_QC_OPT (Cebule),COBYLA,,,3,1,phase,qasm_gen_grouped,108,,,"N_Qubit inherited from the JW-mapped Hamiltonian (verified, see JW row). Cebule QASM_GEN basis-state-pair-grouping measurement scheme. Expected to require fewer or equal distinct circuits per iteration than plain 'pauli' measurement (that's QASM_GEN's whole purpose), but the exact circuit count is an output of a real QASM_GEN/TN_QC_OPT run, not predictable in advance -- see docs.mqs.dk QASM_GEN section.",93.984,61744.235
2327,H2O,0,1,10,qvSZP,grimme_qvszp,tn_qc_opt,34,yes,TN_QC_OPT (Cebule),COBYLA,,,0,2,n/a (no TN layers),pauli,204,,,"N_Qubit inherited from the JW-mapped Hamiltonian (verified, see JW row). TN_Layers_Network=0 is the paper's 'circuit only' baseline -- equivalent to plain VQE with this Hamiltonian encoding and no TN preprocessing. Standard per-Pauli-string measurement (baseline).",93.984,61838.219
2328,H2O,0,1,10,qvSZP,grimme_qvszp,tn_qc_opt,34,yes,TN_QC_OPT (Cebule),COBYLA,,,0,2,n/a (no TN layers),qasm_gen_grouped,204,,,"N_Qubit inherited from the JW-mapped Hamiltonian (verified, see JW row). TN_Layers_Network=0 is the paper's 'circuit only' baseline -- equivalent to plain VQE with this Hamiltonian encoding and no TN preprocessing. Cebule QASM_GEN basis-state-pair-grouping measurement scheme. Expected to require fewer or equal distinct circuits per iteration than plain 'pauli' measurement (that's QASM_GEN's whole purpose), but the exact circuit count is an output of a real QASM_GEN/TN_QC_OPT run, not predictable in advance -- see docs.mqs.dk QASM_GEN section.",93.984,61932.203
2337,H2O,0,1,10,qvSZP,grimme_qvszp,tn_qc_opt,34,yes,TN_QC_OPT (Cebule),COBYLA,,,1,2,full,pauli,204,,,"N_Qubit inherited from the JW-mapped Hamiltonian (verified, see JW row). Standard per-Pauli-string measurement (baseline).",93.984,62026.186
2338,H2O,0,1,10,qvSZP,grimme_qvszp,tn_qc_opt,34,yes,TN_QC_OPT (Cebule),COBYLA,,,1,2,full,qasm_gen_grouped,204,,,"N_Qubit inherited from the JW-mapped Hamiltonian (verified, see JW row). Cebule QASM_GEN basis-state-pair-grouping measurement scheme. Expected to require fewer or equal distinct circuits per iteration than plain 'pauli' measurement (that's QASM_GEN's whole purpose), but the exact circuit count is an output of a real QASM_GEN/TN_QC_OPT run, not predictable in advance -- see docs.mqs.dk QASM_GEN section.",93.984,62120.170
2339,H2O,0,1,10,qvSZP,grimme_qvszp,tn_qc_opt,34,yes,TN_QC_OPT (Cebule),COBYLA,,,1,2,phase,pauli,204,,,"N_Qubit inherited from the JW-mapped Hamiltonian (verified, see JW row). Standard per-Pauli-string measurement (baseline).",93.984,62214.154
2340,H2O,0,1,10,qvSZP,grimme_qvszp,tn_qc_opt,34,yes,TN_QC_OPT (Cebule),COBYLA,,,1,2,phase,qasm_gen_grouped,204,,,"N_Qubit inherited from the JW-mapped Hamiltonian (verified, see JW row). Cebule QASM_GEN basis-state-pair-grouping measurement scheme. Expected to require fewer or equal distinct circuits per iteration than plain 'pauli' measurement (that's QASM_GEN's whole purpose), but the exact circuit count is an output of a real QASM_GEN/TN_QC_OPT run, not predictable in advance -- see docs.mqs.dk QASM_GEN section.",93.984,62308.137
2353,H2O,0,1,10,qvSZP,grimme_qvszp,tn_qc_opt,34,yes,TN_QC_OPT (Cebule),COBYLA,,,2,2,full,pauli,204,,,"N_Qubit inherited from the JW-mapped Hamiltonian (verified, see JW row). Standard per-Pauli-string measurement (baseline).",93.984,62402.121
2354,H2O,0,1,10,qvSZP,grimme_qvszp,tn_qc_opt,34,yes,TN_QC_OPT (Cebule),COBYLA,,,2,2,full,qasm_gen_grouped,204,,,"N_Qubit inherited from the JW-mapped Hamiltonian (verified, see JW row). Cebule QASM_GEN basis-state-pair-grouping measurement scheme. Expected to require fewer or equal distinct circuits per iteration than plain 'pauli' measurement (that's QASM_GEN's whole purpose), but the exact circuit count is an output of a real QASM_GEN/TN_QC_OPT run, not predictable in advance -- see docs.mqs.dk QASM_GEN section.",93.984,62496.105
2355,H2O,0,1,10,qvSZP,grimme_qvszp,tn_qc_opt,34,yes,TN_QC_OPT (Cebule),COBYLA,,,2,2,phase,pauli,204,,,"N_Qubit inherited from the JW-mapped Hamiltonian (verified, see JW row). Standard per-Pauli-string measurement (baseline).",93.984,62590.088
2356,H2O,0,1,10,qvSZP,grimme_qvszp,tn_qc_opt,34,yes,TN_QC_OPT (Cebule),COBYLA,,,2,2,phase,qasm_gen_grouped,204,,,"N_Qubit inherited from the JW-mapped Hamiltonian (verified, see JW row). Cebule QASM_GEN basis-state-pair-grouping measurement scheme. Expected to require fewer or equal distinct circuits per iteration than plain 'pauli' measurement (that's QASM_GEN's whole purpose), but the exact circuit count is an output of a real QASM_GEN/TN_QC_OPT run, not predictable in advance -- see docs.mqs.dk QASM_GEN section.",93.984,62684.072
2369,H2O,0,1,10,qvSZP,grimme_qvszp,tn_qc_opt,34,yes,TN_QC_OPT (Cebule),COBYLA,,,3,2,full,pauli,204,,,"N_Qubit inherited from the JW-mapped Hamiltonian (verified, see JW row). Standard per-Pauli-string measurement (baseline).",93.984,62778.056
2370,H2O,0,1,10,qvSZP,grimme_qvszp,tn_qc_opt,34,yes,TN_QC_OPT (Cebule),COBYLA,,,3,2,full,qasm_gen_grouped,204,,,"N_Qubit inherited from the JW-mapped Hamiltonian (verified, see JW row). Cebule QASM_GEN basis-state-pair-grouping measurement scheme. Expected to require fewer or equal distinct circuits per iteration than plain 'pauli' measurement (that's QASM_GEN's whole purpose), but the exact circuit count is an output of a real QASM_GEN/TN_QC_OPT run, not predictable in advance -- see docs.mqs.dk QASM_GEN section.",93.984,62872.040
2371,H2O,0,1,10,qvSZP,grimme_qvszp,tn_qc_opt,34,yes,TN_QC_OPT (Cebule),COBYLA,,,3,2,phase,pauli,204,,,"N_Qubit inherited from the JW-mapped Hamiltonian (verified, see JW row). Standard per-Pauli-string measurement (baseline).",93.984,62966.023
2372,H2O,0,1,10,qvSZP,grimme_qvszp,tn_qc_opt,34,yes,TN_QC_OPT (Cebule),COBYLA,,,3,2,phase,qasm_gen_grouped,204,,,"N_Qubit inherited from the JW-mapped Hamiltonian (verified, see JW row). Cebule QASM_GEN basis-state-pair-grouping measurement scheme. Expected to require fewer or equal distinct circuits per iteration than plain 'pauli' measurement (that's QASM_GEN's whole purpose), but the exact circuit count is an output of a real QASM_GEN/TN_QC_OPT run, not predictable in advance -- see docs.mqs.dk QASM_GEN section.",93.984,63060.007
983,Li2,0,1,6,6-31g,basis_set_exchange,tn_qc_opt,36,yes,TN_QC_OPT (Cebule),COBYLA,,,0,2,n/a (no TN layers),pauli,216,,,"N_Qubit inherited from the JW-mapped Hamiltonian (verified, see JW row). TN_Layers_Network=0 is the paper's 'circuit only' baseline -- equivalent to plain VQE with this Hamiltonian encoding and no TN preprocessing. Standard per-Pauli-string measurement (baseline).",94.161,63154.168
984,Li2,0,1,6,6-31g,basis_set_exchange,tn_qc_opt,36,yes,TN_QC_OPT (Cebule),COBYLA,,,0,2,n/a (no TN layers),qasm_gen_grouped,216,,,"N_Qubit inherited from the JW-mapped Hamiltonian (verified, see JW row). TN_Layers_Network=0 is the paper's 'circuit only' baseline -- equivalent to plain VQE with this Hamiltonian encoding and no TN preprocessing. Cebule QASM_GEN basis-state-pair-grouping measurement scheme. Expected to require fewer or equal distinct circuits per iteration than plain 'pauli' measurement (that's QASM_GEN's whole purpose), but the exact circuit count is an output of a real QASM_GEN/TN_QC_OPT run, not predictable in advance -- see docs.mqs.dk QASM_GEN section.",94.161,63248.328
993,Li2,0,1,6,6-31g,basis_set_exchange,tn_qc_opt,36,yes,TN_QC_OPT (Cebule),COBYLA,,,1,2,full,pauli,216,,,"N_Qubit inherited from the JW-mapped Hamiltonian (verified, see JW row). Standard per-Pauli-string measurement (baseline).",94.161,63342.489
994,Li2,0,1,6,6-31g,basis_set_exchange,tn_qc_opt,36,yes,TN_QC_OPT (Cebule),COBYLA,,,1,2,full,qasm_gen_grouped,216,,,"N_Qubit inherited from the JW-mapped Hamiltonian (verified, see JW row). Cebule QASM_GEN basis-state-pair-grouping measurement scheme. Expected to require fewer or equal distinct circuits per iteration than plain 'pauli' measurement (that's QASM_GEN's whole purpose), but the exact circuit count is an output of a real QASM_GEN/TN_QC_OPT run, not predictable in advance -- see docs.mqs.dk QASM_GEN section.",94.161,63436.649
995,Li2,0,1,6,6-31g,basis_set_exchange,tn_qc_opt,36,yes,TN_QC_OPT (Cebule),COBYLA,,,1,2,phase,pauli,216,,,"N_Qubit inherited from the JW-mapped Hamiltonian (verified, see JW row). Standard per-Pauli-string measurement (baseline).",94.161,63530.810
996,Li2,0,1,6,6-31g,basis_set_exchange,tn_qc_opt,36,yes,TN_QC_OPT (Cebule),COBYLA,,,1,2,phase,qasm_gen_grouped,216,,,"N_Qubit inherited from the JW-mapped Hamiltonian (verified, see JW row). Cebule QASM_GEN basis-state-pair-grouping measurement scheme. Expected to require fewer or equal distinct circuits per iteration than plain 'pauli' measurement (that's QASM_GEN's whole purpose), but the exact circuit count is an output of a real QASM_GEN/TN_QC_OPT run, not predictable in advance -- see docs.mqs.dk QASM_GEN section.",94.161,63624.971
1009,Li2,0,1,6,6-31g,basis_set_exchange,tn_qc_opt,36,yes,TN_QC_OPT (Cebule),COBYLA,,,2,2,full,pauli,216,,,"N_Qubit inherited from the JW-mapped Hamiltonian (verified, see JW row). Standard per-Pauli-string measurement (baseline).",94.161,63719.131
1010,Li2,0,1,6,6-31g,basis_set_exchange,tn_qc_opt,36,yes,TN_QC_OPT (Cebule),COBYLA,,,2,2,full,qasm_gen_grouped,216,,,"N_Qubit inherited from the JW-mapped Hamiltonian (verified, see JW row). Cebule QASM_GEN basis-state-pair-grouping measurement scheme. Expected to require fewer or equal distinct circuits per iteration than plain 'pauli' measurement (that's QASM_GEN's whole purpose), but the exact circuit count is an output of a real QASM_GEN/TN_QC_OPT run, not predictable in advance -- see docs.mqs.dk QASM_GEN section.",94.161,63813.292
1011,Li2,0,1,6,6-31g,basis_set_exchange,tn_qc_opt,36,yes,TN_QC_OPT (Cebule),COBYLA,,,2,2,phase,pauli,216,,,"N_Qubit inherited from the JW-mapped Hamiltonian (verified, see JW row). Standard per-Pauli-string measurement (baseline).",94.161,63907.453
1012,Li2,0,1,6,6-31g,basis_set_exchange,tn_qc_opt,36,yes,TN_QC_OPT (Cebule),COBYLA,,,2,2,phase,qasm_gen_grouped,216,,,"N_Qubit inherited from the JW-mapped Hamiltonian (verified, see JW row). Cebule QASM_GEN basis-state-pair-grouping measurement scheme. Expected to require fewer or equal distinct circuits per iteration than plain 'pauli' measurement (that's QASM_GEN's whole purpose), but the exact circuit count is an output of a real QASM_GEN/TN_QC_OPT run, not predictable in advance -- see docs.mqs.dk QASM_GEN section.",94.161,64001.613
1025,Li2,0,1,6,6-31g,basis_set_exchange,tn_qc_opt,36,yes,TN_QC_OPT (Cebule),COBYLA,,,3,2,full,pauli,216,,,"N_Qubit inherited from the JW-mapped Hamiltonian (verified, see JW row). Standard per-Pauli-string measurement (baseline).",94.161,64095.774
1026,Li2,0,1,6,6-31g,basis_set_exchange,tn_qc_opt,36,yes,TN_QC_OPT (Cebule),COBYLA,,,3,2,full,qasm_gen_grouped,216,,,"N_Qubit inherited from the JW-mapped Hamiltonian (verified, see JW row). Cebule QASM_GEN basis-state-pair-grouping measurement scheme. Expected to require fewer or equal distinct circuits per iteration than plain 'pauli' measurement (that's QASM_GEN's whole purpose), but the exact circuit count is an output of a real QASM_GEN/TN_QC_OPT run, not predictable in advance -- see docs.mqs.dk QASM_GEN section.",94.161,64189.935
1027,Li2,0,1,6,6-31g,basis_set_exchange,tn_qc_opt,36,yes,TN_QC_OPT (Cebule),COBYLA,,,3,2,phase,pauli,216,,,"N_Qubit inherited from the JW-mapped Hamiltonian (verified, see JW row). Standard per-Pauli-string measurement (baseline).",94.161,64284.095
1028,Li2,0,1,6,6-31g,basis_set_exchange,tn_qc_opt,36,yes,TN_QC_OPT (Cebule),COBYLA,,,3,2,phase,qasm_gen_grouped,216,,,"N_Qubit inherited from the JW-mapped Hamiltonian (verified, see JW row). Cebule QASM_GEN basis-state-pair-grouping measurement scheme. Expected to require fewer or equal distinct circuits per iteration than plain 'pauli' measurement (that's QASM_GEN's whole purpose), but the exact circuit count is an output of a real QASM_GEN/TN_QC_OPT run, not predictable in advance -- see docs.mqs.dk QASM_GEN section.",94.161,64378.256
1319,Li2,0,1,6,def2-svp,basis_set_exchange,tn_qc_opt,36,yes,TN_QC_OPT (Cebule),COBYLA,,,0,2,n/a (no TN layers),pauli,216,,,"N_Qubit inherited from the JW-mapped Hamiltonian (verified, see JW row). TN_Layers_Network=0 is the paper's 'circuit only' baseline -- equivalent to plain VQE with this Hamiltonian encoding and no TN preprocessing. Standard per-Pauli-string measurement (baseline).",94.161,64472.417
1320,Li2,0,1,6,def2-svp,basis_set_exchange,tn_qc_opt,36,yes,TN_QC_OPT (Cebule),COBYLA,,,0,2,n/a (no TN layers),qasm_gen_grouped,216,,,"N_Qubit inherited from the JW-mapped Hamiltonian (verified, see JW row). TN_Layers_Network=0 is the paper's 'circuit only' baseline -- equivalent to plain VQE with this Hamiltonian encoding and no TN preprocessing. Cebule QASM_GEN basis-state-pair-grouping measurement scheme. Expected to require fewer or equal distinct circuits per iteration than plain 'pauli' measurement (that's QASM_GEN's whole purpose), but the exact circuit count is an output of a real QASM_GEN/TN_QC_OPT run, not predictable in advance -- see docs.mqs.dk QASM_GEN section.",94.161,64566.577
1329,Li2,0,1,6,def2-svp,basis_set_exchange,tn_qc_opt,36,yes,TN_QC_OPT (Cebule),COBYLA,,,1,2,full,pauli,216,,,"N_Qubit inherited from the JW-mapped Hamiltonian (verified, see JW row). Standard per-Pauli-string measurement (baseline).",94.161,64660.738
1330,Li2,0,1,6,def2-svp,basis_set_exchange,tn_qc_opt,36,yes,TN_QC_OPT (Cebule),COBYLA,,,1,2,full,qasm_gen_grouped,216,,,"N_Qubit inherited from the JW-mapped Hamiltonian (verified, see JW row). Cebule QASM_GEN basis-state-pair-grouping measurement scheme. Expected to require fewer or equal distinct circuits per iteration than plain 'pauli' measurement (that's QASM_GEN's whole purpose), but the exact circuit count is an output of a real QASM_GEN/TN_QC_OPT run, not predictable in advance -- see docs.mqs.dk QASM_GEN section.",94.161,64754.898
1331,Li2,0,1,6,def2-svp,basis_set_exchange,tn_qc_opt,36,yes,TN_QC_OPT (Cebule),COBYLA,,,1,2,phase,pauli,216,,,"N_Qubit inherited from the JW-mapped Hamiltonian (verified, see JW row). Standard per-Pauli-string measurement (baseline).",94.161,64849.059
1332,Li2,0,1,6,def2-svp,basis_set_exchange,tn_qc_opt,36,yes,TN_QC_OPT (Cebule),COBYLA,,,1,2,phase,qasm_gen_grouped,216,,,"N_Qubit inherited from the JW-mapped Hamiltonian (verified, see JW row). Cebule QASM_GEN basis-state-pair-grouping measurement scheme. Expected to require fewer or equal distinct circuits per iteration than plain 'pauli' measurement (that's QASM_GEN's whole purpose), but the exact circuit count is an output of a real QASM_GEN/TN_QC_OPT run, not predictable in advance -- see docs.mqs.dk QASM_GEN section.",94.161,64943.220
1345,Li2,0,1,6,def2-svp,basis_set_exchange,tn_qc_opt,36,yes,TN_QC_OPT (Cebule),COBYLA,,,2,2,full,pauli,216,,,"N_Qubit inherited from the JW-mapped Hamiltonian (verified, see JW row). Standard per-Pauli-string measurement (baseline).",94.161,65037.380
1346,Li2,0,1,6,def2-svp,basis_set_exchange,tn_qc_opt,36,yes,TN_QC_OPT (Cebule),COBYLA,,,2,2,full,qasm_gen_grouped,216,,,"N_Qubit inherited from the JW-mapped Hamiltonian (verified, see JW row). Cebule QASM_GEN basis-state-pair-grouping measurement scheme. Expected to require fewer or equal distinct circuits per iteration than plain 'pauli' measurement (that's QASM_GEN's whole purpose), but the exact circuit count is an output of a real QASM_GEN/TN_QC_OPT run, not predictable in advance -- see docs.mqs.dk QASM_GEN section.",94.161,65131.541
1347,Li2,0,1,6,def2-svp,basis_set_exchange,tn_qc_opt,36,yes,TN_QC_OPT (Cebule),COBYLA,,,2,2,phase,pauli,216,,,"N_Qubit inherited from the JW-mapped Hamiltonian (verified, see JW row). Standard per-Pauli-string measurement (baseline).",94.161,65225.702
1348,Li2,0,1,6,def2-svp,basis_set_exchange,tn_qc_opt,36,yes,TN_QC_OPT (Cebule),COBYLA,,,2,2,phase,qasm_gen_grouped,216,,,"N_Qubit inherited from the JW-mapped Hamiltonian (verified, see JW row). Cebule QASM_GEN basis-state-pair-grouping measurement scheme. Expected to require fewer or equal distinct circuits per iteration than plain 'pauli' measurement (that's QASM_GEN's whole purpose), but the exact circuit count is an output of a real QASM_GEN/TN_QC_OPT run, not predictable in advance -- see docs.mqs.dk QASM_GEN section.",94.161,65319.862
1361,Li2,0,1,6,def2-svp,basis_set_exchange,tn_qc_opt,36,yes,TN_QC_OPT (Cebule),COBYLA,,,3,2,full,pauli,216,,,"N_Qubit inherited from the JW-mapped Hamiltonian (verified, see JW row). Standard per-Pauli-string measurement (baseline).",94.161,65414.023
1362,Li2,0,1,6,def2-svp,basis_set_exchange,tn_qc_opt,36,yes,TN_QC_OPT (Cebule),COBYLA,,,3,2,full,qasm_gen_grouped,216,,,"N_Qubit inherited from the JW-mapped Hamiltonian (verified, see JW row). Cebule QASM_GEN basis-state-pair-grouping measurement scheme. Expected to require fewer or equal distinct circuits per iteration than plain 'pauli' measurement (that's QASM_GEN's whole purpose), but the exact circuit count is an output of a real QASM_GEN/TN_QC_OPT run, not predictable in advance -- see docs.mqs.dk QASM_GEN section.",94.161,65508.184
1363,Li2,0,1,6,def2-svp,basis_set_exchange,tn_qc_opt,36,yes,TN_QC_OPT (Cebule),COBYLA,,,3,2,phase,pauli,216,,,"N_Qubit inherited from the JW-mapped Hamiltonian (verified, see JW row). Standard per-Pauli-string measurement (baseline).",94.161,65602.344
1364,Li2,0,1,6,def2-svp,basis_set_exchange,tn_qc_opt,36,yes,TN_QC_OPT (Cebule),COBYLA,,,3,2,phase,qasm_gen_grouped,216,,,"N_Qubit inherited from the JW-mapped Hamiltonian (verified, see JW row). Cebule QASM_GEN basis-state-pair-grouping measurement scheme. Expected to require fewer or equal distinct circuits per iteration than plain 'pauli' measurement (that's QASM_GEN's whole purpose), but the exact circuit count is an output of a real QASM_GEN/TN_QC_OPT run, not predictable in advance -- see docs.mqs.dk QASM_GEN section.",94.161,65696.505
1543,Li2,0,1,6,qvSZP,grimme_qvszp,tn_qc_opt,36,yes,TN_QC_OPT (Cebule),COBYLA,,,0,2,n/a (no TN layers),pauli,216,,,"N_Qubit inherited from the JW-mapped Hamiltonian (verified, see JW row). TN_Layers_Network=0 is the paper's 'circuit only' baseline -- equivalent to plain VQE with this Hamiltonian encoding and no TN preprocessing. Standard per-Pauli-string measurement (baseline).",94.161,65790.665
1544,Li2,0,1,6,qvSZP,grimme_qvszp,tn_qc_opt,36,yes,TN_QC_OPT (Cebule),COBYLA,,,0,2,n/a (no TN layers),qasm_gen_grouped,216,,,"N_Qubit inherited from the JW-mapped Hamiltonian (verified, see JW row). TN_Layers_Network=0 is the paper's 'circuit only' baseline -- equivalent to plain VQE with this Hamiltonian encoding and no TN preprocessing. Cebule QASM_GEN basis-state-pair-grouping measurement scheme. Expected to require fewer or equal distinct circuits per iteration than plain 'pauli' measurement (that's QASM_GEN's whole purpose), but the exact circuit count is an output of a real QASM_GEN/TN_QC_OPT run, not predictable in advance -- see docs.mqs.dk QASM_GEN section.",94.161,65884.826
1553,Li2,0,1,6,qvSZP,grimme_qvszp,tn_qc_opt,36,yes,TN_QC_OPT (Cebule),COBYLA,,,1,2,full,pauli,216,,,"N_Qubit inherited from the JW-mapped Hamiltonian (verified, see JW row). Standard per-Pauli-string measurement (baseline).",94.161,65978.987
1554,Li2,0,1,6,qvSZP,grimme_qvszp,tn_qc_opt,36,yes,TN_QC_OPT (Cebule),COBYLA,,,1,2,full,qasm_gen_grouped,216,,,"N_Qubit inherited from the JW-mapped Hamiltonian (verified, see JW row). Cebule QASM_GEN basis-state-pair-grouping measurement scheme. Expected to require fewer or equal distinct circuits per iteration than plain 'pauli' measurement (that's QASM_GEN's whole purpose), but the exact circuit count is an output of a real QASM_GEN/TN_QC_OPT run, not predictable in advance -- see docs.mqs.dk QASM_GEN section.",94.161,66073.147
1555,Li2,0,1,6,qvSZP,grimme_qvszp,tn_qc_opt,36,yes,TN_QC_OPT (Cebule),COBYLA,,,1,2,phase,pauli,216,,,"N_Qubit inherited from the JW-mapped Hamiltonian (verified, see JW row). Standard per-Pauli-string measurement (baseline).",94.161,66167.308
1556,Li2,0,1,6,qvSZP,grimme_qvszp,tn_qc_opt,36,yes,TN_QC_OPT (Cebule),COBYLA,,,1,2,phase,qasm_gen_grouped,216,,,"N_Qubit inherited from the JW-mapped Hamiltonian (verified, see JW row). Cebule QASM_GEN basis-state-pair-grouping measurement scheme. Expected to require fewer or equal distinct circuits per iteration than plain 'pauli' measurement (that's QASM_GEN's whole purpose), but the exact circuit count is an output of a real QASM_GEN/TN_QC_OPT run, not predictable in advance -- see docs.mqs.dk QASM_GEN section.",94.161,66261.469
1569,Li2,0,1,6,qvSZP,grimme_qvszp,tn_qc_opt,36,yes,TN_QC_OPT (Cebule),COBYLA,,,2,2,full,pauli,216,,,"N_Qubit inherited from the JW-mapped Hamiltonian (verified, see JW row). Standard per-Pauli-string measurement (baseline).",94.161,66355.629
1570,Li2,0,1,6,qvSZP,grimme_qvszp,tn_qc_opt,36,yes,TN_QC_OPT (Cebule),COBYLA,,,2,2,full,qasm_gen_grouped,216,,,"N_Qubit inherited from the JW-mapped Hamiltonian (verified, see JW row). Cebule QASM_GEN basis-state-pair-grouping measurement scheme. Expected to require fewer or equal distinct circuits per iteration than plain 'pauli' measurement (that's QASM_GEN's whole purpose), but the exact circuit count is an output of a real QASM_GEN/TN_QC_OPT run, not predictable in advance -- see docs.mqs.dk QASM_GEN section.",94.161,66449.790
1571,Li2,0,1,6,qvSZP,grimme_qvszp,tn_qc_opt,36,yes,TN_QC_OPT (Cebule),COBYLA,,,2,2,phase,pauli,216,,,"N_Qubit inherited from the JW-mapped Hamiltonian (verified, see JW row). Standard per-Pauli-string measurement (baseline).",94.161,66543.951
1572,Li2,0,1,6,qvSZP,grimme_qvszp,tn_qc_opt,36,yes,TN_QC_OPT (Cebule),COBYLA,,,2,2,phase,qasm_gen_grouped,216,,,"N_Qubit inherited from the JW-mapped Hamiltonian (verified, see JW row). Cebule QASM_GEN basis-state-pair-grouping measurement scheme. Expected to require fewer or equal distinct circuits per iteration than plain 'pauli' measurement (that's QASM_GEN's whole purpose), but the exact circuit count is an output of a real QASM_GEN/TN_QC_OPT run, not predictable in advance -- see docs.mqs.dk QASM_GEN section.",94.161,66638.111
1585,Li2,0,1,6,qvSZP,grimme_qvszp,tn_qc_opt,36,yes,TN_QC_OPT (Cebule),COBYLA,,,3,2,full,pauli,216,,,"N_Qubit inherited from the JW-mapped Hamiltonian (verified, see JW row). Standard per-Pauli-string measurement (baseline).",94.161,66732.272
1586,Li2,0,1,6,qvSZP,grimme_qvszp,tn_qc_opt,36,yes,TN_QC_OPT (Cebule),COBYLA,,,3,2,full,qasm_gen_grouped,216,,,"N_Qubit inherited from the JW-mapped Hamiltonian (verified, see JW row). Cebule QASM_GEN basis-state-pair-grouping measurement scheme. Expected to require fewer or equal distinct circuits per iteration than plain 'pauli' measurement (that's QASM_GEN's whole purpose), but the exact circuit count is an output of a real QASM_GEN/TN_QC_OPT run, not predictable in advance -- see docs.mqs.dk QASM_GEN section.",94.161,66826.433
1587,Li2,0,1,6,qvSZP,grimme_qvszp,tn_qc_opt,36,yes,TN_QC_OPT (Cebule),COBYLA,,,3,2,phase,pauli,216,,,"N_Qubit inherited from the JW-mapped Hamiltonian (verified, see JW row). Standard per-Pauli-string measurement (baseline).",94.161,66920.593
1588,Li2,0,1,6,qvSZP,grimme_qvszp,tn_qc_opt,36,yes,TN_QC_OPT (Cebule),COBYLA,,,3,2,phase,qasm_gen_grouped,216,,,"N_Qubit inherited from the JW-mapped Hamiltonian (verified, see JW row). Cebule QASM_GEN basis-state-pair-grouping measurement scheme. Expected to require fewer or equal distinct circuits per iteration than plain 'pauli' measurement (that's QASM_GEN's whole purpose), but the exact circuit count is an output of a real QASM_GEN/TN_QC_OPT run, not predictable in advance -- see docs.mqs.dk QASM_GEN section.",94.161,67014.754
2329,H2O,0,1,10,qvSZP,grimme_qvszp,tn_qc_opt,34,yes,TN_QC_OPT (Cebule),COBYLA,,,0,3,n/a (no TN layers),pauli,306,,,"N_Qubit inherited from the JW-mapped Hamiltonian (verified, see JW row). TN_Layers_Network=0 is the paper's 'circuit only' baseline -- equivalent to plain VQE with this Hamiltonian encoding and no TN preprocessing. Standard per-Pauli-string measurement (baseline).",94.161,67108.914
2330,H2O,0,1,10,qvSZP,grimme_qvszp,tn_qc_opt,34,yes,TN_QC_OPT (Cebule),COBYLA,,,0,3,n/a (no TN layers),qasm_gen_grouped,306,,,"N_Qubit inherited from the JW-mapped Hamiltonian (verified, see JW row). TN_Layers_Network=0 is the paper's 'circuit only' baseline -- equivalent to plain VQE with this Hamiltonian encoding and no TN preprocessing. Cebule QASM_GEN basis-state-pair-grouping measurement scheme. Expected to require fewer or equal distinct circuits per iteration than plain 'pauli' measurement (that's QASM_GEN's whole purpose), but the exact circuit count is an output of a real QASM_GEN/TN_QC_OPT run, not predictable in advance -- see docs.mqs.dk QASM_GEN section.",94.161,67203.075
2341,H2O,0,1,10,qvSZP,grimme_qvszp,tn_qc_opt,34,yes,TN_QC_OPT (Cebule),COBYLA,,,1,3,full,pauli,306,,,"N_Qubit inherited from the JW-mapped Hamiltonian (verified, see JW row). Standard per-Pauli-string measurement (baseline).",94.161,67297.236
2342,H2O,0,1,10,qvSZP,grimme_qvszp,tn_qc_opt,34,yes,TN_QC_OPT (Cebule),COBYLA,,,1,3,full,qasm_gen_grouped,306,,,"N_Qubit inherited from the JW-mapped Hamiltonian (verified, see JW row). Cebule QASM_GEN basis-state-pair-grouping measurement scheme. Expected to require fewer or equal distinct circuits per iteration than plain 'pauli' measurement (that's QASM_GEN's whole purpose), but the exact circuit count is an output of a real QASM_GEN/TN_QC_OPT run, not predictable in advance -- see docs.mqs.dk QASM_GEN section.",94.161,67391.396
2343,H2O,0,1,10,qvSZP,grimme_qvszp,tn_qc_opt,34,yes,TN_QC_OPT (Cebule),COBYLA,,,1,3,phase,pauli,306,,,"N_Qubit inherited from the JW-mapped Hamiltonian (verified, see JW row). Standard per-Pauli-string measurement (baseline).",94.161,67485.557
2344,H2O,0,1,10,qvSZP,grimme_qvszp,tn_qc_opt,34,yes,TN_QC_OPT (Cebule),COBYLA,,,1,3,phase,qasm_gen_grouped,306,,,"N_Qubit inherited from the JW-mapped Hamiltonian (verified, see JW row). Cebule QASM_GEN basis-state-pair-grouping measurement scheme. Expected to require fewer or equal distinct circuits per iteration than plain 'pauli' measurement (that's QASM_GEN's whole purpose), but the exact circuit count is an output of a real QASM_GEN/TN_QC_OPT run, not predictable in advance -- see docs.mqs.dk QASM_GEN section.",94.161,67579.718
2357,H2O,0,1,10,qvSZP,grimme_qvszp,tn_qc_opt,34,yes,TN_QC_OPT (Cebule),COBYLA,,,2,3,full,pauli,306,,,"N_Qubit inherited from the JW-mapped Hamiltonian (verified, see JW row). Standard per-Pauli-string measurement (baseline).",94.161,67673.878
2358,H2O,0,1,10,qvSZP,grimme_qvszp,tn_qc_opt,34,yes,TN_QC_OPT (Cebule),COBYLA,,,2,3,full,qasm_gen_grouped,306,,,"N_Qubit inherited from the JW-mapped Hamiltonian (verified, see JW row). Cebule QASM_GEN basis-state-pair-grouping measurement scheme. Expected to require fewer or equal distinct circuits per iteration than plain 'pauli' measurement (that's QASM_GEN's whole purpose), but the exact circuit count is an output of a real QASM_GEN/TN_QC_OPT run, not predictable in advance -- see docs.mqs.dk QASM_GEN section.",94.161,67768.039
2359,H2O,0,1,10,qvSZP,grimme_qvszp,tn_qc_opt,34,yes,TN_QC_OPT (Cebule),COBYLA,,,2,3,phase,pauli,306,,,"N_Qubit inherited from the JW-mapped Hamiltonian (verified, see JW row). Standard per-Pauli-string measurement (baseline).",94.161,67862.200
2360,H2O,0,1,10,qvSZP,grimme_qvszp,tn_qc_opt,34,yes,TN_QC_OPT (Cebule),COBYLA,,,2,3,phase,qasm_gen_grouped,306,,,"N_Qubit inherited from the JW-mapped Hamiltonian (verified, see JW row). Cebule QASM_GEN basis-state-pair-grouping measurement scheme. Expected to require fewer or equal distinct circuits per iteration than plain 'pauli' measurement (that's QASM_GEN's whole purpose), but the exact circuit count is an output of a real QASM_GEN/TN_QC_OPT run, not predictable in advance -- see docs.mqs.dk QASM_GEN section.",94.161,67956.360
2373,H2O,0,1,10,qvSZP,grimme_qvszp,tn_qc_opt,34,yes,TN_QC_OPT (Cebule),COBYLA,,,3,3,full,pauli,306,,,"N_Qubit inherited from the JW-mapped Hamiltonian (verified, see JW row). Standard per-Pauli-string measurement (baseline).",94.161,68050.521
2374,H2O,0,1,10,qvSZP,grimme_qvszp,tn_qc_opt,34,yes,TN_QC_OPT (Cebule),COBYLA,,,3,3,full,qasm_gen_grouped,306,,,"N_Qubit inherited from the JW-mapped Hamiltonian (verified, see JW row). Cebule QASM_GEN basis-state-pair-grouping measurement scheme. Expected to require fewer or equal distinct circuits per iteration than plain 'pauli' measurement (that's QASM_GEN's whole purpose), but the exact circuit count is an output of a real QASM_GEN/TN_QC_OPT run, not predictable in advance -- see docs.mqs.dk QASM_GEN section.",94.161,68144.681
2375,H2O,0,1,10,qvSZP,grimme_qvszp,tn_qc_opt,34,yes,TN_QC_OPT (Cebule),COBYLA,,,3,3,phase,pauli,306,,,"N_Qubit inherited from the JW-mapped Hamiltonian (verified, see JW row). Standard per-Pauli-string measurement (baseline).",94.161,68238.842
2376,H2O,0,1,10,qvSZP,grimme_qvszp,tn_qc_opt,34,yes,TN_QC_OPT (Cebule),COBYLA,,,3,3,phase,qasm_gen_grouped,306,,,"N_Qubit inherited from the JW-mapped Hamiltonian (verified, see JW row). Cebule QASM_GEN basis-state-pair-grouping measurement scheme. Expected to require fewer or equal distinct circuits per iteration than plain 'pauli' measurement (that's QASM_GEN's whole purpose), but the exact circuit count is an output of a real QASM_GEN/TN_QC_OPT run, not predictable in advance -- see docs.mqs.dk QASM_GEN section.",94.161,68333.003
985,Li2,0,1,6,6-31g,basis_set_exchange,tn_qc_opt,36,yes,TN_QC_OPT (Cebule),COBYLA,,,0,3,n/a (no TN layers),pauli,324,,,"N_Qubit inherited from the JW-mapped Hamiltonian (verified, see JW row). TN_Layers_Network=0 is the paper's 'circuit only' baseline -- equivalent to plain VQE with this Hamiltonian encoding and no TN preprocessing. Standard per-Pauli-string measurement (baseline).",94.338,68427.340
986,Li2,0,1,6,6-31g,basis_set_exchange,tn_qc_opt,36,yes,TN_QC_OPT (Cebule),COBYLA,,,0,3,n/a (no TN layers),qasm_gen_grouped,324,,,"N_Qubit inherited from the JW-mapped Hamiltonian (verified, see JW row). TN_Layers_Network=0 is the paper's 'circuit only' baseline -- equivalent to plain VQE with this Hamiltonian encoding and no TN preprocessing. Cebule QASM_GEN basis-state-pair-grouping measurement scheme. Expected to require fewer or equal distinct circuits per iteration than plain 'pauli' measurement (that's QASM_GEN's whole purpose), but the exact circuit count is an output of a real QASM_GEN/TN_QC_OPT run, not predictable in advance -- see docs.mqs.dk QASM_GEN section.",94.338,68521.678
997,Li2,0,1,6,6-31g,basis_set_exchange,tn_qc_opt,36,yes,TN_QC_OPT (Cebule),COBYLA,,,1,3,full,pauli,324,,,"N_Qubit inherited from the JW-mapped Hamiltonian (verified, see JW row). Standard per-Pauli-string measurement (baseline).",94.338,68616.016
998,Li2,0,1,6,6-31g,basis_set_exchange,tn_qc_opt,36,yes,TN_QC_OPT (Cebule),COBYLA,,,1,3,full,qasm_gen_grouped,324,,,"N_Qubit inherited from the JW-mapped Hamiltonian (verified, see JW row). Cebule QASM_GEN basis-state-pair-grouping measurement scheme. Expected to require fewer or equal distinct circuits per iteration than plain 'pauli' measurement (that's QASM_GEN's whole purpose), but the exact circuit count is an output of a real QASM_GEN/TN_QC_OPT run, not predictable in advance -- see docs.mqs.dk QASM_GEN section.",94.338,68710.353
999,Li2,0,1,6,6-31g,basis_set_exchange,tn_qc_opt,36,yes,TN_QC_OPT (Cebule),COBYLA,,,1,3,phase,pauli,324,,,"N_Qubit inherited from the JW-mapped Hamiltonian (verified, see JW row). Standard per-Pauli-string measurement (baseline).",94.338,68804.691
1000,Li2,0,1,6,6-31g,basis_set_exchange,tn_qc_opt,36,yes,TN_QC_OPT (Cebule),COBYLA,,,1,3,phase,qasm_gen_grouped,324,,,"N_Qubit inherited from the JW-mapped Hamiltonian (verified, see JW row). Cebule QASM_GEN basis-state-pair-grouping measurement scheme. Expected to require fewer or equal distinct circuits per iteration than plain 'pauli' measurement (that's QASM_GEN's whole purpose), but the exact circuit count is an output of a real QASM_GEN/TN_QC_OPT run, not predictable in advance -- see docs.mqs.dk QASM_GEN section.",94.338,68899.028
1013,Li2,0,1,6,6-31g,basis_set_exchange,tn_qc_opt,36,yes,TN_QC_OPT (Cebule),COBYLA,,,2,3,full,pauli,324,,,"N_Qubit inherited from the JW-mapped Hamiltonian (verified, see JW row). Standard per-Pauli-string measurement (baseline).",94.338,68993.366
1014,Li2,0,1,6,6-31g,basis_set_exchange,tn_qc_opt,36,yes,TN_QC_OPT (Cebule),COBYLA,,,2,3,full,qasm_gen_grouped,324,,,"N_Qubit inherited from the JW-mapped Hamiltonian (verified, see JW row). Cebule QASM_GEN basis-state-pair-grouping measurement scheme. Expected to require fewer or equal distinct circuits per iteration than plain 'pauli' measurement (that's QASM_GEN's whole purpose), but the exact circuit count is an output of a real QASM_GEN/TN_QC_OPT run, not predictable in advance -- see docs.mqs.dk QASM_GEN section.",94.338,69087.703
1015,Li2,0,1,6,6-31g,basis_set_exchange,tn_qc_opt,36,yes,TN_QC_OPT (Cebule),COBYLA,,,2,3,phase,pauli,324,,,"N_Qubit inherited from the JW-mapped Hamiltonian (verified, see JW row). Standard per-Pauli-string measurement (baseline).",94.338,69182.041
1016,Li2,0,1,6,6-31g,basis_set_exchange,tn_qc_opt,36,yes,TN_QC_OPT (Cebule),COBYLA,,,2,3,phase,qasm_gen_grouped,324,,,"N_Qubit inherited from the JW-mapped Hamiltonian (verified, see JW row). Cebule QASM_GEN basis-state-pair-grouping measurement scheme. Expected to require fewer or equal distinct circuits per iteration than plain 'pauli' measurement (that's QASM_GEN's whole purpose), but the exact circuit count is an output of a real QASM_GEN/TN_QC_OPT run, not predictable in advance -- see docs.mqs.dk QASM_GEN section.",94.338,69276.379
1029,Li2,0,1,6,6-31g,basis_set_exchange,tn_qc_opt,36,yes,TN_QC_OPT (Cebule),COBYLA,,,3,3,full,pauli,324,,,"N_Qubit inherited from the JW-mapped Hamiltonian (verified, see JW row). Standard per-Pauli-string measurement (baseline).",94.338,69370.716
1030,Li2,0,1,6,6-31g,basis_set_exchange,tn_qc_opt,36,yes,TN_QC_OPT (Cebule),COBYLA,,,3,3,full,qasm_gen_grouped,324,,,"N_Qubit inherited from the JW-mapped Hamiltonian (verified, see JW row). Cebule QASM_GEN basis-state-pair-grouping measurement scheme. Expected to require fewer or equal distinct circuits per iteration than plain 'pauli' measurement (that's QASM_GEN's whole purpose), but the exact circuit count is an output of a real QASM_GEN/TN_QC_OPT run, not predictable in advance -- see docs.mqs.dk QASM_GEN section.",94.338,69465.054
1031,Li2,0,1,6,6-31g,basis_set_exchange,tn_qc_opt,36,yes,TN_QC_OPT (Cebule),COBYLA,,,3,3,phase,pauli,324,,,"N_Qubit inherited from the JW-mapped Hamiltonian (verified, see JW row). Standard per-Pauli-string measurement (baseline).",94.338,69559.391
1032,Li2,0,1,6,6-31g,basis_set_exchange,tn_qc_opt,36,yes,TN_QC_OPT (Cebule),COBYLA,,,3,3,phase,qasm_gen_grouped,324,,,"N_Qubit inherited from the JW-mapped Hamiltonian (verified, see JW row). Cebule QASM_GEN basis-state-pair-grouping measurement scheme. Expected to require fewer or equal distinct circuits per iteration than plain 'pauli' measurement (that's QASM_GEN's whole purpose), but the exact circuit count is an output of a real QASM_GEN/TN_QC_OPT run, not predictable in advance -- see docs.mqs.dk QASM_GEN section.",94.338,69653.729
1321,Li2,0,1,6,def2-svp,basis_set_exchange,tn_qc_opt,36,yes,TN_QC_OPT (Cebule),COBYLA,,,0,3,n/a (no TN layers),pauli,324,,,"N_Qubit inherited from the JW-mapped Hamiltonian (verified, see JW row). TN_Layers_Network=0 is the paper's 'circuit only' baseline -- equivalent to plain VQE with this Hamiltonian encoding and no TN preprocessing. Standard per-Pauli-string measurement (baseline).",94.338,69748.067
1322,Li2,0,1,6,def2-svp,basis_set_exchange,tn_qc_opt,36,yes,TN_QC_OPT (Cebule),COBYLA,,,0,3,n/a (no TN layers),qasm_gen_grouped,324,,,"N_Qubit inherited from the JW-mapped Hamiltonian (verified, see JW row). TN_Layers_Network=0 is the paper's 'circuit only' baseline -- equivalent to plain VQE with this Hamiltonian encoding and no TN preprocessing. Cebule QASM_GEN basis-state-pair-grouping measurement scheme. Expected to require fewer or equal distinct circuits per iteration than plain 'pauli' measurement (that's QASM_GEN's whole purpose), but the exact circuit count is an output of a real QASM_GEN/TN_QC_OPT run, not predictable in advance -- see docs.mqs.dk QASM_GEN section.",94.338,69842.404
1333,Li2,0,1,6,def2-svp,basis_set_exchange,tn_qc_opt,36,yes,TN_QC_OPT (Cebule),COBYLA,,,1,3,full,pauli,324,,,"N_Qubit inherited from the JW-mapped Hamiltonian (verified, see JW row). Standard per-Pauli-string measurement (baseline).",94.338,69936.742
1334,Li2,0,1,6,def2-svp,basis_set_exchange,tn_qc_opt,36,yes,TN_QC_OPT (Cebule),COBYLA,,,1,3,full,qasm_gen_grouped,324,,,"N_Qubit inherited from the JW-mapped Hamiltonian (verified, see JW row). Cebule QASM_GEN basis-state-pair-grouping measurement scheme. Expected to require fewer or equal distinct circuits per iteration than plain 'pauli' measurement (that's QASM_GEN's whole purpose), but the exact circuit count is an output of a real QASM_GEN/TN_QC_OPT run, not predictable in advance -- see docs.mqs.dk QASM_GEN section.",94.338,70031.079
1335,Li2,0,1,6,def2-svp,basis_set_exchange,tn_qc_opt,36,yes,TN_QC_OPT (Cebule),COBYLA,,,1,3,phase,pauli,324,,,"N_Qubit inherited from the JW-mapped Hamiltonian (verified, see JW row). Standard per-Pauli-string measurement (baseline).",94.338,70125.417
1336,Li2,0,1,6,def2-svp,basis_set_exchange,tn_qc_opt,36,yes,TN_QC_OPT (Cebule),COBYLA,,,1,3,phase,qasm_gen_grouped,324,,,"N_Qubit inherited from the JW-mapped Hamiltonian (verified, see JW row). Cebule QASM_GEN basis-state-pair-grouping measurement scheme. Expected to require fewer or equal distinct circuits per iteration than plain 'pauli' measurement (that's QASM_GEN's whole purpose), but the exact circuit count is an output of a real QASM_GEN/TN_QC_OPT run, not predictable in advance -- see docs.mqs.dk QASM_GEN section.",94.338,70219.754
1349,Li2,0,1,6,def2-svp,basis_set_exchange,tn_qc_opt,36,yes,TN_QC_OPT (Cebule),COBYLA,,,2,3,full,pauli,324,,,"N_Qubit inherited from the JW-mapped Hamiltonian (verified, see JW row). Standard per-Pauli-string measurement (baseline).",94.338,70314.092
1350,Li2,0,1,6,def2-svp,basis_set_exchange,tn_qc_opt,36,yes,TN_QC_OPT (Cebule),COBYLA,,,2,3,full,qasm_gen_grouped,324,,,"N_Qubit inherited from the JW-mapped Hamiltonian (verified, see JW row). Cebule QASM_GEN basis-state-pair-grouping measurement scheme. Expected to require fewer or equal distinct circuits per iteration than plain 'pauli' measurement (that's QASM_GEN's whole purpose), but the exact circuit count is an output of a real QASM_GEN/TN_QC_OPT run, not predictable in advance -- see docs.mqs.dk QASM_GEN section.",94.338,70408.430
1351,Li2,0,1,6,def2-svp,basis_set_exchange,tn_qc_opt,36,yes,TN_QC_OPT (Cebule),COBYLA,,,2,3,phase,pauli,324,,,"N_Qubit inherited from the JW-mapped Hamiltonian (verified, see JW row). Standard per-Pauli-string measurement (baseline).",94.338,70502.767
1352,Li2,0,1,6,def2-svp,basis_set_exchange,tn_qc_opt,36,yes,TN_QC_OPT (Cebule),COBYLA,,,2,3,phase,qasm_gen_grouped,324,,,"N_Qubit inherited from the JW-mapped Hamiltonian (verified, see JW row). Cebule QASM_GEN basis-state-pair-grouping measurement scheme. Expected to require fewer or equal distinct circuits per iteration than plain 'pauli' measurement (that's QASM_GEN's whole purpose), but the exact circuit count is an output of a real QASM_GEN/TN_QC_OPT run, not predictable in advance -- see docs.mqs.dk QASM_GEN section.",94.338,70597.105
1365,Li2,0,1,6,def2-svp,basis_set_exchange,tn_qc_opt,36,yes,TN_QC_OPT (Cebule),COBYLA,,,3,3,full,pauli,324,,,"N_Qubit inherited from the JW-mapped Hamiltonian (verified, see JW row). Standard per-Pauli-string measurement (baseline).",94.338,70691.442
1366,Li2,0,1,6,def2-svp,basis_set_exchange,tn_qc_opt,36,yes,TN_QC_OPT (Cebule),COBYLA,,,3,3,full,qasm_gen_grouped,324,,,"N_Qubit inherited from the JW-mapped Hamiltonian (verified, see JW row). Cebule QASM_GEN basis-state-pair-grouping measurement scheme. Expected to require fewer or equal distinct circuits per iteration than plain 'pauli' measurement (that's QASM_GEN's whole purpose), but the exact circuit count is an output of a real QASM_GEN/TN_QC_OPT run, not predictable in advance -- see docs.mqs.dk QASM_GEN section.",94.338,70785.780
1367,Li2,0,1,6,def2-svp,basis_set_exchange,tn_qc_opt,36,yes,TN_QC_OPT (Cebule),COBYLA,,,3,3,phase,pauli,324,,,"N_Qubit inherited from the JW-mapped Hamiltonian (verified, see JW row). Standard per-Pauli-string measurement (baseline).",94.338,70880.118
1368,Li2,0,1,6,def2-svp,basis_set_exchange,tn_qc_opt,36,yes,TN_QC_OPT (Cebule),COBYLA,,,3,3,phase,qasm_gen_grouped,324,,,"N_Qubit inherited from the JW-mapped Hamiltonian (verified, see JW row). Cebule QASM_GEN basis-state-pair-grouping measurement scheme. Expected to require fewer or equal distinct circuits per iteration than plain 'pauli' measurement (that's QASM_GEN's whole purpose), but the exact circuit count is an output of a real QASM_GEN/TN_QC_OPT run, not predictable in advance -- see docs.mqs.dk QASM_GEN section.",94.338,70974.455
1545,Li2,0,1,6,qvSZP,grimme_qvszp,tn_qc_opt,36,yes,TN_QC_OPT (Cebule),COBYLA,,,0,3,n/a (no TN layers),pauli,324,,,"N_Qubit inherited from the JW-mapped Hamiltonian (verified, see JW row). TN_Layers_Network=0 is the paper's 'circuit only' baseline -- equivalent to plain VQE with this Hamiltonian encoding and no TN preprocessing. Standard per-Pauli-string measurement (baseline).",94.338,71068.793
1546,Li2,0,1,6,qvSZP,grimme_qvszp,tn_qc_opt,36,yes,TN_QC_OPT (Cebule),COBYLA,,,0,3,n/a (no TN layers),qasm_gen_grouped,324,,,"N_Qubit inherited from the JW-mapped Hamiltonian (verified, see JW row). TN_Layers_Network=0 is the paper's 'circuit only' baseline -- equivalent to plain VQE with this Hamiltonian encoding and no TN preprocessing. Cebule QASM_GEN basis-state-pair-grouping measurement scheme. Expected to require fewer or equal distinct circuits per iteration than plain 'pauli' measurement (that's QASM_GEN's whole purpose), but the exact circuit count is an output of a real QASM_GEN/TN_QC_OPT run, not predictable in advance -- see docs.mqs.dk QASM_GEN section.",94.338,71163.130
1557,Li2,0,1,6,qvSZP,grimme_qvszp,tn_qc_opt,36,yes,TN_QC_OPT (Cebule),COBYLA,,,1,3,full,pauli,324,,,"N_Qubit inherited from the JW-mapped Hamiltonian (verified, see JW row). Standard per-Pauli-string measurement (baseline).",94.338,71257.468
1558,Li2,0,1,6,qvSZP,grimme_qvszp,tn_qc_opt,36,yes,TN_QC_OPT (Cebule),COBYLA,,,1,3,full,qasm_gen_grouped,324,,,"N_Qubit inherited from the JW-mapped Hamiltonian (verified, see JW row). Cebule QASM_GEN basis-state-pair-grouping measurement scheme. Expected to require fewer or equal distinct circuits per iteration than plain 'pauli' measurement (that's QASM_GEN's whole purpose), but the exact circuit count is an output of a real QASM_GEN/TN_QC_OPT run, not predictable in advance -- see docs.mqs.dk QASM_GEN section.",94.338,71351.806
1559,Li2,0,1,6,qvSZP,grimme_qvszp,tn_qc_opt,36,yes,TN_QC_OPT (Cebule),COBYLA,,,1,3,phase,pauli,324,,,"N_Qubit inherited from the JW-mapped Hamiltonian (verified, see JW row). Standard per-Pauli-string measurement (baseline).",94.338,71446.143
1560,Li2,0,1,6,qvSZP,grimme_qvszp,tn_qc_opt,36,yes,TN_QC_OPT (Cebule),COBYLA,,,1,3,phase,qasm_gen_grouped,324,,,"N_Qubit inherited from the JW-mapped Hamiltonian (verified, see JW row). Cebule QASM_GEN basis-state-pair-grouping measurement scheme. Expected to require fewer or equal distinct circuits per iteration than plain 'pauli' measurement (that's QASM_GEN's whole purpose), but the exact circuit count is an output of a real QASM_GEN/TN_QC_OPT run, not predictable in advance -- see docs.mqs.dk QASM_GEN section.",94.338,71540.481
1573,Li2,0,1,6,qvSZP,grimme_qvszp,tn_qc_opt,36,yes,TN_QC_OPT (Cebule),COBYLA,,,2,3,full,pauli,324,,,"N_Qubit inherited from the JW-mapped Hamiltonian (verified, see JW row). Standard per-Pauli-string measurement (baseline).",94.338,71634.818
1574,Li2,0,1,6,qvSZP,grimme_qvszp,tn_qc_opt,36,yes,TN_QC_OPT (Cebule),COBYLA,,,2,3,full,qasm_gen_grouped,324,,,"N_Qubit inherited from the JW-mapped Hamiltonian (verified, see JW row). Cebule QASM_GEN basis-state-pair-grouping measurement scheme. Expected to require fewer or equal distinct circuits per iteration than plain 'pauli' measurement (that's QASM_GEN's whole purpose), but the exact circuit count is an output of a real QASM_GEN/TN_QC_OPT run, not predictable in advance -- see docs.mqs.dk QASM_GEN section.",94.338,71729.156
1575,Li2,0,1,6,qvSZP,grimme_qvszp,tn_qc_opt,36,yes,TN_QC_OPT (Cebule),COBYLA,,,2,3,phase,pauli,324,,,"N_Qubit inherited from the JW-mapped Hamiltonian (verified, see JW row). Standard per-Pauli-string measurement (baseline).",94.338,71823.493
1576,Li2,0,1,6,qvSZP,grimme_qvszp,tn_qc_opt,36,yes,TN_QC_OPT (Cebule),COBYLA,,,2,3,phase,qasm_gen_grouped,324,,,"N_Qubit inherited from the JW-mapped Hamiltonian (verified, see JW row). Cebule QASM_GEN basis-state-pair-grouping measurement scheme. Expected to require fewer or equal distinct circuits per iteration than plain 'pauli' measurement (that's QASM_GEN's whole purpose), but the exact circuit count is an output of a real QASM_GEN/TN_QC_OPT run, not predictable in advance -- see docs.mqs.dk QASM_GEN section.",94.338,71917.831
1589,Li2,0,1,6,qvSZP,grimme_qvszp,tn_qc_opt,36,yes,TN_QC_OPT (Cebule),COBYLA,,,3,3,full,pauli,324,,,"N_Qubit inherited from the JW-mapped Hamiltonian (verified, see JW row). Standard per-Pauli-string measurement (baseline).",94.338,72012.169
1590,Li2,0,1,6,qvSZP,grimme_qvszp,tn_qc_opt,36,yes,TN_QC_OPT (Cebule),COBYLA,,,3,3,full,qasm_gen_grouped,324,,,"N_Qubit inherited from the JW-mapped Hamiltonian (verified, see JW row). Cebule QASM_GEN basis-state-pair-grouping measurement scheme. Expected to require fewer or equal distinct circuits per iteration than plain 'pauli' measurement (that's QASM_GEN's whole purpose), but the exact circuit count is an output of a real QASM_GEN/TN_QC_OPT run, not predictable in advance -- see docs.mqs.dk QASM_GEN section.",94.338,72106.506
1591,Li2,0,1,6,qvSZP,grimme_qvszp,tn_qc_opt,36,yes,TN_QC_OPT (Cebule),COBYLA,,,3,3,phase,pauli,324,,,"N_Qubit inherited from the JW-mapped Hamiltonian (verified, see JW row). Standard per-Pauli-string measurement (baseline).",94.338,72200.844
1592,Li2,0,1,6,qvSZP,grimme_qvszp,tn_qc_opt,36,yes,TN_QC_OPT (Cebule),COBYLA,,,3,3,phase,qasm_gen_grouped,324,,,"N_Qubit inherited from the JW-mapped Hamiltonian (verified, see JW row). Cebule QASM_GEN basis-state-pair-grouping measurement scheme. Expected to require fewer or equal distinct circuits per iteration than plain 'pauli' measurement (that's QASM_GEN's whole purpose), but the exact circuit count is an output of a real QASM_GEN/TN_QC_OPT run, not predictable in advance -- see docs.mqs.dk QASM_GEN section.",94.338,72295.181
2331,H2O,0,1,10,qvSZP,grimme_qvszp,tn_qc_opt,34,yes,TN_QC_OPT (Cebule),COBYLA,,,0,4,n/a (no TN layers),pauli,408,,,"N_Qubit inherited from the JW-mapped Hamiltonian (verified, see JW row). TN_Layers_Network=0 is the paper's 'circuit only' baseline -- equivalent to plain VQE with this Hamiltonian encoding and no TN preprocessing. Standard per-Pauli-string measurement (baseline).",94.338,72389.519
2332,H2O,0,1,10,qvSZP,grimme_qvszp,tn_qc_opt,34,yes,TN_QC_OPT (Cebule),COBYLA,,,0,4,n/a (no TN layers),qasm_gen_grouped,408,,,"N_Qubit inherited from the JW-mapped Hamiltonian (verified, see JW row). TN_Layers_Network=0 is the paper's 'circuit only' baseline -- equivalent to plain VQE with this Hamiltonian encoding and no TN preprocessing. Cebule QASM_GEN basis-state-pair-grouping measurement scheme. Expected to require fewer or equal distinct circuits per iteration than plain 'pauli' measurement (that's QASM_GEN's whole purpose), but the exact circuit count is an output of a real QASM_GEN/TN_QC_OPT run, not predictable in advance -- see docs.mqs.dk QASM_GEN section.",94.338,72483.857
2345,H2O,0,1,10,qvSZP,grimme_qvszp,tn_qc_opt,34,yes,TN_QC_OPT (Cebule),COBYLA,,,1,4,full,pauli,408,,,"N_Qubit inherited from the JW-mapped Hamiltonian (verified, see JW row). Standard per-Pauli-string measurement (baseline).",94.338,72578.194
2346,H2O,0,1,10,qvSZP,grimme_qvszp,tn_qc_opt,34,yes,TN_QC_OPT (Cebule),COBYLA,,,1,4,full,qasm_gen_grouped,408,,,"N_Qubit inherited from the JW-mapped Hamiltonian (verified, see JW row). Cebule QASM_GEN basis-state-pair-grouping measurement scheme. Expected to require fewer or equal distinct circuits per iteration than plain 'pauli' measurement (that's QASM_GEN's whole purpose), but the exact circuit count is an output of a real QASM_GEN/TN_QC_OPT run, not predictable in advance -- see docs.mqs.dk QASM_GEN section.",94.338,72672.532
2347,H2O,0,1,10,qvSZP,grimme_qvszp,tn_qc_opt,34,yes,TN_QC_OPT (Cebule),COBYLA,,,1,4,phase,pauli,408,,,"N_Qubit inherited from the JW-mapped Hamiltonian (verified, see JW row). Standard per-Pauli-string measurement (baseline).",94.338,72766.869
2348,H2O,0,1,10,qvSZP,grimme_qvszp,tn_qc_opt,34,yes,TN_QC_OPT (Cebule),COBYLA,,,1,4,phase,qasm_gen_grouped,408,,,"N_Qubit inherited from the JW-mapped Hamiltonian (verified, see JW row). Cebule QASM_GEN basis-state-pair-grouping measurement scheme. Expected to require fewer or equal distinct circuits per iteration than plain 'pauli' measurement (that's QASM_GEN's whole purpose), but the exact circuit count is an output of a real QASM_GEN/TN_QC_OPT run, not predictable in advance -- see docs.mqs.dk QASM_GEN section.",94.338,72861.207
2361,H2O,0,1,10,qvSZP,grimme_qvszp,tn_qc_opt,34,yes,TN_QC_OPT (Cebule),COBYLA,,,2,4,full,pauli,408,,,"N_Qubit inherited from the JW-mapped Hamiltonian (verified, see JW row). Standard per-Pauli-string measurement (baseline).",94.338,72955.545
2362,H2O,0,1,10,qvSZP,grimme_qvszp,tn_qc_opt,34,yes,TN_QC_OPT (Cebule),COBYLA,,,2,4,full,qasm_gen_grouped,408,,,"N_Qubit inherited from the JW-mapped Hamiltonian (verified, see JW row). Cebule QASM_GEN basis-state-pair-grouping measurement scheme. Expected to require fewer or equal distinct circuits per iteration than plain 'pauli' measurement (that's QASM_GEN's whole purpose), but the exact circuit count is an output of a real QASM_GEN/TN_QC_OPT run, not predictable in advance -- see docs.mqs.dk QASM_GEN section.",94.338,73049.882
2363,H2O,0,1,10,qvSZP,grimme_qvszp,tn_qc_opt,34,yes,TN_QC_OPT (Cebule),COBYLA,,,2,4,phase,pauli,408,,,"N_Qubit inherited from the JW-mapped Hamiltonian (verified, see JW row). Standard per-Pauli-string measurement (baseline).",94.338,73144.220
2364,H2O,0,1,10,qvSZP,grimme_qvszp,tn_qc_opt,34,yes,TN_QC_OPT (Cebule),COBYLA,,,2,4,phase,qasm_gen_grouped,408,,,"N_Qubit inherited from the JW-mapped Hamiltonian (verified, see JW row). Cebule QASM_GEN basis-state-pair-grouping measurement scheme. Expected to require fewer or equal distinct circuits per iteration than plain 'pauli' measurement (that's QASM_GEN's whole purpose), but the exact circuit count is an output of a real QASM_GEN/TN_QC_OPT run, not predictable in advance -- see docs.mqs.dk QASM_GEN section.",94.338,73238.557
2377,H2O,0,1,10,qvSZP,grimme_qvszp,tn_qc_opt,34,yes,TN_QC_OPT (Cebule),COBYLA,,,3,4,full,pauli,408,,,"N_Qubit inherited from the JW-mapped Hamiltonian (verified, see JW row). Standard per-Pauli-string measurement (baseline).",94.338,73332.895
2378,H2O,0,1,10,qvSZP,grimme_qvszp,tn_qc_opt,34,yes,TN_QC_OPT (Cebule),COBYLA,,,3,4,full,qasm_gen_grouped,408,,,"N_Qubit inherited from the JW-mapped Hamiltonian (verified, see JW row). Cebule QASM_GEN basis-state-pair-grouping measurement scheme. Expected to require fewer or equal distinct circuits per iteration than plain 'pauli' measurement (that's QASM_GEN's whole purpose), but the exact circuit count is an output of a real QASM_GEN/TN_QC_OPT run, not predictable in advance -- see docs.mqs.dk QASM_GEN section.",94.338,73427.232
2379,H2O,0,1,10,qvSZP,grimme_qvszp,tn_qc_opt,34,yes,TN_QC_OPT (Cebule),COBYLA,,,3,4,phase,pauli,408,,,"N_Qubit inherited from the JW-mapped Hamiltonian (verified, see JW row). Standard per-Pauli-string measurement (baseline).",94.338,73521.570
2380,H2O,0,1,10,qvSZP,grimme_qvszp,tn_qc_opt,34,yes,TN_QC_OPT (Cebule),COBYLA,,,3,4,phase,qasm_gen_grouped,408,,,"N_Qubit inherited from the JW-mapped Hamiltonian (verified, see JW row). Cebule QASM_GEN basis-state-pair-grouping measurement scheme. Expected to require fewer or equal distinct circuits per iteration than plain 'pauli' measurement (that's QASM_GEN's whole purpose), but the exact circuit count is an output of a real QASM_GEN/TN_QC_OPT run, not predictable in advance -- see docs.mqs.dk QASM_GEN section.",94.338,73615.908
987,Li2,0,1,6,6-31g,basis_set_exchange,tn_qc_opt,36,yes,TN_QC_OPT (Cebule),COBYLA,,,0,4,n/a (no TN layers),pauli,432,,,"N_Qubit inherited from the JW-mapped Hamiltonian (verified, see JW row). TN_Layers_Network=0 is the paper's 'circuit only' baseline -- equivalent to plain VQE with this Hamiltonian encoding and no TN preprocessing. Standard per-Pauli-string measurement (baseline).",94.515,73710.422
988,Li2,0,1,6,6-31g,basis_set_exchange,tn_qc_opt,36,yes,TN_QC_OPT (Cebule),COBYLA,,,0,4,n/a (no TN layers),qasm_gen_grouped,432,,,"N_Qubit inherited from the JW-mapped Hamiltonian (verified, see JW row). TN_Layers_Network=0 is the paper's 'circuit only' baseline -- equivalent to plain VQE with this Hamiltonian encoding and no TN preprocessing. Cebule QASM_GEN basis-state-pair-grouping measurement scheme. Expected to require fewer or equal distinct circuits per iteration than plain 'pauli' measurement (that's QASM_GEN's whole purpose), but the exact circuit count is an output of a real QASM_GEN/TN_QC_OPT run, not predictable in advance -- see docs.mqs.dk QASM_GEN section.",94.515,73804.937
1001,Li2,0,1,6,6-31g,basis_set_exchange,tn_qc_opt,36,yes,TN_QC_OPT (Cebule),COBYLA,,,1,4,full,pauli,432,,,"N_Qubit inherited from the JW-mapped Hamiltonian (verified, see JW row). Standard per-Pauli-string measurement (baseline).",94.515,73899.451
1002,Li2,0,1,6,6-31g,basis_set_exchange,tn_qc_opt,36,yes,TN_QC_OPT (Cebule),COBYLA,,,1,4,full,qasm_gen_grouped,432,,,"N_Qubit inherited from the JW-mapped Hamiltonian (verified, see JW row). Cebule QASM_GEN basis-state-pair-grouping measurement scheme. Expected to require fewer or equal distinct circuits per iteration than plain 'pauli' measurement (that's QASM_GEN's whole purpose), but the exact circuit count is an output of a real QASM_GEN/TN_QC_OPT run, not predictable in advance -- see docs.mqs.dk QASM_GEN section.",94.515,73993.966
1003,Li2,0,1,6,6-31g,basis_set_exchange,tn_qc_opt,36,yes,TN_QC_OPT (Cebule),COBYLA,,,1,4,phase,pauli,432,,,"N_Qubit inherited from the JW-mapped Hamiltonian (verified, see JW row). Standard per-Pauli-string measurement (baseline).",94.515,74088.480
1004,Li2,0,1,6,6-31g,basis_set_exchange,tn_qc_opt,36,yes,TN_QC_OPT (Cebule),COBYLA,,,1,4,phase,qasm_gen_grouped,432,,,"N_Qubit inherited from the JW-mapped Hamiltonian (verified, see JW row). Cebule QASM_GEN basis-state-pair-grouping measurement scheme. Expected to require fewer or equal distinct circuits per iteration than plain 'pauli' measurement (that's QASM_GEN's whole purpose), but the exact circuit count is an output of a real QASM_GEN/TN_QC_OPT run, not predictable in advance -- see docs.mqs.dk QASM_GEN section.",94.515,74182.995
1017,Li2,0,1,6,6-31g,basis_set_exchange,tn_qc_opt,36,yes,TN_QC_OPT (Cebule),COBYLA,,,2,4,full,pauli,432,,,"N_Qubit inherited from the JW-mapped Hamiltonian (verified, see JW row). Standard per-Pauli-string measurement (baseline).",94.515,74277.509
1018,Li2,0,1,6,6-31g,basis_set_exchange,tn_qc_opt,36,yes,TN_QC_OPT (Cebule),COBYLA,,,2,4,full,qasm_gen_grouped,432,,,"N_Qubit inherited from the JW-mapped Hamiltonian (verified, see JW row). Cebule QASM_GEN basis-state-pair-grouping measurement scheme. Expected to require fewer or equal distinct circuits per iteration than plain 'pauli' measurement (that's QASM_GEN's whole purpose), but the exact circuit count is an output of a real QASM_GEN/TN_QC_OPT run, not predictable in advance -- see docs.mqs.dk QASM_GEN section.",94.515,74372.024
1019,Li2,0,1,6,6-31g,basis_set_exchange,tn_qc_opt,36,yes,TN_QC_OPT (Cebule),COBYLA,,,2,4,phase,pauli,432,,,"N_Qubit inherited from the JW-mapped Hamiltonian (verified, see JW row). Standard per-Pauli-string measurement (baseline).",94.515,74466.538
1020,Li2,0,1,6,6-31g,basis_set_exchange,tn_qc_opt,36,yes,TN_QC_OPT (Cebule),COBYLA,,,2,4,phase,qasm_gen_grouped,432,,,"N_Qubit inherited from the JW-mapped Hamiltonian (verified, see JW row). Cebule QASM_GEN basis-state-pair-grouping measurement scheme. Expected to require fewer or equal distinct circuits per iteration than plain 'pauli' measurement (that's QASM_GEN's whole purpose), but the exact circuit count is an output of a real QASM_GEN/TN_QC_OPT run, not predictable in advance -- see docs.mqs.dk QASM_GEN section.",94.515,74561.053
1033,Li2,0,1,6,6-31g,basis_set_exchange,tn_qc_opt,36,yes,TN_QC_OPT (Cebule),COBYLA,,,3,4,full,pauli,432,,,"N_Qubit inherited from the JW-mapped Hamiltonian (verified, see JW row). Standard per-Pauli-string measurement (baseline).",94.515,74655.568
1034,Li2,0,1,6,6-31g,basis_set_exchange,tn_qc_opt,36,yes,TN_QC_OPT (Cebule),COBYLA,,,3,4,full,qasm_gen_grouped,432,,,"N_Qubit inherited from the JW-mapped Hamiltonian (verified, see JW row). Cebule QASM_GEN basis-state-pair-grouping measurement scheme. Expected to require fewer or equal distinct circuits per iteration than plain 'pauli' measurement (that's QASM_GEN's whole purpose), but the exact circuit count is an output of a real QASM_GEN/TN_QC_OPT run, not predictable in advance -- see docs.mqs.dk QASM_GEN section.",94.515,74750.082
1035,Li2,0,1,6,6-31g,basis_set_exchange,tn_qc_opt,36,yes,TN_QC_OPT (Cebule),COBYLA,,,3,4,phase,pauli,432,,,"N_Qubit inherited from the JW-mapped Hamiltonian (verified, see JW row). Standard per-Pauli-string measurement (baseline).",94.515,74844.597
1036,Li2,0,1,6,6-31g,basis_set_exchange,tn_qc_opt,36,yes,TN_QC_OPT (Cebule),COBYLA,,,3,4,phase,qasm_gen_grouped,432,,,"N_Qubit inherited from the JW-mapped Hamiltonian (verified, see JW row). Cebule QASM_GEN basis-state-pair-grouping measurement scheme. Expected to require fewer or equal distinct circuits per iteration than plain 'pauli' measurement (that's QASM_GEN's whole purpose), but the exact circuit count is an output of a real QASM_GEN/TN_QC_OPT run, not predictable in advance -- see docs.mqs.dk QASM_GEN section.",94.515,74939.111
1323,Li2,0,1,6,def2-svp,basis_set_exchange,tn_qc_opt,36,yes,TN_QC_OPT (Cebule),COBYLA,,,0,4,n/a (no TN layers),pauli,432,,,"N_Qubit inherited from the JW-mapped Hamiltonian (verified, see JW row). TN_Layers_Network=0 is the paper's 'circuit only' baseline -- equivalent to plain VQE with this Hamiltonian encoding and no TN preprocessing. Standard per-Pauli-string measurement (baseline).",94.515,75033.626
1324,Li2,0,1,6,def2-svp,basis_set_exchange,tn_qc_opt,36,yes,TN_QC_OPT (Cebule),COBYLA,,,0,4,n/a (no TN layers),qasm_gen_grouped,432,,,"N_Qubit inherited from the JW-mapped Hamiltonian (verified, see JW row). TN_Layers_Network=0 is the paper's 'circuit only' baseline -- equivalent to plain VQE with this Hamiltonian encoding and no TN preprocessing. Cebule QASM_GEN basis-state-pair-grouping measurement scheme. Expected to require fewer or equal distinct circuits per iteration than plain 'pauli' measurement (that's QASM_GEN's whole purpose), but the exact circuit count is an output of a real QASM_GEN/TN_QC_OPT run, not predictable in advance -- see docs.mqs.dk QASM_GEN section.",94.515,75128.140
1337,Li2,0,1,6,def2-svp,basis_set_exchange,tn_qc_opt,36,yes,TN_QC_OPT (Cebule),COBYLA,,,1,4,full,pauli,432,,,"N_Qubit inherited from the JW-mapped Hamiltonian (verified, see JW row). Standard per-Pauli-string measurement (baseline).",94.515,75222.655
1338,Li2,0,1,6,def2-svp,basis_set_exchange,tn_qc_opt,36,yes,TN_QC_OPT (Cebule),COBYLA,,,1,4,full,qasm_gen_grouped,432,,,"N_Qubit inherited from the JW-mapped Hamiltonian (verified, see JW row). Cebule QASM_GEN basis-state-pair-grouping measurement scheme. Expected to require fewer or equal distinct circuits per iteration than plain 'pauli' measurement (that's QASM_GEN's whole purpose), but the exact circuit count is an output of a real QASM_GEN/TN_QC_OPT run, not predictable in advance -- see docs.mqs.dk QASM_GEN section.",94.515,75317.169
1339,Li2,0,1,6,def2-svp,basis_set_exchange,tn_qc_opt,36,yes,TN_QC_OPT (Cebule),COBYLA,,,1,4,phase,pauli,432,,,"N_Qubit inherited from the JW-mapped Hamiltonian (verified, see JW row). Standard per-Pauli-string measurement (baseline).",94.515,75411.684
1340,Li2,0,1,6,def2-svp,basis_set_exchange,tn_qc_opt,36,yes,TN_QC_OPT (Cebule),COBYLA,,,1,4,phase,qasm_gen_grouped,432,,,"N_Qubit inherited from the JW-mapped Hamiltonian (verified, see JW row). Cebule QASM_GEN basis-state-pair-grouping measurement scheme. Expected to require fewer or equal distinct circuits per iteration than plain 'pauli' measurement (that's QASM_GEN's whole purpose), but the exact circuit count is an output of a real QASM_GEN/TN_QC_OPT run, not predictable in advance -- see docs.mqs.dk QASM_GEN section.",94.515,75506.198
1353,Li2,0,1,6,def2-svp,basis_set_exchange,tn_qc_opt,36,yes,TN_QC_OPT (Cebule),COBYLA,,,2,4,full,pauli,432,,,"N_Qubit inherited from the JW-mapped Hamiltonian (verified, see JW row). Standard per-Pauli-string measurement (baseline).",94.515,75600.713
1354,Li2,0,1,6,def2-svp,basis_set_exchange,tn_qc_opt,36,yes,TN_QC_OPT (Cebule),COBYLA,,,2,4,full,qasm_gen_grouped,432,,,"N_Qubit inherited from the JW-mapped Hamiltonian (verified, see JW row). Cebule QASM_GEN basis-state-pair-grouping measurement scheme. Expected to require fewer or equal distinct circuits per iteration than plain 'pauli' measurement (that's QASM_GEN's whole purpose), but the exact circuit count is an output of a real QASM_GEN/TN_QC_OPT run, not predictable in advance -- see docs.mqs.dk QASM_GEN section.",94.515,75695.227
1355,Li2,0,1,6,def2-svp,basis_set_exchange,tn_qc_opt,36,yes,TN_QC_OPT (Cebule),COBYLA,,,2,4,phase,pauli,432,,,"N_Qubit inherited from the JW-mapped Hamiltonian (verified, see JW row). Standard per-Pauli-string measurement (baseline).",94.515,75789.742
1356,Li2,0,1,6,def2-svp,basis_set_exchange,tn_qc_opt,36,yes,TN_QC_OPT (Cebule),COBYLA,,,2,4,phase,qasm_gen_grouped,432,,,"N_Qubit inherited from the JW-mapped Hamiltonian (verified, see JW row). Cebule QASM_GEN basis-state-pair-grouping measurement scheme. Expected to require fewer or equal distinct circuits per iteration than plain 'pauli' measurement (that's QASM_GEN's whole purpose), but the exact circuit count is an output of a real QASM_GEN/TN_QC_OPT run, not predictable in advance -- see docs.mqs.dk QASM_GEN section.",94.515,75884.256
1369,Li2,0,1,6,def2-svp,basis_set_exchange,tn_qc_opt,36,yes,TN_QC_OPT (Cebule),COBYLA,,,3,4,full,pauli,432,,,"N_Qubit inherited from the JW-mapped Hamiltonian (verified, see JW row). Standard per-Pauli-string measurement (baseline).",94.515,75978.771
1370,Li2,0,1,6,def2-svp,basis_set_exchange,tn_qc_opt,36,yes,TN_QC_OPT (Cebule),COBYLA,,,3,4,full,qasm_gen_grouped,432,,,"N_Qubit inherited from the JW-mapped Hamiltonian (verified, see JW row). Cebule QASM_GEN basis-state-pair-grouping measurement scheme. Expected to require fewer or equal distinct circuits per iteration than plain 'pauli' measurement (that's QASM_GEN's whole purpose), but the exact circuit count is an output of a real QASM_GEN/TN_QC_OPT run, not predictable in advance -- see docs.mqs.dk QASM_GEN section.",94.515,76073.286
1371,Li2,0,1,6,def2-svp,basis_set_exchange,tn_qc_opt,36,yes,TN_QC_OPT (Cebule),COBYLA,,,3,4,phase,pauli,432,,,"N_Qubit inherited from the JW-mapped Hamiltonian (verified, see JW row). Standard per-Pauli-string measurement (baseline).",94.515,76167.800
1372,Li2,0,1,6,def2-svp,basis_set_exchange,tn_qc_opt,36,yes,TN_QC_OPT (Cebule),COBYLA,,,3,4,phase,qasm_gen_grouped,432,,,"N_Qubit inherited from the JW-mapped Hamiltonian (verified, see JW row). Cebule QASM_GEN basis-state-pair-grouping measurement scheme. Expected to require fewer or equal distinct circuits per iteration than plain 'pauli' measurement (that's QASM_GEN's whole purpose), but the exact circuit count is an output of a real QASM_GEN/TN_QC_OPT run, not predictable in advance -- see docs.mqs.dk QASM_GEN section.",94.515,76262.315
1547,Li2,0,1,6,qvSZP,grimme_qvszp,tn_qc_opt,36,yes,TN_QC_OPT (Cebule),COBYLA,,,0,4,n/a (no TN layers),pauli,432,,,"N_Qubit inherited from the JW-mapped Hamiltonian (verified, see JW row). TN_Layers_Network=0 is the paper's 'circuit only' baseline -- equivalent to plain VQE with this Hamiltonian encoding and no TN preprocessing. Standard per-Pauli-string measurement (baseline).",94.515,76356.829
1548,Li2,0,1,6,qvSZP,grimme_qvszp,tn_qc_opt,36,yes,TN_QC_OPT (Cebule),COBYLA,,,0,4,n/a (no TN layers),qasm_gen_grouped,432,,,"N_Qubit inherited from the JW-mapped Hamiltonian (verified, see JW row). TN_Layers_Network=0 is the paper's 'circuit only' baseline -- equivalent to plain VQE with this Hamiltonian encoding and no TN preprocessing. Cebule QASM_GEN basis-state-pair-grouping measurement scheme. Expected to require fewer or equal distinct circuits per iteration than plain 'pauli' measurement (that's QASM_GEN's whole purpose), but the exact circuit count is an output of a real QASM_GEN/TN_QC_OPT run, not predictable in advance -- see docs.mqs.dk QASM_GEN section.",94.515,76451.344
1561,Li2,0,1,6,qvSZP,grimme_qvszp,tn_qc_opt,36,yes,TN_QC_OPT (Cebule),COBYLA,,,1,4,full,pauli,432,,,"N_Qubit inherited from the JW-mapped Hamiltonian (verified, see JW row). Standard per-Pauli-string measurement (baseline).",94.515,76545.858
1562,Li2,0,1,6,qvSZP,grimme_qvszp,tn_qc_opt,36,yes,TN_QC_OPT (Cebule),COBYLA,,,1,4,full,qasm_gen_grouped,432,,,"N_Qubit inherited from the JW-mapped Hamiltonian (verified, see JW row). Cebule QASM_GEN basis-state-pair-grouping measurement scheme. Expected to require fewer or equal distinct circuits per iteration than plain 'pauli' measurement (that's QASM_GEN's whole purpose), but the exact circuit count is an output of a real QASM_GEN/TN_QC_OPT run, not predictable in advance -- see docs.mqs.dk QASM_GEN section.",94.515,76640.373
1563,Li2,0,1,6,qvSZP,grimme_qvszp,tn_qc_opt,36,yes,TN_QC_OPT (Cebule),COBYLA,,,1,4,phase,pauli,432,,,"N_Qubit inherited from the JW-mapped Hamiltonian (verified, see JW row). Standard per-Pauli-string measurement (baseline).",94.515,76734.887
1564,Li2,0,1,6,qvSZP,grimme_qvszp,tn_qc_opt,36,yes,TN_QC_OPT (Cebule),COBYLA,,,1,4,phase,qasm_gen_grouped,432,,,"N_Qubit inherited from the JW-mapped Hamiltonian (verified, see JW row). Cebule QASM_GEN basis-state-pair-grouping measurement scheme. Expected to require fewer or equal distinct circuits per iteration than plain 'pauli' measurement (that's QASM_GEN's whole purpose), but the exact circuit count is an output of a real QASM_GEN/TN_QC_OPT run, not predictable in advance -- see docs.mqs.dk QASM_GEN section.",94.515,76829.402
1577,Li2,0,1,6,qvSZP,grimme_qvszp,tn_qc_opt,36,yes,TN_QC_OPT (Cebule),COBYLA,,,2,4,full,pauli,432,,,"N_Qubit inherited from the JW-mapped Hamiltonian (verified, see JW row). Standard per-Pauli-string measurement (baseline).",94.515,76923.916
1578,Li2,0,1,6,qvSZP,grimme_qvszp,tn_qc_opt,36,yes,TN_QC_OPT (Cebule),COBYLA,,,2,4,full,qasm_gen_grouped,432,,,"N_Qubit inherited from the JW-mapped Hamiltonian (verified, see JW row). Cebule QASM_GEN basis-state-pair-grouping measurement scheme. Expected to require fewer or equal distinct circuits per iteration than plain 'pauli' measurement (that's QASM_GEN's whole purpose), but the exact circuit count is an output of a real QASM_GEN/TN_QC_OPT run, not predictable in advance -- see docs.mqs.dk QASM_GEN section.",94.515,77018.431
1579,Li2,0,1,6,qvSZP,grimme_qvszp,tn_qc_opt,36,yes,TN_QC_OPT (Cebule),COBYLA,,,2,4,phase,pauli,432,,,"N_Qubit inherited from the JW-mapped Hamiltonian (verified, see JW row). Standard per-Pauli-string measurement (baseline).",94.515,77112.945
1580,Li2,0,1,6,qvSZP,grimme_qvszp,tn_qc_opt,36,yes,TN_QC_OPT (Cebule),COBYLA,,,2,4,phase,qasm_gen_grouped,432,,,"N_Qubit inherited from the JW-mapped Hamiltonian (verified, see JW row). Cebule QASM_GEN basis-state-pair-grouping measurement scheme. Expected to require fewer or equal distinct circuits per iteration than plain 'pauli' measurement (that's QASM_GEN's whole purpose), but the exact circuit count is an output of a real QASM_GEN/TN_QC_OPT run, not predictable in advance -- see docs.mqs.dk QASM_GEN section.",94.515,77207.460
1593,Li2,0,1,6,qvSZP,grimme_qvszp,tn_qc_opt,36,yes,TN_QC_OPT (Cebule),COBYLA,,,3,4,full,pauli,432,,,"N_Qubit inherited from the JW-mapped Hamiltonian (verified, see JW row). Standard per-Pauli-string measurement (baseline).",94.515,77301.974
1594,Li2,0,1,6,qvSZP,grimme_qvszp,tn_qc_opt,36,yes,TN_QC_OPT (Cebule),COBYLA,,,3,4,full,qasm_gen_grouped,432,,,"N_Qubit inherited from the JW-mapped Hamiltonian (verified, see JW row). Cebule QASM_GEN basis-state-pair-grouping measurement scheme. Expected to require fewer or equal distinct circuits per iteration than plain 'pauli' measurement (that's QASM_GEN's whole purpose), but the exact circuit count is an output of a real QASM_GEN/TN_QC_OPT run, not predictable in advance -- see docs.mqs.dk QASM_GEN section.",94.515,77396.489
1595,Li2,0,1,6,qvSZP,grimme_qvszp,tn_qc_opt,36,yes,TN_QC_OPT (Cebule),COBYLA,,,3,4,phase,pauli,432,,,"N_Qubit inherited from the JW-mapped Hamiltonian (verified, see JW row). Standard per-Pauli-string measurement (baseline).",94.515,77491.004
1596,Li2,0,1,6,qvSZP,grimme_qvszp,tn_qc_opt,36,yes,TN_QC_OPT (Cebule),COBYLA,,,3,4,phase,qasm_gen_grouped,432,,,"N_Qubit inherited from the JW-mapped Hamiltonian (verified, see JW row). Cebule QASM_GEN basis-state-pair-grouping measurement scheme. Expected to require fewer or equal distinct circuits per iteration than plain 'pauli' measurement (that's QASM_GEN's whole purpose), but the exact circuit count is an output of a real QASM_GEN/TN_QC_OPT run, not predictable in advance -- see docs.mqs.dk QASM_GEN section.",94.515,77585.518
65,H2O,0,1,10,cc-pvdz,basis_set_exchange,JW,48,yes,,,,,,,,pauli,,,,Standard per-Pauli-string measurement (baseline).,95.045,77680.563
66,H2O,0,1,10,cc-pvdz,basis_set_exchange,JW,48,yes,,,,,,,,qasm_gen_grouped,,,,"Cebule QASM_GEN basis-state-pair-grouping measurement scheme. Expected to require fewer or equal distinct circuits per iteration than plain 'pauli' measurement (that's QASM_GEN's whole purpose), but the exact circuit count is an output of a real QASM_GEN/TN_QC_OPT run, not predictable in advance -- see docs.mqs.dk QASM_GEN section.",95.045,77775.609
73,H2O,0,1,10,def2-svp,basis_set_exchange,JW,48,yes,,,,,,,,pauli,,,,Standard per-Pauli-string measurement (baseline).,95.045,77870.654
74,H2O,0,1,10,def2-svp,basis_set_exchange,JW,48,yes,,,,,,,,qasm_gen_grouped,,,,"Cebule QASM_GEN basis-state-pair-grouping measurement scheme. Expected to require fewer or equal distinct circuits per iteration than plain 'pauli' measurement (that's QASM_GEN's whole purpose), but the exact circuit count is an output of a real QASM_GEN/TN_QC_OPT run, not predictable in advance -- see docs.mqs.dk QASM_GEN section.",95.045,77965.700
1877,H2O,0,1,10,cc-pvdz,basis_set_exchange,tn_qc_opt,48,yes,TN_QC_OPT (Cebule),COBYLA,,,0,1,n/a (no TN layers),pauli,144,,,"N_Qubit inherited from the JW-mapped Hamiltonian (verified, see JW row). TN_Layers_Network=0 is the paper's 'circuit only' baseline -- equivalent to plain VQE with this Hamiltonian encoding and no TN preprocessing. Standard per-Pauli-string measurement (baseline).",95.045,78060.745
1878,H2O,0,1,10,cc-pvdz,basis_set_exchange,tn_qc_opt,48,yes,TN_QC_OPT (Cebule),COBYLA,,,0,1,n/a (no TN layers),qasm_gen_grouped,144,,,"N_Qubit inherited from the JW-mapped Hamiltonian (verified, see JW row). TN_Layers_Network=0 is the paper's 'circuit only' baseline -- equivalent to plain VQE with this Hamiltonian encoding and no TN preprocessing. Cebule QASM_GEN basis-state-pair-grouping measurement scheme. Expected to require fewer or equal distinct circuits per iteration than plain 'pauli' measurement (that's QASM_GEN's whole purpose), but the exact circuit count is an output of a real QASM_GEN/TN_QC_OPT run, not predictable in advance -- see docs.mqs.dk QASM_GEN section.",95.045,78155.790
1885,H2O,0,1,10,cc-pvdz,basis_set_exchange,tn_qc_opt,48,yes,TN_QC_OPT (Cebule),COBYLA,,,1,1,full,pauli,144,,,"N_Qubit inherited from the JW-mapped Hamiltonian (verified, see JW row). Standard per-Pauli-string measurement (baseline).",95.045,78250.836
1886,H2O,0,1,10,cc-pvdz,basis_set_exchange,tn_qc_opt,48,yes,TN_QC_OPT (Cebule),COBYLA,,,1,1,full,qasm_gen_grouped,144,,,"N_Qubit inherited from the JW-mapped Hamiltonian (verified, see JW row). Cebule QASM_GEN basis-state-pair-grouping measurement scheme. Expected to require fewer or equal distinct circuits per iteration than plain 'pauli' measurement (that's QASM_GEN's whole purpose), but the exact circuit count is an output of a real QASM_GEN/TN_QC_OPT run, not predictable in advance -- see docs.mqs.dk QASM_GEN section.",95.045,78345.881
1887,H2O,0,1,10,cc-pvdz,basis_set_exchange,tn_qc_opt,48,yes,TN_QC_OPT (Cebule),COBYLA,,,1,1,phase,pauli,144,,,"N_Qubit inherited from the JW-mapped Hamiltonian (verified, see JW row). Standard per-Pauli-string measurement (baseline).",95.045,78440.926
1888,H2O,0,1,10,cc-pvdz,basis_set_exchange,tn_qc_opt,48,yes,TN_QC_OPT (Cebule),COBYLA,,,1,1,phase,qasm_gen_grouped,144,,,"N_Qubit inherited from the JW-mapped Hamiltonian (verified, see JW row). Cebule QASM_GEN basis-state-pair-grouping measurement scheme. Expected to require fewer or equal distinct circuits per iteration than plain 'pauli' measurement (that's QASM_GEN's whole purpose), but the exact circuit count is an output of a real QASM_GEN/TN_QC_OPT run, not predictable in advance -- see docs.mqs.dk QASM_GEN section.",95.045,78535.972
1901,H2O,0,1,10,cc-pvdz,basis_set_exchange,tn_qc_opt,48,yes,TN_QC_OPT (Cebule),COBYLA,,,2,1,full,pauli,144,,,"N_Qubit inherited from the JW-mapped Hamiltonian (verified, see JW row). Standard per-Pauli-string measurement (baseline).",95.045,78631.017
1902,H2O,0,1,10,cc-pvdz,basis_set_exchange,tn_qc_opt,48,yes,TN_QC_OPT (Cebule),COBYLA,,,2,1,full,qasm_gen_grouped,144,,,"N_Qubit inherited from the JW-mapped Hamiltonian (verified, see JW row). Cebule QASM_GEN basis-state-pair-grouping measurement scheme. Expected to require fewer or equal distinct circuits per iteration than plain 'pauli' measurement (that's QASM_GEN's whole purpose), but the exact circuit count is an output of a real QASM_GEN/TN_QC_OPT run, not predictable in advance -- see docs.mqs.dk QASM_GEN section.",95.045,78726.063
1903,H2O,0,1,10,cc-pvdz,basis_set_exchange,tn_qc_opt,48,yes,TN_QC_OPT (Cebule),COBYLA,,,2,1,phase,pauli,144,,,"N_Qubit inherited from the JW-mapped Hamiltonian (verified, see JW row). Standard per-Pauli-string measurement (baseline).",95.045,78821.108
1904,H2O,0,1,10,cc-pvdz,basis_set_exchange,tn_qc_opt,48,yes,TN_QC_OPT (Cebule),COBYLA,,,2,1,phase,qasm_gen_grouped,144,,,"N_Qubit inherited from the JW-mapped Hamiltonian (verified, see JW row). Cebule QASM_GEN basis-state-pair-grouping measurement scheme. Expected to require fewer or equal distinct circuits per iteration than plain 'pauli' measurement (that's QASM_GEN's whole purpose), but the exact circuit count is an output of a real QASM_GEN/TN_QC_OPT run, not predictable in advance -- see docs.mqs.dk QASM_GEN section.",95.045,78916.153
1917,H2O,0,1,10,cc-pvdz,basis_set_exchange,tn_qc_opt,48,yes,TN_QC_OPT (Cebule),COBYLA,,,3,1,full,pauli,144,,,"N_Qubit inherited from the JW-mapped Hamiltonian (verified, see JW row). Standard per-Pauli-string measurement (baseline).",95.045,79011.199
1918,H2O,0,1,10,cc-pvdz,basis_set_exchange,tn_qc_opt,48,yes,TN_QC_OPT (Cebule),COBYLA,,,3,1,full,qasm_gen_grouped,144,,,"N_Qubit inherited from the JW-mapped Hamiltonian (verified, see JW row). Cebule QASM_GEN basis-state-pair-grouping measurement scheme. Expected to require fewer or equal distinct circuits per iteration than plain 'pauli' measurement (that's QASM_GEN's whole purpose), but the exact circuit count is an output of a real QASM_GEN/TN_QC_OPT run, not predictable in advance -- see docs.mqs.dk QASM_GEN section.",95.045,79106.244
1919,H2O,0,1,10,cc-pvdz,basis_set_exchange,tn_qc_opt,48,yes,TN_QC_OPT (Cebule),COBYLA,,,3,1,phase,pauli,144,,,"N_Qubit inherited from the JW-mapped Hamiltonian (verified, see JW row). Standard per-Pauli-string measurement (baseline).",95.045,79201.289
1920,H2O,0,1,10,cc-pvdz,basis_set_exchange,tn_qc_opt,48,yes,TN_QC_OPT (Cebule),COBYLA,,,3,1,phase,qasm_gen_grouped,144,,,"N_Qubit inherited from the JW-mapped Hamiltonian (verified, see JW row). Cebule QASM_GEN basis-state-pair-grouping measurement scheme. Expected to require fewer or equal distinct circuits per iteration than plain 'pauli' measurement (that's QASM_GEN's whole purpose), but the exact circuit count is an output of a real QASM_GEN/TN_QC_OPT run, not predictable in advance -- see docs.mqs.dk QASM_GEN section.",95.045,79296.335
2101,H2O,0,1,10,def2-svp,basis_set_exchange,tn_qc_opt,48,yes,TN_QC_OPT (Cebule),COBYLA,,,0,1,n/a (no TN layers),pauli,144,,,"N_Qubit inherited from the JW-mapped Hamiltonian (verified, see JW row). TN_Layers_Network=0 is the paper's 'circuit only' baseline -- equivalent to plain VQE with this Hamiltonian encoding and no TN preprocessing. Standard per-Pauli-string measurement (baseline).",95.045,79391.380
2102,H2O,0,1,10,def2-svp,basis_set_exchange,tn_qc_opt,48,yes,TN_QC_OPT (Cebule),COBYLA,,,0,1,n/a (no TN layers),qasm_gen_grouped,144,,,"N_Qubit inherited from the JW-mapped Hamiltonian (verified, see JW row). TN_Layers_Network=0 is the paper's 'circuit only' baseline -- equivalent to plain VQE with this Hamiltonian encoding and no TN preprocessing. Cebule QASM_GEN basis-state-pair-grouping measurement scheme. Expected to require fewer or equal distinct circuits per iteration than plain 'pauli' measurement (that's QASM_GEN's whole purpose), but the exact circuit count is an output of a real QASM_GEN/TN_QC_OPT run, not predictable in advance -- see docs.mqs.dk QASM_GEN section.",95.045,79486.426
2109,H2O,0,1,10,def2-svp,basis_set_exchange,tn_qc_opt,48,yes,TN_QC_OPT (Cebule),COBYLA,,,1,1,full,pauli,144,,,"N_Qubit inherited from the JW-mapped Hamiltonian (verified, see JW row). Standard per-Pauli-string measurement (baseline).",95.045,79581.471
2110,H2O,0,1,10,def2-svp,basis_set_exchange,tn_qc_opt,48,yes,TN_QC_OPT (Cebule),COBYLA,,,1,1,full,qasm_gen_grouped,144,,,"N_Qubit inherited from the JW-mapped Hamiltonian (verified, see JW row). Cebule QASM_GEN basis-state-pair-grouping measurement scheme. Expected to require fewer or equal distinct circuits per iteration than plain 'pauli' measurement (that's QASM_GEN's whole purpose), but the exact circuit count is an output of a real QASM_GEN/TN_QC_OPT run, not predictable in advance -- see docs.mqs.dk QASM_GEN section.",95.045,79676.516
2111,H2O,0,1,10,def2-svp,basis_set_exchange,tn_qc_opt,48,yes,TN_QC_OPT (Cebule),COBYLA,,,1,1,phase,pauli,144,,,"N_Qubit inherited from the JW-mapped Hamiltonian (verified, see JW row). Standard per-Pauli-string measurement (baseline).",95.045,79771.562
2112,H2O,0,1,10,def2-svp,basis_set_exchange,tn_qc_opt,48,yes,TN_QC_OPT (Cebule),COBYLA,,,1,1,phase,qasm_gen_grouped,144,,,"N_Qubit inherited from the JW-mapped Hamiltonian (verified, see JW row). Cebule QASM_GEN basis-state-pair-grouping measurement scheme. Expected to require fewer or equal distinct circuits per iteration than plain 'pauli' measurement (that's QASM_GEN's whole purpose), but the exact circuit count is an output of a real QASM_GEN/TN_QC_OPT run, not predictable in advance -- see docs.mqs.dk QASM_GEN section.",95.045,79866.607
2125,H2O,0,1,10,def2-svp,basis_set_exchange,tn_qc_opt,48,yes,TN_QC_OPT (Cebule),COBYLA,,,2,1,full,pauli,144,,,"N_Qubit inherited from the JW-mapped Hamiltonian (verified, see JW row). Standard per-Pauli-string measurement (baseline).",95.045,79961.652
2126,H2O,0,1,10,def2-svp,basis_set_exchange,tn_qc_opt,48,yes,TN_QC_OPT (Cebule),COBYLA,,,2,1,full,qasm_gen_grouped,144,,,"N_Qubit inherited from the JW-mapped Hamiltonian (verified, see JW row). Cebule QASM_GEN basis-state-pair-grouping measurement scheme. Expected to require fewer or equal distinct circuits per iteration than plain 'pauli' measurement (that's QASM_GEN's whole purpose), but the exact circuit count is an output of a real QASM_GEN/TN_QC_OPT run, not predictable in advance -- see docs.mqs.dk QASM_GEN section.",95.045,80056.698
2127,H2O,0,1,10,def2-svp,basis_set_exchange,tn_qc_opt,48,yes,TN_QC_OPT (Cebule),COBYLA,,,2,1,phase,pauli,144,,,"N_Qubit inherited from the JW-mapped Hamiltonian (verified, see JW row). Standard per-Pauli-string measurement (baseline).",95.045,80151.743
2128,H2O,0,1,10,def2-svp,basis_set_exchange,tn_qc_opt,48,yes,TN_QC_OPT (Cebule),COBYLA,,,2,1,phase,qasm_gen_grouped,144,,,"N_Qubit inherited from the JW-mapped Hamiltonian (verified, see JW row). Cebule QASM_GEN basis-state-pair-grouping measurement scheme. Expected to require fewer or equal distinct circuits per iteration than plain 'pauli' measurement (that's QASM_GEN's whole purpose), but the exact circuit count is an output of a real QASM_GEN/TN_QC_OPT run, not predictable in advance -- see docs.mqs.dk QASM_GEN section.",95.045,80246.789
2141,H2O,0,1,10,def2-svp,basis_set_exchange,tn_qc_opt,48,yes,TN_QC_OPT (Cebule),COBYLA,,,3,1,full,pauli,144,,,"N_Qubit inherited from the JW-mapped Hamiltonian (verified, see JW row). Standard per-Pauli-string measurement (baseline).",95.045,80341.834
2142,H2O,0,1,10,def2-svp,basis_set_exchange,tn_qc_opt,48,yes,TN_QC_OPT (Cebule),COBYLA,,,3,1,full,qasm_gen_grouped,144,,,"N_Qubit inherited from the JW-mapped Hamiltonian (verified, see JW row). Cebule QASM_GEN basis-state-pair-grouping measurement scheme. Expected to require fewer or equal distinct circuits per iteration than plain 'pauli' measurement (that's QASM_GEN's whole purpose), but the exact circuit count is an output of a real QASM_GEN/TN_QC_OPT run, not predictable in advance -- see docs.mqs.dk QASM_GEN section.",95.045,80436.879
2143,H2O,0,1,10,def2-svp,basis_set_exchange,tn_qc_opt,48,yes,TN_QC_OPT (Cebule),COBYLA,,,3,1,phase,pauli,144,,,"N_Qubit inherited from the JW-mapped Hamiltonian (verified, see JW row). Standard per-Pauli-string measurement (baseline).",95.045,80531.925
2144,H2O,0,1,10,def2-svp,basis_set_exchange,tn_qc_opt,48,yes,TN_QC_OPT (Cebule),COBYLA,,,3,1,phase,qasm_gen_grouped,144,,,"N_Qubit inherited from the JW-mapped Hamiltonian (verified, see JW row). Cebule QASM_GEN basis-state-pair-grouping measurement scheme. Expected to require fewer or equal distinct circuits per iteration than plain 'pauli' measurement (that's QASM_GEN's whole purpose), but the exact circuit count is an output of a real QASM_GEN/TN_QC_OPT run, not predictable in advance -- see docs.mqs.dk QASM_GEN section.",95.045,80626.970
1879,H2O,0,1,10,cc-pvdz,basis_set_exchange,tn_qc_opt,48,yes,TN_QC_OPT (Cebule),COBYLA,,,0,2,n/a (no TN layers),pauli,288,,,"N_Qubit inherited from the JW-mapped Hamiltonian (verified, see JW row). TN_Layers_Network=0 is the paper's 'circuit only' baseline -- equivalent to plain VQE with this Hamiltonian encoding and no TN preprocessing. Standard per-Pauli-string measurement (baseline).",95.222,80722.192
1880,H2O,0,1,10,cc-pvdz,basis_set_exchange,tn_qc_opt,48,yes,TN_QC_OPT (Cebule),COBYLA,,,0,2,n/a (no TN layers),qasm_gen_grouped,288,,,"N_Qubit inherited from the JW-mapped Hamiltonian (verified, see JW row). TN_Layers_Network=0 is the paper's 'circuit only' baseline -- equivalent to plain VQE with this Hamiltonian encoding and no TN preprocessing. Cebule QASM_GEN basis-state-pair-grouping measurement scheme. Expected to require fewer or equal distinct circuits per iteration than plain 'pauli' measurement (that's QASM_GEN's whole purpose), but the exact circuit count is an output of a real QASM_GEN/TN_QC_OPT run, not predictable in advance -- see docs.mqs.dk QASM_GEN section.",95.222,80817.415
1889,H2O,0,1,10,cc-pvdz,basis_set_exchange,tn_qc_opt,48,yes,TN_QC_OPT (Cebule),COBYLA,,,1,2,full,pauli,288,,,"N_Qubit inherited from the JW-mapped Hamiltonian (verified, see JW row). Standard per-Pauli-string measurement (baseline).",95.222,80912.637
1890,H2O,0,1,10,cc-pvdz,basis_set_exchange,tn_qc_opt,48,yes,TN_QC_OPT (Cebule),COBYLA,,,1,2,full,qasm_gen_grouped,288,,,"N_Qubit inherited from the JW-mapped Hamiltonian (verified, see JW row). Cebule QASM_GEN basis-state-pair-grouping measurement scheme. Expected to require fewer or equal distinct circuits per iteration than plain 'pauli' measurement (that's QASM_GEN's whole purpose), but the exact circuit count is an output of a real QASM_GEN/TN_QC_OPT run, not predictable in advance -- see docs.mqs.dk QASM_GEN section.",95.222,81007.859
1891,H2O,0,1,10,cc-pvdz,basis_set_exchange,tn_qc_opt,48,yes,TN_QC_OPT (Cebule),COBYLA,,,1,2,phase,pauli,288,,,"N_Qubit inherited from the JW-mapped Hamiltonian (verified, see JW row). Standard per-Pauli-string measurement (baseline).",95.222,81103.082
1892,H2O,0,1,10,cc-pvdz,basis_set_exchange,tn_qc_opt,48,yes,TN_QC_OPT (Cebule),COBYLA,,,1,2,phase,qasm_gen_grouped,288,,,"N_Qubit inherited from the JW-mapped Hamiltonian (verified, see JW row). Cebule QASM_GEN basis-state-pair-grouping measurement scheme. Expected to require fewer or equal distinct circuits per iteration than plain 'pauli' measurement (that's QASM_GEN's whole purpose), but the exact circuit count is an output of a real QASM_GEN/TN_QC_OPT run, not predictable in advance -- see docs.mqs.dk QASM_GEN section.",95.222,81198.304
1905,H2O,0,1,10,cc-pvdz,basis_set_exchange,tn_qc_opt,48,yes,TN_QC_OPT (Cebule),COBYLA,,,2,2,full,pauli,288,,,"N_Qubit inherited from the JW-mapped Hamiltonian (verified, see JW row). Standard per-Pauli-string measurement (baseline).",95.222,81293.526
1906,H2O,0,1,10,cc-pvdz,basis_set_exchange,tn_qc_opt,48,yes,TN_QC_OPT (Cebule),COBYLA,,,2,2,full,qasm_gen_grouped,288,,,"N_Qubit inherited from the JW-mapped Hamiltonian (verified, see JW row). Cebule QASM_GEN basis-state-pair-grouping measurement scheme. Expected to require fewer or equal distinct circuits per iteration than plain 'pauli' measurement (that's QASM_GEN's whole purpose), but the exact circuit count is an output of a real QASM_GEN/TN_QC_OPT run, not predictable in advance -- see docs.mqs.dk QASM_GEN section.",95.222,81388.749
1907,H2O,0,1,10,cc-pvdz,basis_set_exchange,tn_qc_opt,48,yes,TN_QC_OPT (Cebule),COBYLA,,,2,2,phase,pauli,288,,,"N_Qubit inherited from the JW-mapped Hamiltonian (verified, see JW row). Standard per-Pauli-string measurement (baseline).",95.222,81483.971
1908,H2O,0,1,10,cc-pvdz,basis_set_exchange,tn_qc_opt,48,yes,TN_QC_OPT (Cebule),COBYLA,,,2,2,phase,qasm_gen_grouped,288,,,"N_Qubit inherited from the JW-mapped Hamiltonian (verified, see JW row). Cebule QASM_GEN basis-state-pair-grouping measurement scheme. Expected to require fewer or equal distinct circuits per iteration than plain 'pauli' measurement (that's QASM_GEN's whole purpose), but the exact circuit count is an output of a real QASM_GEN/TN_QC_OPT run, not predictable in advance -- see docs.mqs.dk QASM_GEN section.",95.222,81579.193
1921,H2O,0,1,10,cc-pvdz,basis_set_exchange,tn_qc_opt,48,yes,TN_QC_OPT (Cebule),COBYLA,,,3,2,full,pauli,288,,,"N_Qubit inherited from the JW-mapped Hamiltonian (verified, see JW row). Standard per-Pauli-string measurement (baseline).",95.222,81674.416
1922,H2O,0,1,10,cc-pvdz,basis_set_exchange,tn_qc_opt,48,yes,TN_QC_OPT (Cebule),COBYLA,,,3,2,full,qasm_gen_grouped,288,,,"N_Qubit inherited from the JW-mapped Hamiltonian (verified, see JW row). Cebule QASM_GEN basis-state-pair-grouping measurement scheme. Expected to require fewer or equal distinct circuits per iteration than plain 'pauli' measurement (that's QASM_GEN's whole purpose), but the exact circuit count is an output of a real QASM_GEN/TN_QC_OPT run, not predictable in advance -- see docs.mqs.dk QASM_GEN section.",95.222,81769.638
1923,H2O,0,1,10,cc-pvdz,basis_set_exchange,tn_qc_opt,48,yes,TN_QC_OPT (Cebule),COBYLA,,,3,2,phase,pauli,288,,,"N_Qubit inherited from the JW-mapped Hamiltonian (verified, see JW row). Standard per-Pauli-string measurement (baseline).",95.222,81864.860
1924,H2O,0,1,10,cc-pvdz,basis_set_exchange,tn_qc_opt,48,yes,TN_QC_OPT (Cebule),COBYLA,,,3,2,phase,qasm_gen_grouped,288,,,"N_Qubit inherited from the JW-mapped Hamiltonian (verified, see JW row). Cebule QASM_GEN basis-state-pair-grouping measurement scheme. Expected to require fewer or equal distinct circuits per iteration than plain 'pauli' measurement (that's QASM_GEN's whole purpose), but the exact circuit count is an output of a real QASM_GEN/TN_QC_OPT run, not predictable in advance -- see docs.mqs.dk QASM_GEN section.",95.222,81960.083
2103,H2O,0,1,10,def2-svp,basis_set_exchange,tn_qc_opt,48,yes,TN_QC_OPT (Cebule),COBYLA,,,0,2,n/a (no TN layers),pauli,288,,,"N_Qubit inherited from the JW-mapped Hamiltonian (verified, see JW row). TN_Layers_Network=0 is the paper's 'circuit only' baseline -- equivalent to plain VQE with this Hamiltonian encoding and no TN preprocessing. Standard per-Pauli-string measurement (baseline).",95.222,82055.305
2104,H2O,0,1,10,def2-svp,basis_set_exchange,tn_qc_opt,48,yes,TN_QC_OPT (Cebule),COBYLA,,,0,2,n/a (no TN layers),qasm_gen_grouped,288,,,"N_Qubit inherited from the JW-mapped Hamiltonian (verified, see JW row). TN_Layers_Network=0 is the paper's 'circuit only' baseline -- equivalent to plain VQE with this Hamiltonian encoding and no TN preprocessing. Cebule QASM_GEN basis-state-pair-grouping measurement scheme. Expected to require fewer or equal distinct circuits per iteration than plain 'pauli' measurement (that's QASM_GEN's whole purpose), but the exact circuit count is an output of a real QASM_GEN/TN_QC_OPT run, not predictable in advance -- see docs.mqs.dk QASM_GEN section.",95.222,82150.527
2113,H2O,0,1,10,def2-svp,basis_set_exchange,tn_qc_opt,48,yes,TN_QC_OPT (Cebule),COBYLA,,,1,2,full,pauli,288,,,"N_Qubit inherited from the JW-mapped Hamiltonian (verified, see JW row). Standard per-Pauli-string measurement (baseline).",95.222,82245.750
2114,H2O,0,1,10,def2-svp,basis_set_exchange,tn_qc_opt,48,yes,TN_QC_OPT (Cebule),COBYLA,,,1,2,full,qasm_gen_grouped,288,,,"N_Qubit inherited from the JW-mapped Hamiltonian (verified, see JW row). Cebule QASM_GEN basis-state-pair-grouping measurement scheme. Expected to require fewer or equal distinct circuits per iteration than plain 'pauli' measurement (that's QASM_GEN's whole purpose), but the exact circuit count is an output of a real QASM_GEN/TN_QC_OPT run, not predictable in advance -- see docs.mqs.dk QASM_GEN section.",95.222,82340.972
2115,H2O,0,1,10,def2-svp,basis_set_exchange,tn_qc_opt,48,yes,TN_QC_OPT (Cebule),COBYLA,,,1,2,phase,pauli,288,,,"N_Qubit inherited from the JW-mapped Hamiltonian (verified, see JW row). Standard per-Pauli-string measurement (baseline).",95.222,82436.194
2116,H2O,0,1,10,def2-svp,basis_set_exchange,tn_qc_opt,48,yes,TN_QC_OPT (Cebule),COBYLA,,,1,2,phase,qasm_gen_grouped,288,,,"N_Qubit inherited from the JW-mapped Hamiltonian (verified, see JW row). Cebule QASM_GEN basis-state-pair-grouping measurement scheme. Expected to require fewer or equal distinct circuits per iteration than plain 'pauli' measurement (that's QASM_GEN's whole purpose), but the exact circuit count is an output of a real QASM_GEN/TN_QC_OPT run, not predictable in advance -- see docs.mqs.dk QASM_GEN section.",95.222,82531.417
2129,H2O,0,1,10,def2-svp,basis_set_exchange,tn_qc_opt,48,yes,TN_QC_OPT (Cebule),COBYLA,,,2,2,full,pauli,288,,,"N_Qubit inherited from the JW-mapped Hamiltonian (verified, see JW row). Standard per-Pauli-string measurement (baseline).",95.222,82626.639
2130,H2O,0,1,10,def2-svp,basis_set_exchange,tn_qc_opt,48,yes,TN_QC_OPT (Cebule),COBYLA,,,2,2,full,qasm_gen_grouped,288,,,"N_Qubit inherited from the JW-mapped Hamiltonian (verified, see JW row). Cebule QASM_GEN basis-state-pair-grouping measurement scheme. Expected to require fewer or equal distinct circuits per iteration than plain 'pauli' measurement (that's QASM_GEN's whole purpose), but the exact circuit count is an output of a real QASM_GEN/TN_QC_OPT run, not predictable in advance -- see docs.mqs.dk QASM_GEN section.",95.222,82721.861
2131,H2O,0,1,10,def2-svp,basis_set_exchange,tn_qc_opt,48,yes,TN_QC_OPT (Cebule),COBYLA,,,2,2,phase,pauli,288,,,"N_Qubit inherited from the JW-mapped Hamiltonian (verified, see JW row). Standard per-Pauli-string measurement (baseline).",95.222,82817.084
2132,H2O,0,1,10,def2-svp,basis_set_exchange,tn_qc_opt,48,yes,TN_QC_OPT (Cebule),COBYLA,,,2,2,phase,qasm_gen_grouped,288,,,"N_Qubit inherited from the JW-mapped Hamiltonian (verified, see JW row). Cebule QASM_GEN basis-state-pair-grouping measurement scheme. Expected to require fewer or equal distinct circuits per iteration than plain 'pauli' measurement (that's QASM_GEN's whole purpose), but the exact circuit count is an output of a real QASM_GEN/TN_QC_OPT run, not predictable in advance -- see docs.mqs.dk QASM_GEN section.",95.222,82912.306
2145,H2O,0,1,10,def2-svp,basis_set_exchange,tn_qc_opt,48,yes,TN_QC_OPT (Cebule),COBYLA,,,3,2,full,pauli,288,,,"N_Qubit inherited from the JW-mapped Hamiltonian (verified, see JW row). Standard per-Pauli-string measurement (baseline).",95.222,83007.528
2146,H2O,0,1,10,def2-svp,basis_set_exchange,tn_qc_opt,48,yes,TN_QC_OPT (Cebule),COBYLA,,,3,2,full,qasm_gen_grouped,288,,,"N_Qubit inherited from the JW-mapped Hamiltonian (verified, see JW row). Cebule QASM_GEN basis-state-pair-grouping measurement scheme. Expected to require fewer or equal distinct circuits per iteration than plain 'pauli' measurement (that's QASM_GEN's whole purpose), but the exact circuit count is an output of a real QASM_GEN/TN_QC_OPT run, not predictable in advance -- see docs.mqs.dk QASM_GEN section.",95.222,83102.751
2147,H2O,0,1,10,def2-svp,basis_set_exchange,tn_qc_opt,48,yes,TN_QC_OPT (Cebule),COBYLA,,,3,2,phase,pauli,288,,,"N_Qubit inherited from the JW-mapped Hamiltonian (verified, see JW row). Standard per-Pauli-string measurement (baseline).",95.222,83197.973
2148,H2O,0,1,10,def2-svp,basis_set_exchange,tn_qc_opt,48,yes,TN_QC_OPT (Cebule),COBYLA,,,3,2,phase,qasm_gen_grouped,288,,,"N_Qubit inherited from the JW-mapped Hamiltonian (verified, see JW row). Cebule QASM_GEN basis-state-pair-grouping measurement scheme. Expected to require fewer or equal distinct circuits per iteration than plain 'pauli' measurement (that's QASM_GEN's whole purpose), but the exact circuit count is an output of a real QASM_GEN/TN_QC_OPT run, not predictable in advance -- see docs.mqs.dk QASM_GEN section.",95.222,83293.195
1881,H2O,0,1,10,cc-pvdz,basis_set_exchange,tn_qc_opt,48,yes,TN_QC_OPT (Cebule),COBYLA,,,0,3,n/a (no TN layers),pauli,432,,,"N_Qubit inherited from the JW-mapped Hamiltonian (verified, see JW row). TN_Layers_Network=0 is the paper's 'circuit only' baseline -- equivalent to plain VQE with this Hamiltonian encoding and no TN preprocessing. Standard per-Pauli-string measurement (baseline).",95.399,83388.594
1882,H2O,0,1,10,cc-pvdz,basis_set_exchange,tn_qc_opt,48,yes,TN_QC_OPT (Cebule),COBYLA,,,0,3,n/a (no TN layers),qasm_gen_grouped,432,,,"N_Qubit inherited from the JW-mapped Hamiltonian (verified, see JW row). TN_Layers_Network=0 is the paper's 'circuit only' baseline -- equivalent to plain VQE with this Hamiltonian encoding and no TN preprocessing. Cebule QASM_GEN basis-state-pair-grouping measurement scheme. Expected to require fewer or equal distinct circuits per iteration than plain 'pauli' measurement (that's QASM_GEN's whole purpose), but the exact circuit count is an output of a real QASM_GEN/TN_QC_OPT run, not predictable in advance -- see docs.mqs.dk QASM_GEN section.",95.399,83483.994
1893,H2O,0,1,10,cc-pvdz,basis_set_exchange,tn_qc_opt,48,yes,TN_QC_OPT (Cebule),COBYLA,,,1,3,full,pauli,432,,,"N_Qubit inherited from the JW-mapped Hamiltonian (verified, see JW row). Standard per-Pauli-string measurement (baseline).",95.399,83579.393
1894,H2O,0,1,10,cc-pvdz,basis_set_exchange,tn_qc_opt,48,yes,TN_QC_OPT (Cebule),COBYLA,,,1,3,full,qasm_gen_grouped,432,,,"N_Qubit inherited from the JW-mapped Hamiltonian (verified, see JW row). Cebule QASM_GEN basis-state-pair-grouping measurement scheme. Expected to require fewer or equal distinct circuits per iteration than plain 'pauli' measurement (that's QASM_GEN's whole purpose), but the exact circuit count is an output of a real QASM_GEN/TN_QC_OPT run, not predictable in advance -- see docs.mqs.dk QASM_GEN section.",95.399,83674.792
1895,H2O,0,1,10,cc-pvdz,basis_set_exchange,tn_qc_opt,48,yes,TN_QC_OPT (Cebule),COBYLA,,,1,3,phase,pauli,432,,,"N_Qubit inherited from the JW-mapped Hamiltonian (verified, see JW row). Standard per-Pauli-string measurement (baseline).",95.399,83770.192
1896,H2O,0,1,10,cc-pvdz,basis_set_exchange,tn_qc_opt,48,yes,TN_QC_OPT (Cebule),COBYLA,,,1,3,phase,qasm_gen_grouped,432,,,"N_Qubit inherited from the JW-mapped Hamiltonian (verified, see JW row). Cebule QASM_GEN basis-state-pair-grouping measurement scheme. Expected to require fewer or equal distinct circuits per iteration than plain 'pauli' measurement (that's QASM_GEN's whole purpose), but the exact circuit count is an output of a real QASM_GEN/TN_QC_OPT run, not predictable in advance -- see docs.mqs.dk QASM_GEN section.",95.399,83865.591
1909,H2O,0,1,10,cc-pvdz,basis_set_exchange,tn_qc_opt,48,yes,TN_QC_OPT (Cebule),COBYLA,,,2,3,full,pauli,432,,,"N_Qubit inherited from the JW-mapped Hamiltonian (verified, see JW row). Standard per-Pauli-string measurement (baseline).",95.399,83960.990
1910,H2O,0,1,10,cc-pvdz,basis_set_exchange,tn_qc_opt,48,yes,TN_QC_OPT (Cebule),COBYLA,,,2,3,full,qasm_gen_grouped,432,,,"N_Qubit inherited from the JW-mapped Hamiltonian (verified, see JW row). Cebule QASM_GEN basis-state-pair-grouping measurement scheme. Expected to require fewer or equal distinct circuits per iteration than plain 'pauli' measurement (that's QASM_GEN's whole purpose), but the exact circuit count is an output of a real QASM_GEN/TN_QC_OPT run, not predictable in advance -- see docs.mqs.dk QASM_GEN section.",95.399,84056.389
1911,H2O,0,1,10,cc-pvdz,basis_set_exchange,tn_qc_opt,48,yes,TN_QC_OPT (Cebule),COBYLA,,,2,3,phase,pauli,432,,,"N_Qubit inherited from the JW-mapped Hamiltonian (verified, see JW row). Standard per-Pauli-string measurement (baseline).",95.399,84151.789
1912,H2O,0,1,10,cc-pvdz,basis_set_exchange,tn_qc_opt,48,yes,TN_QC_OPT (Cebule),COBYLA,,,2,3,phase,qasm_gen_grouped,432,,,"N_Qubit inherited from the JW-mapped Hamiltonian (verified, see JW row). Cebule QASM_GEN basis-state-pair-grouping measurement scheme. Expected to require fewer or equal distinct circuits per iteration than plain 'pauli' measurement (that's QASM_GEN's whole purpose), but the exact circuit count is an output of a real QASM_GEN/TN_QC_OPT run, not predictable in advance -- see docs.mqs.dk QASM_GEN section.",95.399,84247.188
1925,H2O,0,1,10,cc-pvdz,basis_set_exchange,tn_qc_opt,48,yes,TN_QC_OPT (Cebule),COBYLA,,,3,3,full,pauli,432,,,"N_Qubit inherited from the JW-mapped Hamiltonian (verified, see JW row). Standard per-Pauli-string measurement (baseline).",95.399,84342.587
1926,H2O,0,1,10,cc-pvdz,basis_set_exchange,tn_qc_opt,48,yes,TN_QC_OPT (Cebule),COBYLA,,,3,3,full,qasm_gen_grouped,432,,,"N_Qubit inherited from the JW-mapped Hamiltonian (verified, see JW row). Cebule QASM_GEN basis-state-pair-grouping measurement scheme. Expected to require fewer or equal distinct circuits per iteration than plain 'pauli' measurement (that's QASM_GEN's whole purpose), but the exact circuit count is an output of a real QASM_GEN/TN_QC_OPT run, not predictable in advance -- see docs.mqs.dk QASM_GEN section.",95.399,84437.986
1927,H2O,0,1,10,cc-pvdz,basis_set_exchange,tn_qc_opt,48,yes,TN_QC_OPT (Cebule),COBYLA,,,3,3,phase,pauli,432,,,"N_Qubit inherited from the JW-mapped Hamiltonian (verified, see JW row). Standard per-Pauli-string measurement (baseline).",95.399,84533.386
1928,H2O,0,1,10,cc-pvdz,basis_set_exchange,tn_qc_opt,48,yes,TN_QC_OPT (Cebule),COBYLA,,,3,3,phase,qasm_gen_grouped,432,,,"N_Qubit inherited from the JW-mapped Hamiltonian (verified, see JW row). Cebule QASM_GEN basis-state-pair-grouping measurement scheme. Expected to require fewer or equal distinct circuits per iteration than plain 'pauli' measurement (that's QASM_GEN's whole purpose), but the exact circuit count is an output of a real QASM_GEN/TN_QC_OPT run, not predictable in advance -- see docs.mqs.dk QASM_GEN section.",95.399,84628.785
2105,H2O,0,1,10,def2-svp,basis_set_exchange,tn_qc_opt,48,yes,TN_QC_OPT (Cebule),COBYLA,,,0,3,n/a (no TN layers),pauli,432,,,"N_Qubit inherited from the JW-mapped Hamiltonian (verified, see JW row). TN_Layers_Network=0 is the paper's 'circuit only' baseline -- equivalent to plain VQE with this Hamiltonian encoding and no TN preprocessing. Standard per-Pauli-string measurement (baseline).",95.399,84724.184
2106,H2O,0,1,10,def2-svp,basis_set_exchange,tn_qc_opt,48,yes,TN_QC_OPT (Cebule),COBYLA,,,0,3,n/a (no TN layers),qasm_gen_grouped,432,,,"N_Qubit inherited from the JW-mapped Hamiltonian (verified, see JW row). TN_Layers_Network=0 is the paper's 'circuit only' baseline -- equivalent to plain VQE with this Hamiltonian encoding and no TN preprocessing. Cebule QASM_GEN basis-state-pair-grouping measurement scheme. Expected to require fewer or equal distinct circuits per iteration than plain 'pauli' measurement (that's QASM_GEN's whole purpose), but the exact circuit count is an output of a real QASM_GEN/TN_QC_OPT run, not predictable in advance -- see docs.mqs.dk QASM_GEN section.",95.399,84819.583
2117,H2O,0,1,10,def2-svp,basis_set_exchange,tn_qc_opt,48,yes,TN_QC_OPT (Cebule),COBYLA,,,1,3,full,pauli,432,,,"N_Qubit inherited from the JW-mapped Hamiltonian (verified, see JW row). Standard per-Pauli-string measurement (baseline).",95.399,84914.983
2118,H2O,0,1,10,def2-svp,basis_set_exchange,tn_qc_opt,48,yes,TN_QC_OPT (Cebule),COBYLA,,,1,3,full,qasm_gen_grouped,432,,,"N_Qubit inherited from the JW-mapped Hamiltonian (verified, see JW row). Cebule QASM_GEN basis-state-pair-grouping measurement scheme. Expected to require fewer or equal distinct circuits per iteration than plain 'pauli' measurement (that's QASM_GEN's whole purpose), but the exact circuit count is an output of a real QASM_GEN/TN_QC_OPT run, not predictable in advance -- see docs.mqs.dk QASM_GEN section.",95.399,85010.382
2119,H2O,0,1,10,def2-svp,basis_set_exchange,tn_qc_opt,48,yes,TN_QC_OPT (Cebule),COBYLA,,,1,3,phase,pauli,432,,,"N_Qubit inherited from the JW-mapped Hamiltonian (verified, see JW row). Standard per-Pauli-string measurement (baseline).",95.399,85105.781
2120,H2O,0,1,10,def2-svp,basis_set_exchange,tn_qc_opt,48,yes,TN_QC_OPT (Cebule),COBYLA,,,1,3,phase,qasm_gen_grouped,432,,,"N_Qubit inherited from the JW-mapped Hamiltonian (verified, see JW row). Cebule QASM_GEN basis-state-pair-grouping measurement scheme. Expected to require fewer or equal distinct circuits per iteration than plain 'pauli' measurement (that's QASM_GEN's whole purpose), but the exact circuit count is an output of a real QASM_GEN/TN_QC_OPT run, not predictable in advance -- see docs.mqs.dk QASM_GEN section.",95.399,85201.181
2133,H2O,0,1,10,def2-svp,basis_set_exchange,tn_qc_opt,48,yes,TN_QC_OPT (Cebule),COBYLA,,,2,3,full,pauli,432,,,"N_Qubit inherited from the JW-mapped Hamiltonian (verified, see JW row). Standard per-Pauli-string measurement (baseline).",95.399,85296.580
2134,H2O,0,1,10,def2-svp,basis_set_exchange,tn_qc_opt,48,yes,TN_QC_OPT (Cebule),COBYLA,,,2,3,full,qasm_gen_grouped,432,,,"N_Qubit inherited from the JW-mapped Hamiltonian (verified, see JW row). Cebule QASM_GEN basis-state-pair-grouping measurement scheme. Expected to require fewer or equal distinct circuits per iteration than plain 'pauli' measurement (that's QASM_GEN's whole purpose), but the exact circuit count is an output of a real QASM_GEN/TN_QC_OPT run, not predictable in advance -- see docs.mqs.dk QASM_GEN section.",95.399,85391.979
2135,H2O,0,1,10,def2-svp,basis_set_exchange,tn_qc_opt,48,yes,TN_QC_OPT (Cebule),COBYLA,,,2,3,phase,pauli,432,,,"N_Qubit inherited from the JW-mapped Hamiltonian (verified, see JW row). Standard per-Pauli-string measurement (baseline).",95.399,85487.378
2136,H2O,0,1,10,def2-svp,basis_set_exchange,tn_qc_opt,48,yes,TN_QC_OPT (Cebule),COBYLA,,,2,3,phase,qasm_gen_grouped,432,,,"N_Qubit inherited from the JW-mapped Hamiltonian (verified, see JW row). Cebule QASM_GEN basis-state-pair-grouping measurement scheme. Expected to require fewer or equal distinct circuits per iteration than plain 'pauli' measurement (that's QASM_GEN's whole purpose), but the exact circuit count is an output of a real QASM_GEN/TN_QC_OPT run, not predictable in advance -- see docs.mqs.dk QASM_GEN section.",95.399,85582.778
2149,H2O,0,1,10,def2-svp,basis_set_exchange,tn_qc_opt,48,yes,TN_QC_OPT (Cebule),COBYLA,,,3,3,full,pauli,432,,,"N_Qubit inherited from the JW-mapped Hamiltonian (verified, see JW row). Standard per-Pauli-string measurement (baseline).",95.399,85678.177
2150,H2O,0,1,10,def2-svp,basis_set_exchange,tn_qc_opt,48,yes,TN_QC_OPT (Cebule),COBYLA,,,3,3,full,qasm_gen_grouped,432,,,"N_Qubit inherited from the JW-mapped Hamiltonian (verified, see JW row). Cebule QASM_GEN basis-state-pair-grouping measurement scheme. Expected to require fewer or equal distinct circuits per iteration than plain 'pauli' measurement (that's QASM_GEN's whole purpose), but the exact circuit count is an output of a real QASM_GEN/TN_QC_OPT run, not predictable in advance -- see docs.mqs.dk QASM_GEN section.",95.399,85773.576
2151,H2O,0,1,10,def2-svp,basis_set_exchange,tn_qc_opt,48,yes,TN_QC_OPT (Cebule),COBYLA,,,3,3,phase,pauli,432,,,"N_Qubit inherited from the JW-mapped Hamiltonian (verified, see JW row). Standard per-Pauli-string measurement (baseline).",95.399,85868.975
2152,H2O,0,1,10,def2-svp,basis_set_exchange,tn_qc_opt,48,yes,TN_QC_OPT (Cebule),COBYLA,,,3,3,phase,qasm_gen_grouped,432,,,"N_Qubit inherited from the JW-mapped Hamiltonian (verified, see JW row). Cebule QASM_GEN basis-state-pair-grouping measurement scheme. Expected to require fewer or equal distinct circuits per iteration than plain 'pauli' measurement (that's QASM_GEN's whole purpose), but the exact circuit count is an output of a real QASM_GEN/TN_QC_OPT run, not predictable in advance -- see docs.mqs.dk QASM_GEN section.",95.399,85964.375
1883,H2O,0,1,10,cc-pvdz,basis_set_exchange,tn_qc_opt,48,yes,TN_QC_OPT (Cebule),COBYLA,,,0,4,n/a (no TN layers),pauli,576,,,"N_Qubit inherited from the JW-mapped Hamiltonian (verified, see JW row). TN_Layers_Network=0 is the paper's 'circuit only' baseline -- equivalent to plain VQE with this Hamiltonian encoding and no TN preprocessing. Standard per-Pauli-string measurement (baseline).",95.576,86059.951
1884,H2O,0,1,10,cc-pvdz,basis_set_exchange,tn_qc_opt,48,yes,TN_QC_OPT (Cebule),COBYLA,,,0,4,n/a (no TN layers),qasm_gen_grouped,576,,,"N_Qubit inherited from the JW-mapped Hamiltonian (verified, see JW row). TN_Layers_Network=0 is the paper's 'circuit only' baseline -- equivalent to plain VQE with this Hamiltonian encoding and no TN preprocessing. Cebule QASM_GEN basis-state-pair-grouping measurement scheme. Expected to require fewer or equal distinct circuits per iteration than plain 'pauli' measurement (that's QASM_GEN's whole purpose), but the exact circuit count is an output of a real QASM_GEN/TN_QC_OPT run, not predictable in advance -- see docs.mqs.dk QASM_GEN section.",95.576,86155.527
1897,H2O,0,1,10,cc-pvdz,basis_set_exchange,tn_qc_opt,48,yes,TN_QC_OPT (Cebule),COBYLA,,,1,4,full,pauli,576,,,"N_Qubit inherited from the JW-mapped Hamiltonian (verified, see JW row). Standard per-Pauli-string measurement (baseline).",95.576,86251.103
1898,H2O,0,1,10,cc-pvdz,basis_set_exchange,tn_qc_opt,48,yes,TN_QC_OPT (Cebule),COBYLA,,,1,4,full,qasm_gen_grouped,576,,,"N_Qubit inherited from the JW-mapped Hamiltonian (verified, see JW row). Cebule QASM_GEN basis-state-pair-grouping measurement scheme. Expected to require fewer or equal distinct circuits per iteration than plain 'pauli' measurement (that's QASM_GEN's whole purpose), but the exact circuit count is an output of a real QASM_GEN/TN_QC_OPT run, not predictable in advance -- see docs.mqs.dk QASM_GEN section.",95.576,86346.680
1899,H2O,0,1,10,cc-pvdz,basis_set_exchange,tn_qc_opt,48,yes,TN_QC_OPT (Cebule),COBYLA,,,1,4,phase,pauli,576,,,"N_Qubit inherited from the JW-mapped Hamiltonian (verified, see JW row). Standard per-Pauli-string measurement (baseline).",95.576,86442.256
1900,H2O,0,1,10,cc-pvdz,basis_set_exchange,tn_qc_opt,48,yes,TN_QC_OPT (Cebule),COBYLA,,,1,4,phase,qasm_gen_grouped,576,,,"N_Qubit inherited from the JW-mapped Hamiltonian (verified, see JW row). Cebule QASM_GEN basis-state-pair-grouping measurement scheme. Expected to require fewer or equal distinct circuits per iteration than plain 'pauli' measurement (that's QASM_GEN's whole purpose), but the exact circuit count is an output of a real QASM_GEN/TN_QC_OPT run, not predictable in advance -- see docs.mqs.dk QASM_GEN section.",95.576,86537.832
1913,H2O,0,1,10,cc-pvdz,basis_set_exchange,tn_qc_opt,48,yes,TN_QC_OPT (Cebule),COBYLA,,,2,4,full,pauli,576,,,"N_Qubit inherited from the JW-mapped Hamiltonian (verified, see JW row). Standard per-Pauli-string measurement (baseline).",95.576,86633.408
1914,H2O,0,1,10,cc-pvdz,basis_set_exchange,tn_qc_opt,48,yes,TN_QC_OPT (Cebule),COBYLA,,,2,4,full,qasm_gen_grouped,576,,,"N_Qubit inherited from the JW-mapped Hamiltonian (verified, see JW row). Cebule QASM_GEN basis-state-pair-grouping measurement scheme. Expected to require fewer or equal distinct circuits per iteration than plain 'pauli' measurement (that's QASM_GEN's whole purpose), but the exact circuit count is an output of a real QASM_GEN/TN_QC_OPT run, not predictable in advance -- see docs.mqs.dk QASM_GEN section.",95.576,86728.984
1915,H2O,0,1,10,cc-pvdz,basis_set_exchange,tn_qc_opt,48,yes,TN_QC_OPT (Cebule),COBYLA,,,2,4,phase,pauli,576,,,"N_Qubit inherited from the JW-mapped Hamiltonian (verified, see JW row). Standard per-Pauli-string measurement (baseline).",95.576,86824.561
1916,H2O,0,1,10,cc-pvdz,basis_set_exchange,tn_qc_opt,48,yes,TN_QC_OPT (Cebule),COBYLA,,,2,4,phase,qasm_gen_grouped,576,,,"N_Qubit inherited from the JW-mapped Hamiltonian (verified, see JW row). Cebule QASM_GEN basis-state-pair-grouping measurement scheme. Expected to require fewer or equal distinct circuits per iteration than plain 'pauli' measurement (that's QASM_GEN's whole purpose), but the exact circuit count is an output of a real QASM_GEN/TN_QC_OPT run, not predictable in advance -- see docs.mqs.dk QASM_GEN section.",95.576,86920.137
1929,H2O,0,1,10,cc-pvdz,basis_set_exchange,tn_qc_opt,48,yes,TN_QC_OPT (Cebule),COBYLA,,,3,4,full,pauli,576,,,"N_Qubit inherited from the JW-mapped Hamiltonian (verified, see JW row). Standard per-Pauli-string measurement (baseline).",95.576,87015.713
1930,H2O,0,1,10,cc-pvdz,basis_set_exchange,tn_qc_opt,48,yes,TN_QC_OPT (Cebule),COBYLA,,,3,4,full,qasm_gen_grouped,576,,,"N_Qubit inherited from the JW-mapped Hamiltonian (verified, see JW row). Cebule QASM_GEN basis-state-pair-grouping measurement scheme. Expected to require fewer or equal distinct circuits per iteration than plain 'pauli' measurement (that's QASM_GEN's whole purpose), but the exact circuit count is an output of a real QASM_GEN/TN_QC_OPT run, not predictable in advance -- see docs.mqs.dk QASM_GEN section.",95.576,87111.289
1931,H2O,0,1,10,cc-pvdz,basis_set_exchange,tn_qc_opt,48,yes,TN_QC_OPT (Cebule),COBYLA,,,3,4,phase,pauli,576,,,"N_Qubit inherited from the JW-mapped Hamiltonian (verified, see JW row). Standard per-Pauli-string measurement (baseline).",95.576,87206.866
1932,H2O,0,1,10,cc-pvdz,basis_set_exchange,tn_qc_opt,48,yes,TN_QC_OPT (Cebule),COBYLA,,,3,4,phase,qasm_gen_grouped,576,,,"N_Qubit inherited from the JW-mapped Hamiltonian (verified, see JW row). Cebule QASM_GEN basis-state-pair-grouping measurement scheme. Expected to require fewer or equal distinct circuits per iteration than plain 'pauli' measurement (that's QASM_GEN's whole purpose), but the exact circuit count is an output of a real QASM_GEN/TN_QC_OPT run, not predictable in advance -- see docs.mqs.dk QASM_GEN section.",95.576,87302.442
2107,H2O,0,1,10,def2-svp,basis_set_exchange,tn_qc_opt,48,yes,TN_QC_OPT (Cebule),COBYLA,,,0,4,n/a (no TN layers),pauli,576,,,"N_Qubit inherited from the JW-mapped Hamiltonian (verified, see JW row). TN_Layers_Network=0 is the paper's 'circuit only' baseline -- equivalent to plain VQE with this Hamiltonian encoding and no TN preprocessing. Standard per-Pauli-string measurement (baseline).",95.576,87398.018
2108,H2O,0,1,10,def2-svp,basis_set_exchange,tn_qc_opt,48,yes,TN_QC_OPT (Cebule),COBYLA,,,0,4,n/a (no TN layers),qasm_gen_grouped,576,,,"N_Qubit inherited from the JW-mapped Hamiltonian (verified, see JW row). TN_Layers_Network=0 is the paper's 'circuit only' baseline -- equivalent to plain VQE with this Hamiltonian encoding and no TN preprocessing. Cebule QASM_GEN basis-state-pair-grouping measurement scheme. Expected to require fewer or equal distinct circuits per iteration than plain 'pauli' measurement (that's QASM_GEN's whole purpose), but the exact circuit count is an output of a real QASM_GEN/TN_QC_OPT run, not predictable in advance -- see docs.mqs.dk QASM_GEN section.",95.576,87493.594
2121,H2O,0,1,10,def2-svp,basis_set_exchange,tn_qc_opt,48,yes,TN_QC_OPT (Cebule),COBYLA,,,1,4,full,pauli,576,,,"N_Qubit inherited from the JW-mapped Hamiltonian (verified, see JW row). Standard per-Pauli-string measurement (baseline).",95.576,87589.170
2122,H2O,0,1,10,def2-svp,basis_set_exchange,tn_qc_opt,48,yes,TN_QC_OPT (Cebule),COBYLA,,,1,4,full,qasm_gen_grouped,576,,,"N_Qubit inherited from the JW-mapped Hamiltonian (verified, see JW row). Cebule QASM_GEN basis-state-pair-grouping measurement scheme. Expected to require fewer or equal distinct circuits per iteration than plain 'pauli' measurement (that's QASM_GEN's whole purpose), but the exact circuit count is an output of a real QASM_GEN/TN_QC_OPT run, not predictable in advance -- see docs.mqs.dk QASM_GEN section.",95.576,87684.747
2123,H2O,0,1,10,def2-svp,basis_set_exchange,tn_qc_opt,48,yes,TN_QC_OPT (Cebule),COBYLA,,,1,4,phase,pauli,576,,,"N_Qubit inherited from the JW-mapped Hamiltonian (verified, see JW row). Standard per-Pauli-string measurement (baseline).",95.576,87780.323
2124,H2O,0,1,10,def2-svp,basis_set_exchange,tn_qc_opt,48,yes,TN_QC_OPT (Cebule),COBYLA,,,1,4,phase,qasm_gen_grouped,576,,,"N_Qubit inherited from the JW-mapped Hamiltonian (verified, see JW row). Cebule QASM_GEN basis-state-pair-grouping measurement scheme. Expected to require fewer or equal distinct circuits per iteration than plain 'pauli' measurement (that's QASM_GEN's whole purpose), but the exact circuit count is an output of a real QASM_GEN/TN_QC_OPT run, not predictable in advance -- see docs.mqs.dk QASM_GEN section.",95.576,87875.899
2137,H2O,0,1,10,def2-svp,basis_set_exchange,tn_qc_opt,48,yes,TN_QC_OPT (Cebule),COBYLA,,,2,4,full,pauli,576,,,"N_Qubit inherited from the JW-mapped Hamiltonian (verified, see JW row). Standard per-Pauli-string measurement (baseline).",95.576,87971.475
2138,H2O,0,1,10,def2-svp,basis_set_exchange,tn_qc_opt,48,yes,TN_QC_OPT (Cebule),COBYLA,,,2,4,full,qasm_gen_grouped,576,,,"N_Qubit inherited from the JW-mapped Hamiltonian (verified, see JW row). Cebule QASM_GEN basis-state-pair-grouping measurement scheme. Expected to require fewer or equal distinct circuits per iteration than plain 'pauli' measurement (that's QASM_GEN's whole purpose), but the exact circuit count is an output of a real QASM_GEN/TN_QC_OPT run, not predictable in advance -- see docs.mqs.dk QASM_GEN section.",95.576,88067.052
2139,H2O,0,1,10,def2-svp,basis_set_exchange,tn_qc_opt,48,yes,TN_QC_OPT (Cebule),COBYLA,,,2,4,phase,pauli,576,,,"N_Qubit inherited from the JW-mapped Hamiltonian (verified, see JW row). Standard per-Pauli-string measurement (baseline).",95.576,88162.628
2140,H2O,0,1,10,def2-svp,basis_set_exchange,tn_qc_opt,48,yes,TN_QC_OPT (Cebule),COBYLA,,,2,4,phase,qasm_gen_grouped,576,,,"N_Qubit inherited from the JW-mapped Hamiltonian (verified, see JW row). Cebule QASM_GEN basis-state-pair-grouping measurement scheme. Expected to require fewer or equal distinct circuits per iteration than plain 'pauli' measurement (that's QASM_GEN's whole purpose), but the exact circuit count is an output of a real QASM_GEN/TN_QC_OPT run, not predictable in advance -- see docs.mqs.dk QASM_GEN section.",95.576,88258.204
2153,H2O,0,1,10,def2-svp,basis_set_exchange,tn_qc_opt,48,yes,TN_QC_OPT (Cebule),COBYLA,,,3,4,full,pauli,576,,,"N_Qubit inherited from the JW-mapped Hamiltonian (verified, see JW row). Standard per-Pauli-string measurement (baseline).",95.576,88353.780
2154,H2O,0,1,10,def2-svp,basis_set_exchange,tn_qc_opt,48,yes,TN_QC_OPT (Cebule),COBYLA,,,3,4,full,qasm_gen_grouped,576,,,"N_Qubit inherited from the JW-mapped Hamiltonian (verified, see JW row). Cebule QASM_GEN basis-state-pair-grouping measurement scheme. Expected to require fewer or equal distinct circuits per iteration than plain 'pauli' measurement (that's QASM_GEN's whole purpose), but the exact circuit count is an output of a real QASM_GEN/TN_QC_OPT run, not predictable in advance -- see docs.mqs.dk QASM_GEN section.",95.576,88449.356
2155,H2O,0,1,10,def2-svp,basis_set_exchange,tn_qc_opt,48,yes,TN_QC_OPT (Cebule),COBYLA,,,3,4,phase,pauli,576,,,"N_Qubit inherited from the JW-mapped Hamiltonian (verified, see JW row). Standard per-Pauli-string measurement (baseline).",95.576,88544.933
2156,H2O,0,1,10,def2-svp,basis_set_exchange,tn_qc_opt,48,yes,TN_QC_OPT (Cebule),COBYLA,,,3,4,phase,qasm_gen_grouped,576,,,"N_Qubit inherited from the JW-mapped Hamiltonian (verified, see JW row). Cebule QASM_GEN basis-state-pair-grouping measurement scheme. Expected to require fewer or equal distinct circuits per iteration than plain 'pauli' measurement (that's QASM_GEN's whole purpose), but the exact circuit count is an output of a real QASM_GEN/TN_QC_OPT run, not predictable in advance -- see docs.mqs.dk QASM_GEN section.",95.576,88640.509
13,H2,0,1,2,cc-pvtz,basis_set_exchange,JW,56,yes,,,,,,,,pauli,,,,Standard per-Pauli-string measurement (baseline).,95.753,88736.262
14,H2,0,1,2,cc-pvtz,basis_set_exchange,JW,56,yes,,,,,,,,qasm_gen_grouped,,,,"Cebule QASM_GEN basis-state-pair-grouping measurement scheme. Expected to require fewer or equal distinct circuits per iteration than plain 'pauli' measurement (that's QASM_GEN's whole purpose), but the exact circuit count is an output of a real QASM_GEN/TN_QC_OPT run, not predictable in advance -- see docs.mqs.dk QASM_GEN section.",95.753,88832.015
37,Li2,0,1,6,cc-pvdz,basis_set_exchange,JW,56,yes,,,,,,,,pauli,,,,Standard per-Pauli-string measurement (baseline).,95.753,88927.768
38,Li2,0,1,6,cc-pvdz,basis_set_exchange,JW,56,yes,,,,,,,,qasm_gen_grouped,,,,"Cebule QASM_GEN basis-state-pair-grouping measurement scheme. Expected to require fewer or equal distinct circuits per iteration than plain 'pauli' measurement (that's QASM_GEN's whole purpose), but the exact circuit count is an output of a real QASM_GEN/TN_QC_OPT run, not predictable in advance -- see docs.mqs.dk QASM_GEN section.",95.753,89023.521
49,Li2,0,1,6,def2-tzvp,basis_set_exchange,JW,56,yes,,,,,,,,pauli,,,,Standard per-Pauli-string measurement (baseline).,95.753,89119.275
50,Li2,0,1,6,def2-tzvp,basis_set_exchange,JW,56,yes,,,,,,,,qasm_gen_grouped,,,,"Cebule QASM_GEN basis-state-pair-grouping measurement scheme. Expected to require fewer or equal distinct circuits per iteration than plain 'pauli' measurement (that's QASM_GEN's whole purpose), but the exact circuit count is an output of a real QASM_GEN/TN_QC_OPT run, not predictable in advance -- see docs.mqs.dk QASM_GEN section.",95.753,89215.028
421,H2,0,1,2,cc-pvtz,basis_set_exchange,tn_qc_opt,56,yes,TN_QC_OPT (Cebule),COBYLA,,,0,1,n/a (no TN layers),pauli,168,,,"N_Qubit inherited from the JW-mapped Hamiltonian (verified, see JW row). TN_Layers_Network=0 is the paper's 'circuit only' baseline -- equivalent to plain VQE with this Hamiltonian encoding and no TN preprocessing. Standard per-Pauli-string measurement (baseline).",95.753,89310.781
422,H2,0,1,2,cc-pvtz,basis_set_exchange,tn_qc_opt,56,yes,TN_QC_OPT (Cebule),COBYLA,,,0,1,n/a (no TN layers),qasm_gen_grouped,168,,,"N_Qubit inherited from the JW-mapped Hamiltonian (verified, see JW row). TN_Layers_Network=0 is the paper's 'circuit only' baseline -- equivalent to plain VQE with this Hamiltonian encoding and no TN preprocessing. Cebule QASM_GEN basis-state-pair-grouping measurement scheme. Expected to require fewer or equal distinct circuits per iteration than plain 'pauli' measurement (that's QASM_GEN's whole purpose), but the exact circuit count is an output of a real QASM_GEN/TN_QC_OPT run, not predictable in advance -- see docs.mqs.dk QASM_GEN section.",95.753,89406.534
429,H2,0,1,2,cc-pvtz,basis_set_exchange,tn_qc_opt,56,yes,TN_QC_OPT (Cebule),COBYLA,,,1,1,full,pauli,168,,,"N_Qubit inherited from the JW-mapped Hamiltonian (verified, see JW row). Standard per-Pauli-string measurement (baseline).",95.753,89502.287
430,H2,0,1,2,cc-pvtz,basis_set_exchange,tn_qc_opt,56,yes,TN_QC_OPT (Cebule),COBYLA,,,1,1,full,qasm_gen_grouped,168,,,"N_Qubit inherited from the JW-mapped Hamiltonian (verified, see JW row). Cebule QASM_GEN basis-state-pair-grouping measurement scheme. Expected to require fewer or equal distinct circuits per iteration than plain 'pauli' measurement (that's QASM_GEN's whole purpose), but the exact circuit count is an output of a real QASM_GEN/TN_QC_OPT run, not predictable in advance -- see docs.mqs.dk QASM_GEN section.",95.753,89598.040
431,H2,0,1,2,cc-pvtz,basis_set_exchange,tn_qc_opt,56,yes,TN_QC_OPT (Cebule),COBYLA,,,1,1,phase,pauli,168,,,"N_Qubit inherited from the JW-mapped Hamiltonian (verified, see JW row). Standard per-Pauli-string measurement (baseline).",95.753,89693.794
432,H2,0,1,2,cc-pvtz,basis_set_exchange,tn_qc_opt,56,yes,TN_QC_OPT (Cebule),COBYLA,,,1,1,phase,qasm_gen_grouped,168,,,"N_Qubit inherited from the JW-mapped Hamiltonian (verified, see JW row). Cebule QASM_GEN basis-state-pair-grouping measurement scheme. Expected to require fewer or equal distinct circuits per iteration than plain 'pauli' measurement (that's QASM_GEN's whole purpose), but the exact circuit count is an output of a real QASM_GEN/TN_QC_OPT run, not predictable in advance -- see docs.mqs.dk QASM_GEN section.",95.753,89789.547
445,H2,0,1,2,cc-pvtz,basis_set_exchange,tn_qc_opt,56,yes,TN_QC_OPT (Cebule),COBYLA,,,2,1,full,pauli,168,,,"N_Qubit inherited from the JW-mapped Hamiltonian (verified, see JW row). Standard per-Pauli-string measurement (baseline).",95.753,89885.300
446,H2,0,1,2,cc-pvtz,basis_set_exchange,tn_qc_opt,56,yes,TN_QC_OPT (Cebule),COBYLA,,,2,1,full,qasm_gen_grouped,168,,,"N_Qubit inherited from the JW-mapped Hamiltonian (verified, see JW row). Cebule QASM_GEN basis-state-pair-grouping measurement scheme. Expected to require fewer or equal distinct circuits per iteration than plain 'pauli' measurement (that's QASM_GEN's whole purpose), but the exact circuit count is an output of a real QASM_GEN/TN_QC_OPT run, not predictable in advance -- see docs.mqs.dk QASM_GEN section.",95.753,89981.053
447,H2,0,1,2,cc-pvtz,basis_set_exchange,tn_qc_opt,56,yes,TN_QC_OPT (Cebule),COBYLA,,,2,1,phase,pauli,168,,,"N_Qubit inherited from the JW-mapped Hamiltonian (verified, see JW row). Standard per-Pauli-string measurement (baseline).",95.753,90076.806
448,H2,0,1,2,cc-pvtz,basis_set_exchange,tn_qc_opt,56,yes,TN_QC_OPT (Cebule),COBYLA,,,2,1,phase,qasm_gen_grouped,168,,,"N_Qubit inherited from the JW-mapped Hamiltonian (verified, see JW row). Cebule QASM_GEN basis-state-pair-grouping measurement scheme. Expected to require fewer or equal distinct circuits per iteration than plain 'pauli' measurement (that's QASM_GEN's whole purpose), but the exact circuit count is an output of a real QASM_GEN/TN_QC_OPT run, not predictable in advance -- see docs.mqs.dk QASM_GEN section.",95.753,90172.559
461,H2,0,1,2,cc-pvtz,basis_set_exchange,tn_qc_opt,56,yes,TN_QC_OPT (Cebule),COBYLA,,,3,1,full,pauli,168,,,"N_Qubit inherited from the JW-mapped Hamiltonian (verified, see JW row). Standard per-Pauli-string measurement (baseline).",95.753,90268.313
462,H2,0,1,2,cc-pvtz,basis_set_exchange,tn_qc_opt,56,yes,TN_QC_OPT (Cebule),COBYLA,,,3,1,full,qasm_gen_grouped,168,,,"N_Qubit inherited from the JW-mapped Hamiltonian (verified, see JW row). Cebule QASM_GEN basis-state-pair-grouping measurement scheme. Expected to require fewer or equal distinct circuits per iteration than plain 'pauli' measurement (that's QASM_GEN's whole purpose), but the exact circuit count is an output of a real QASM_GEN/TN_QC_OPT run, not predictable in advance -- see docs.mqs.dk QASM_GEN section.",95.753,90364.066
463,H2,0,1,2,cc-pvtz,basis_set_exchange,tn_qc_opt,56,yes,TN_QC_OPT (Cebule),COBYLA,,,3,1,phase,pauli,168,,,"N_Qubit inherited from the JW-mapped Hamiltonian (verified, see JW row). Standard per-Pauli-string measurement (baseline).",95.753,90459.819
464,H2,0,1,2,cc-pvtz,basis_set_exchange,tn_qc_opt,56,yes,TN_QC_OPT (Cebule),COBYLA,,,3,1,phase,qasm_gen_grouped,168,,,"N_Qubit inherited from the JW-mapped Hamiltonian (verified, see JW row). Cebule QASM_GEN basis-state-pair-grouping measurement scheme. Expected to require fewer or equal distinct circuits per iteration than plain 'pauli' measurement (that's QASM_GEN's whole purpose), but the exact circuit count is an output of a real QASM_GEN/TN_QC_OPT run, not predictable in advance -- see docs.mqs.dk QASM_GEN section.",95.753,90555.572
1093,Li2,0,1,6,cc-pvdz,basis_set_exchange,tn_qc_opt,56,yes,TN_QC_OPT (Cebule),COBYLA,,,0,1,n/a (no TN layers),pauli,168,,,"N_Qubit inherited from the JW-mapped Hamiltonian (verified, see JW row). TN_Layers_Network=0 is the paper's 'circuit only' baseline -- equivalent to plain VQE with this Hamiltonian encoding and no TN preprocessing. Standard per-Pauli-string measurement (baseline).",95.753,90651.325
1094,Li2,0,1,6,cc-pvdz,basis_set_exchange,tn_qc_opt,56,yes,TN_QC_OPT (Cebule),COBYLA,,,0,1,n/a (no TN layers),qasm_gen_grouped,168,,,"N_Qubit inherited from the JW-mapped Hamiltonian (verified, see JW row). TN_Layers_Network=0 is the paper's 'circuit only' baseline -- equivalent to plain VQE with this Hamiltonian encoding and no TN preprocessing. Cebule QASM_GEN basis-state-pair-grouping measurement scheme. Expected to require fewer or equal distinct circuits per iteration than plain 'pauli' measurement (that's QASM_GEN's whole purpose), but the exact circuit count is an output of a real QASM_GEN/TN_QC_OPT run, not predictable in advance -- see docs.mqs.dk QASM_GEN section.",95.753,90747.078
1101,Li2,0,1,6,cc-pvdz,basis_set_exchange,tn_qc_opt,56,yes,TN_QC_OPT (Cebule),COBYLA,,,1,1,full,pauli,168,,,"N_Qubit inherited from the JW-mapped Hamiltonian (verified, see JW row). Standard per-Pauli-string measurement (baseline).",95.753,90842.832
1102,Li2,0,1,6,cc-pvdz,basis_set_exchange,tn_qc_opt,56,yes,TN_QC_OPT (Cebule),COBYLA,,,1,1,full,qasm_gen_grouped,168,,,"N_Qubit inherited from the JW-mapped Hamiltonian (verified, see JW row). Cebule QASM_GEN basis-state-pair-grouping measurement scheme. Expected to require fewer or equal distinct circuits per iteration than plain 'pauli' measurement (that's QASM_GEN's whole purpose), but the exact circuit count is an output of a real QASM_GEN/TN_QC_OPT run, not predictable in advance -- see docs.mqs.dk QASM_GEN section.",95.753,90938.585
1103,Li2,0,1,6,cc-pvdz,basis_set_exchange,tn_qc_opt,56,yes,TN_QC_OPT (Cebule),COBYLA,,,1,1,phase,pauli,168,,,"N_Qubit inherited from the JW-mapped Hamiltonian (verified, see JW row). Standard per-Pauli-string measurement (baseline).",95.753,91034.338
1104,Li2,0,1,6,cc-pvdz,basis_set_exchange,tn_qc_opt,56,yes,TN_QC_OPT (Cebule),COBYLA,,,1,1,phase,qasm_gen_grouped,168,,,"N_Qubit inherited from the JW-mapped Hamiltonian (verified, see JW row). Cebule QASM_GEN basis-state-pair-grouping measurement scheme. Expected to require fewer or equal distinct circuits per iteration than plain 'pauli' measurement (that's QASM_GEN's whole purpose), but the exact circuit count is an output of a real QASM_GEN/TN_QC_OPT run, not predictable in advance -- see docs.mqs.dk QASM_GEN section.",95.753,91130.091
1117,Li2,0,1,6,cc-pvdz,basis_set_exchange,tn_qc_opt,56,yes,TN_QC_OPT (Cebule),COBYLA,,,2,1,full,pauli,168,,,"N_Qubit inherited from the JW-mapped Hamiltonian (verified, see JW row). Standard per-Pauli-string measurement (baseline).",95.753,91225.844
1118,Li2,0,1,6,cc-pvdz,basis_set_exchange,tn_qc_opt,56,yes,TN_QC_OPT (Cebule),COBYLA,,,2,1,full,qasm_gen_grouped,168,,,"N_Qubit inherited from the JW-mapped Hamiltonian (verified, see JW row). Cebule QASM_GEN basis-state-pair-grouping measurement scheme. Expected to require fewer or equal distinct circuits per iteration than plain 'pauli' measurement (that's QASM_GEN's whole purpose), but the exact circuit count is an output of a real QASM_GEN/TN_QC_OPT run, not predictable in advance -- see docs.mqs.dk QASM_GEN section.",95.753,91321.597
1119,Li2,0,1,6,cc-pvdz,basis_set_exchange,tn_qc_opt,56,yes,TN_QC_OPT (Cebule),COBYLA,,,2,1,phase,pauli,168,,,"N_Qubit inherited from the JW-mapped Hamiltonian (verified, see JW row). Standard per-Pauli-string measurement (baseline).",95.753,91417.351
1120,Li2,0,1,6,cc-pvdz,basis_set_exchange,tn_qc_opt,56,yes,TN_QC_OPT (Cebule),COBYLA,,,2,1,phase,qasm_gen_grouped,168,,,"N_Qubit inherited from the JW-mapped Hamiltonian (verified, see JW row). Cebule QASM_GEN basis-state-pair-grouping measurement scheme. Expected to require fewer or equal distinct circuits per iteration than plain 'pauli' measurement (that's QASM_GEN's whole purpose), but the exact circuit count is an output of a real QASM_GEN/TN_QC_OPT run, not predictable in advance -- see docs.mqs.dk QASM_GEN section.",95.753,91513.104
1133,Li2,0,1,6,cc-pvdz,basis_set_exchange,tn_qc_opt,56,yes,TN_QC_OPT (Cebule),COBYLA,,,3,1,full,pauli,168,,,"N_Qubit inherited from the JW-mapped Hamiltonian (verified, see JW row). Standard per-Pauli-string measurement (baseline).",95.753,91608.857
1134,Li2,0,1,6,cc-pvdz,basis_set_exchange,tn_qc_opt,56,yes,TN_QC_OPT (Cebule),COBYLA,,,3,1,full,qasm_gen_grouped,168,,,"N_Qubit inherited from the JW-mapped Hamiltonian (verified, see JW row). Cebule QASM_GEN basis-state-pair-grouping measurement scheme. Expected to require fewer or equal distinct circuits per iteration than plain 'pauli' measurement (that's QASM_GEN's whole purpose), but the exact circuit count is an output of a real QASM_GEN/TN_QC_OPT run, not predictable in advance -- see docs.mqs.dk QASM_GEN section.",95.753,91704.610
1135,Li2,0,1,6,cc-pvdz,basis_set_exchange,tn_qc_opt,56,yes,TN_QC_OPT (Cebule),COBYLA,,,3,1,phase,pauli,168,,,"N_Qubit inherited from the JW-mapped Hamiltonian (verified, see JW row). Standard per-Pauli-string measurement (baseline).",95.753,91800.363
1136,Li2,0,1,6,cc-pvdz,basis_set_exchange,tn_qc_opt,56,yes,TN_QC_OPT (Cebule),COBYLA,,,3,1,phase,qasm_gen_grouped,168,,,"N_Qubit inherited from the JW-mapped Hamiltonian (verified, see JW row). Cebule QASM_GEN basis-state-pair-grouping measurement scheme. Expected to require fewer or equal distinct circuits per iteration than plain 'pauli' measurement (that's QASM_GEN's whole purpose), but the exact circuit count is an output of a real QASM_GEN/TN_QC_OPT run, not predictable in advance -- see docs.mqs.dk QASM_GEN section.",95.753,91896.116
1429,Li2,0,1,6,def2-tzvp,basis_set_exchange,tn_qc_opt,56,yes,TN_QC_OPT (Cebule),COBYLA,,,0,1,n/a (no TN layers),pauli,168,,,"N_Qubit inherited from the JW-mapped Hamiltonian (verified, see JW row). TN_Layers_Network=0 is the paper's 'circuit only' baseline -- equivalent to plain VQE with this Hamiltonian encoding and no TN preprocessing. Standard per-Pauli-string measurement (baseline).",95.753,91991.870
1430,Li2,0,1,6,def2-tzvp,basis_set_exchange,tn_qc_opt,56,yes,TN_QC_OPT (Cebule),COBYLA,,,0,1,n/a (no TN layers),qasm_gen_grouped,168,,,"N_Qubit inherited from the JW-mapped Hamiltonian (verified, see JW row). TN_Layers_Network=0 is the paper's 'circuit only' baseline -- equivalent to plain VQE with this Hamiltonian encoding and no TN preprocessing. Cebule QASM_GEN basis-state-pair-grouping measurement scheme. Expected to require fewer or equal distinct circuits per iteration than plain 'pauli' measurement (that's QASM_GEN's whole purpose), but the exact circuit count is an output of a real QASM_GEN/TN_QC_OPT run, not predictable in advance -- see docs.mqs.dk QASM_GEN section.",95.753,92087.623
1437,Li2,0,1,6,def2-tzvp,basis_set_exchange,tn_qc_opt,56,yes,TN_QC_OPT (Cebule),COBYLA,,,1,1,full,pauli,168,,,"N_Qubit inherited from the JW-mapped Hamiltonian (verified, see JW row). Standard per-Pauli-string measurement (baseline).",95.753,92183.376
1438,Li2,0,1,6,def2-tzvp,basis_set_exchange,tn_qc_opt,56,yes,TN_QC_OPT (Cebule),COBYLA,,,1,1,full,qasm_gen_grouped,168,,,"N_Qubit inherited from the JW-mapped Hamiltonian (verified, see JW row). Cebule QASM_GEN basis-state-pair-grouping measurement scheme. Expected to require fewer or equal distinct circuits per iteration than plain 'pauli' measurement (that's QASM_GEN's whole purpose), but the exact circuit count is an output of a real QASM_GEN/TN_QC_OPT run, not predictable in advance -- see docs.mqs.dk QASM_GEN section.",95.753,92279.129
1439,Li2,0,1,6,def2-tzvp,basis_set_exchange,tn_qc_opt,56,yes,TN_QC_OPT (Cebule),COBYLA,,,1,1,phase,pauli,168,,,"N_Qubit inherited from the JW-mapped Hamiltonian (verified, see JW row). Standard per-Pauli-string measurement (baseline).",95.753,92374.882
1440,Li2,0,1,6,def2-tzvp,basis_set_exchange,tn_qc_opt,56,yes,TN_QC_OPT (Cebule),COBYLA,,,1,1,phase,qasm_gen_grouped,168,,,"N_Qubit inherited from the JW-mapped Hamiltonian (verified, see JW row). Cebule QASM_GEN basis-state-pair-grouping measurement scheme. Expected to require fewer or equal distinct circuits per iteration than plain 'pauli' measurement (that's QASM_GEN's whole purpose), but the exact circuit count is an output of a real QASM_GEN/TN_QC_OPT run, not predictable in advance -- see docs.mqs.dk QASM_GEN section.",95.753,92470.635
1453,Li2,0,1,6,def2-tzvp,basis_set_exchange,tn_qc_opt,56,yes,TN_QC_OPT (Cebule),COBYLA,,,2,1,full,pauli,168,,,"N_Qubit inherited from the JW-mapped Hamiltonian (verified, see JW row). Standard per-Pauli-string measurement (baseline).",95.753,92566.389
1454,Li2,0,1,6,def2-tzvp,basis_set_exchange,tn_qc_opt,56,yes,TN_QC_OPT (Cebule),COBYLA,,,2,1,full,qasm_gen_grouped,168,,,"N_Qubit inherited from the JW-mapped Hamiltonian (verified, see JW row). Cebule QASM_GEN basis-state-pair-grouping measurement scheme. Expected to require fewer or equal distinct circuits per iteration than plain 'pauli' measurement (that's QASM_GEN's whole purpose), but the exact circuit count is an output of a real QASM_GEN/TN_QC_OPT run, not predictable in advance -- see docs.mqs.dk QASM_GEN section.",95.753,92662.142
1455,Li2,0,1,6,def2-tzvp,basis_set_exchange,tn_qc_opt,56,yes,TN_QC_OPT (Cebule),COBYLA,,,2,1,phase,pauli,168,,,"N_Qubit inherited from the JW-mapped Hamiltonian (verified, see JW row). Standard per-Pauli-string measurement (baseline).",95.753,92757.895
1456,Li2,0,1,6,def2-tzvp,basis_set_exchange,tn_qc_opt,56,yes,TN_QC_OPT (Cebule),COBYLA,,,2,1,phase,qasm_gen_grouped,168,,,"N_Qubit inherited from the JW-mapped Hamiltonian (verified, see JW row). Cebule QASM_GEN basis-state-pair-grouping measurement scheme. Expected to require fewer or equal distinct circuits per iteration than plain 'pauli' measurement (that's QASM_GEN's whole purpose), but the exact circuit count is an output of a real QASM_GEN/TN_QC_OPT run, not predictable in advance -- see docs.mqs.dk QASM_GEN section.",95.753,92853.648
1469,Li2,0,1,6,def2-tzvp,basis_set_exchange,tn_qc_opt,56,yes,TN_QC_OPT (Cebule),COBYLA,,,3,1,full,pauli,168,,,"N_Qubit inherited from the JW-mapped Hamiltonian (verified, see JW row). Standard per-Pauli-string measurement (baseline).",95.753,92949.401
1470,Li2,0,1,6,def2-tzvp,basis_set_exchange,tn_qc_opt,56,yes,TN_QC_OPT (Cebule),COBYLA,,,3,1,full,qasm_gen_grouped,168,,,"N_Qubit inherited from the JW-mapped Hamiltonian (verified, see JW row). Cebule QASM_GEN basis-state-pair-grouping measurement scheme. Expected to require fewer or equal distinct circuits per iteration than plain 'pauli' measurement (that's QASM_GEN's whole purpose), but the exact circuit count is an output of a real QASM_GEN/TN_QC_OPT run, not predictable in advance -- see docs.mqs.dk QASM_GEN section.",95.753,93045.154
1471,Li2,0,1,6,def2-tzvp,basis_set_exchange,tn_qc_opt,56,yes,TN_QC_OPT (Cebule),COBYLA,,,3,1,phase,pauli,168,,,"N_Qubit inherited from the JW-mapped Hamiltonian (verified, see JW row). Standard per-Pauli-string measurement (baseline).",95.753,93140.908
1472,Li2,0,1,6,def2-tzvp,basis_set_exchange,tn_qc_opt,56,yes,TN_QC_OPT (Cebule),COBYLA,,,3,1,phase,qasm_gen_grouped,168,,,"N_Qubit inherited from the JW-mapped Hamiltonian (verified, see JW row). Cebule QASM_GEN basis-state-pair-grouping measurement scheme. Expected to require fewer or equal distinct circuits per iteration than plain 'pauli' measurement (that's QASM_GEN's whole purpose), but the exact circuit count is an output of a real QASM_GEN/TN_QC_OPT run, not predictable in advance -- see docs.mqs.dk QASM_GEN section.",95.753,93236.661
423,H2,0,1,2,cc-pvtz,basis_set_exchange,tn_qc_opt,56,yes,TN_QC_OPT (Cebule),COBYLA,,,0,2,n/a (no TN layers),pauli,336,,,"N_Qubit inherited from the JW-mapped Hamiltonian (verified, see JW row). TN_Layers_Network=0 is the paper's 'circuit only' baseline -- equivalent to plain VQE with this Hamiltonian encoding and no TN preprocessing. Standard per-Pauli-string measurement (baseline).",95.930,93332.591
424,H2,0,1,2,cc-pvtz,basis_set_exchange,tn_qc_opt,56,yes,TN_QC_OPT (Cebule),COBYLA,,,0,2,n/a (no TN layers),qasm_gen_grouped,336,,,"N_Qubit inherited from the JW-mapped Hamiltonian (verified, see JW row). TN_Layers_Network=0 is the paper's 'circuit only' baseline -- equivalent to plain VQE with this Hamiltonian encoding and no TN preprocessing. Cebule QASM_GEN basis-state-pair-grouping measurement scheme. Expected to require fewer or equal distinct circuits per iteration than plain 'pauli' measurement (that's QASM_GEN's whole purpose), but the exact circuit count is an output of a real QASM_GEN/TN_QC_OPT run, not predictable in advance -- see docs.mqs.dk QASM_GEN section.",95.930,93428.521
433,H2,0,1,2,cc-pvtz,basis_set_exchange,tn_qc_opt,56,yes,TN_QC_OPT (Cebule),COBYLA,,,1,2,full,pauli,336,,,"N_Qubit inherited from the JW-mapped Hamiltonian (verified, see JW row). Standard per-Pauli-string measurement (baseline).",95.930,93524.451
434,H2,0,1,2,cc-pvtz,basis_set_exchange,tn_qc_opt,56,yes,TN_QC_OPT (Cebule),COBYLA,,,1,2,full,qasm_gen_grouped,336,,,"N_Qubit inherited from the JW-mapped Hamiltonian (verified, see JW row). Cebule QASM_GEN basis-state-pair-grouping measurement scheme. Expected to require fewer or equal distinct circuits per iteration than plain 'pauli' measurement (that's QASM_GEN's whole purpose), but the exact circuit count is an output of a real QASM_GEN/TN_QC_OPT run, not predictable in advance -- see docs.mqs.dk QASM_GEN section.",95.930,93620.381
435,H2,0,1,2,cc-pvtz,basis_set_exchange,tn_qc_opt,56,yes,TN_QC_OPT (Cebule),COBYLA,,,1,2,phase,pauli,336,,,"N_Qubit inherited from the JW-mapped Hamiltonian (verified, see JW row). Standard per-Pauli-string measurement (baseline).",95.930,93716.311
436,H2,0,1,2,cc-pvtz,basis_set_exchange,tn_qc_opt,56,yes,TN_QC_OPT (Cebule),COBYLA,,,1,2,phase,qasm_gen_grouped,336,,,"N_Qubit inherited from the JW-mapped Hamiltonian (verified, see JW row). Cebule QASM_GEN basis-state-pair-grouping measurement scheme. Expected to require fewer or equal distinct circuits per iteration than plain 'pauli' measurement (that's QASM_GEN's whole purpose), but the exact circuit count is an output of a real QASM_GEN/TN_QC_OPT run, not predictable in advance -- see docs.mqs.dk QASM_GEN section.",95.930,93812.241
449,H2,0,1,2,cc-pvtz,basis_set_exchange,tn_qc_opt,56,yes,TN_QC_OPT (Cebule),COBYLA,,,2,2,full,pauli,336,,,"N_Qubit inherited from the JW-mapped Hamiltonian (verified, see JW row). Standard per-Pauli-string measurement (baseline).",95.930,93908.172
450,H2,0,1,2,cc-pvtz,basis_set_exchange,tn_qc_opt,56,yes,TN_QC_OPT (Cebule),COBYLA,,,2,2,full,qasm_gen_grouped,336,,,"N_Qubit inherited from the JW-mapped Hamiltonian (verified, see JW row). Cebule QASM_GEN basis-state-pair-grouping measurement scheme. Expected to require fewer or equal distinct circuits per iteration than plain 'pauli' measurement (that's QASM_GEN's whole purpose), but the exact circuit count is an output of a real QASM_GEN/TN_QC_OPT run, not predictable in advance -- see docs.mqs.dk QASM_GEN section.",95.930,94004.102
451,H2,0,1,2,cc-pvtz,basis_set_exchange,tn_qc_opt,56,yes,TN_QC_OPT (Cebule),COBYLA,,,2,2,phase,pauli,336,,,"N_Qubit inherited from the JW-mapped Hamiltonian (verified, see JW row). Standard per-Pauli-string measurement (baseline).",95.930,94100.032
452,H2,0,1,2,cc-pvtz,basis_set_exchange,tn_qc_opt,56,yes,TN_QC_OPT (Cebule),COBYLA,,,2,2,phase,qasm_gen_grouped,336,,,"N_Qubit inherited from the JW-mapped Hamiltonian (verified, see JW row). Cebule QASM_GEN basis-state-pair-grouping measurement scheme. Expected to require fewer or equal distinct circuits per iteration than plain 'pauli' measurement (that's QASM_GEN's whole purpose), but the exact circuit count is an output of a real QASM_GEN/TN_QC_OPT run, not predictable in advance -- see docs.mqs.dk QASM_GEN section.",95.930,94195.962
465,H2,0,1,2,cc-pvtz,basis_set_exchange,tn_qc_opt,56,yes,TN_QC_OPT (Cebule),COBYLA,,,3,2,full,pauli,336,,,"N_Qubit inherited from the JW-mapped Hamiltonian (verified, see JW row). Standard per-Pauli-string measurement (baseline).",95.930,94291.892
466,H2,0,1,2,cc-pvtz,basis_set_exchange,tn_qc_opt,56,yes,TN_QC_OPT (Cebule),COBYLA,,,3,2,full,qasm_gen_grouped,336,,,"N_Qubit inherited from the JW-mapped Hamiltonian (verified, see JW row). Cebule QASM_GEN basis-state-pair-grouping measurement scheme. Expected to require fewer or equal distinct circuits per iteration than plain 'pauli' measurement (that's QASM_GEN's whole purpose), but the exact circuit count is an output of a real QASM_GEN/TN_QC_OPT run, not predictable in advance -- see docs.mqs.dk QASM_GEN section.",95.930,94387.822
467,H2,0,1,2,cc-pvtz,basis_set_exchange,tn_qc_opt,56,yes,TN_QC_OPT (Cebule),COBYLA,,,3,2,phase,pauli,336,,,"N_Qubit inherited from the JW-mapped Hamiltonian (verified, see JW row). Standard per-Pauli-string measurement (baseline).",95.930,94483.752
468,H2,0,1,2,cc-pvtz,basis_set_exchange,tn_qc_opt,56,yes,TN_QC_OPT (Cebule),COBYLA,,,3,2,phase,qasm_gen_grouped,336,,,"N_Qubit inherited from the JW-mapped Hamiltonian (verified, see JW row). Cebule QASM_GEN basis-state-pair-grouping measurement scheme. Expected to require fewer or equal distinct circuits per iteration than plain 'pauli' measurement (that's QASM_GEN's whole purpose), but the exact circuit count is an output of a real QASM_GEN/TN_QC_OPT run, not predictable in advance -- see docs.mqs.dk QASM_GEN section.",95.930,94579.682
1095,Li2,0,1,6,cc-pvdz,basis_set_exchange,tn_qc_opt,56,yes,TN_QC_OPT (Cebule),COBYLA,,,0,2,n/a (no TN layers),pauli,336,,,"N_Qubit inherited from the JW-mapped Hamiltonian (verified, see JW row). TN_Layers_Network=0 is the paper's 'circuit only' baseline -- equivalent to plain VQE with this Hamiltonian encoding and no TN preprocessing. Standard per-Pauli-string measurement (baseline).",95.930,94675.612
1096,Li2,0,1,6,cc-pvdz,basis_set_exchange,tn_qc_opt,56,yes,TN_QC_OPT (Cebule),COBYLA,,,0,2,n/a (no TN layers),qasm_gen_grouped,336,,,"N_Qubit inherited from the JW-mapped Hamiltonian (verified, see JW row). TN_Layers_Network=0 is the paper's 'circuit only' baseline -- equivalent to plain VQE with this Hamiltonian encoding and no TN preprocessing. Cebule QASM_GEN basis-state-pair-grouping measurement scheme. Expected to require fewer or equal distinct circuits per iteration than plain 'pauli' measurement (that's QASM_GEN's whole purpose), but the exact circuit count is an output of a real QASM_GEN/TN_QC_OPT run, not predictable in advance -- see docs.mqs.dk QASM_GEN section.",95.930,94771.543
1105,Li2,0,1,6,cc-pvdz,basis_set_exchange,tn_qc_opt,56,yes,TN_QC_OPT (Cebule),COBYLA,,,1,2,full,pauli,336,,,"N_Qubit inherited from the JW-mapped Hamiltonian (verified, see JW row). Standard per-Pauli-string measurement (baseline).",95.930,94867.473
1106,Li2,0,1,6,cc-pvdz,basis_set_exchange,tn_qc_opt,56,yes,TN_QC_OPT (Cebule),COBYLA,,,1,2,full,qasm_gen_grouped,336,,,"N_Qubit inherited from the JW-mapped Hamiltonian (verified, see JW row). Cebule QASM_GEN basis-state-pair-grouping measurement scheme. Expected to require fewer or equal distinct circuits per iteration than plain 'pauli' measurement (that's QASM_GEN's whole purpose), but the exact circuit count is an output of a real QASM_GEN/TN_QC_OPT run, not predictable in advance -- see docs.mqs.dk QASM_GEN section.",95.930,94963.403
1107,Li2,0,1,6,cc-pvdz,basis_set_exchange,tn_qc_opt,56,yes,TN_QC_OPT (Cebule),COBYLA,,,1,2,phase,pauli,336,,,"N_Qubit inherited from the JW-mapped Hamiltonian (verified, see JW row). Standard per-Pauli-string measurement (baseline).",95.930,95059.333
1108,Li2,0,1,6,cc-pvdz,basis_set_exchange,tn_qc_opt,56,yes,TN_QC_OPT (Cebule),COBYLA,,,1,2,phase,qasm_gen_grouped,336,,,"N_Qubit inherited from the JW-mapped Hamiltonian (verified, see JW row). Cebule QASM_GEN basis-state-pair-grouping measurement scheme. Expected to require fewer or equal distinct circuits per iteration than plain 'pauli' measurement (that's QASM_GEN's whole purpose), but the exact circuit count is an output of a real QASM_GEN/TN_QC_OPT run, not predictable in advance -- see docs.mqs.dk QASM_GEN section.",95.930,95155.263
1121,Li2,0,1,6,cc-pvdz,basis_set_exchange,tn_qc_opt,56,yes,TN_QC_OPT (Cebule),COBYLA,,,2,2,full,pauli,336,,,"N_Qubit inherited from the JW-mapped Hamiltonian (verified, see JW row). Standard per-Pauli-string measurement (baseline).",95.930,95251.193
1122,Li2,0,1,6,cc-pvdz,basis_set_exchange,tn_qc_opt,56,yes,TN_QC_OPT (Cebule),COBYLA,,,2,2,full,qasm_gen_grouped,336,,,"N_Qubit inherited from the JW-mapped Hamiltonian (verified, see JW row). Cebule QASM_GEN basis-state-pair-grouping measurement scheme. Expected to require fewer or equal distinct circuits per iteration than plain 'pauli' measurement (that's QASM_GEN's whole purpose), but the exact circuit count is an output of a real QASM_GEN/TN_QC_OPT run, not predictable in advance -- see docs.mqs.dk QASM_GEN section.",95.930,95347.123
1123,Li2,0,1,6,cc-pvdz,basis_set_exchange,tn_qc_opt,56,yes,TN_QC_OPT (Cebule),COBYLA,,,2,2,phase,pauli,336,,,"N_Qubit inherited from the JW-mapped Hamiltonian (verified, see JW row). Standard per-Pauli-string measurement (baseline).",95.930,95443.053
1124,Li2,0,1,6,cc-pvdz,basis_set_exchange,tn_qc_opt,56,yes,TN_QC_OPT (Cebule),COBYLA,,,2,2,phase,qasm_gen_grouped,336,,,"N_Qubit inherited from the JW-mapped Hamiltonian (verified, see JW row). Cebule QASM_GEN basis-state-pair-grouping measurement scheme. Expected to require fewer or equal distinct circuits per iteration than plain 'pauli' measurement (that's QASM_GEN's whole purpose), but the exact circuit count is an output of a real QASM_GEN/TN_QC_OPT run, not predictable in advance -- see docs.mqs.dk QASM_GEN section.",95.930,95538.983
1137,Li2,0,1,6,cc-pvdz,basis_set_exchange,tn_qc_opt,56,yes,TN_QC_OPT (Cebule),COBYLA,,,3,2,full,pauli,336,,,"N_Qubit inherited from the JW-mapped Hamiltonian (verified, see JW row). Standard per-Pauli-string measurement (baseline).",95.930,95634.914
1138,Li2,0,1,6,cc-pvdz,basis_set_exchange,tn_qc_opt,56,yes,TN_QC_OPT (Cebule),COBYLA,,,3,2,full,qasm_gen_grouped,336,,,"N_Qubit inherited from the JW-mapped Hamiltonian (verified, see JW row). Cebule QASM_GEN basis-state-pair-grouping measurement scheme. Expected to require fewer or equal distinct circuits per iteration than plain 'pauli' measurement (that's QASM_GEN's whole purpose), but the exact circuit count is an output of a real QASM_GEN/TN_QC_OPT run, not predictable in advance -- see docs.mqs.dk QASM_GEN section.",95.930,95730.844
1139,Li2,0,1,6,cc-pvdz,basis_set_exchange,tn_qc_opt,56,yes,TN_QC_OPT (Cebule),COBYLA,,,3,2,phase,pauli,336,,,"N_Qubit inherited from the JW-mapped Hamiltonian (verified, see JW row). Standard per-Pauli-string measurement (baseline).",95.930,95826.774
1140,Li2,0,1,6,cc-pvdz,basis_set_exchange,tn_qc_opt,56,yes,TN_QC_OPT (Cebule),COBYLA,,,3,2,phase,qasm_gen_grouped,336,,,"N_Qubit inherited from the JW-mapped Hamiltonian (verified, see JW row). Cebule QASM_GEN basis-state-pair-grouping measurement scheme. Expected to require fewer or equal distinct circuits per iteration than plain 'pauli' measurement (that's QASM_GEN's whole purpose), but the exact circuit count is an output of a real QASM_GEN/TN_QC_OPT run, not predictable in advance -- see docs.mqs.dk QASM_GEN section.",95.930,95922.704
1431,Li2,0,1,6,def2-tzvp,basis_set_exchange,tn_qc_opt,56,yes,TN_QC_OPT (Cebule),COBYLA,,,0,2,n/a (no TN layers),pauli,336,,,"N_Qubit inherited from the JW-mapped Hamiltonian (verified, see JW row). TN_Layers_Network=0 is the paper's 'circuit only' baseline -- equivalent to plain VQE with this Hamiltonian encoding and no TN preprocessing. Standard per-Pauli-string measurement (baseline).",95.930,96018.634
1432,Li2,0,1,6,def2-tzvp,basis_set_exchange,tn_qc_opt,56,yes,TN_QC_OPT (Cebule),COBYLA,,,0,2,n/a (no TN layers),qasm_gen_grouped,336,,,"N_Qubit inherited from the JW-mapped Hamiltonian (verified, see JW row). TN_Layers_Network=0 is the paper's 'circuit only' baseline -- equivalent to plain VQE with this Hamiltonian encoding and no TN preprocessing. Cebule QASM_GEN basis-state-pair-grouping measurement scheme. Expected to require fewer or equal distinct circuits per iteration than plain 'pauli' measurement (that's QASM_GEN's whole purpose), but the exact circuit count is an output of a real QASM_GEN/TN_QC_OPT run, not predictable in advance -- see docs.mqs.dk QASM_GEN section.",95.930,96114.564
1441,Li2,0,1,6,def2-tzvp,basis_set_exchange,tn_qc_opt,56,yes,TN_QC_OPT (Cebule),COBYLA,,,1,2,full,pauli,336,,,"N_Qubit inherited from the JW-mapped Hamiltonian (verified, see JW row). Standard per-Pauli-string measurement (baseline).",95.930,96210.494
1442,Li2,0,1,6,def2-tzvp,basis_set_exchange,tn_qc_opt,56,yes,TN_QC_OPT (Cebule),COBYLA,,,1,2,full,qasm_gen_grouped,336,,,"N_Qubit inherited from the JW-mapped Hamiltonian (verified, see JW row). Cebule QASM_GEN basis-state-pair-grouping measurement scheme. Expected to require fewer or equal distinct circuits per iteration than plain 'pauli' measurement (that's QASM_GEN's whole purpose), but the exact circuit count is an output of a real QASM_GEN/TN_QC_OPT run, not predictable in advance -- see docs.mqs.dk QASM_GEN section.",95.930,96306.424
1443,Li2,0,1,6,def2-tzvp,basis_set_exchange,tn_qc_opt,56,yes,TN_QC_OPT (Cebule),COBYLA,,,1,2,phase,pauli,336,,,"N_Qubit inherited from the JW-mapped Hamiltonian (verified, see JW row). Standard per-Pauli-string measurement (baseline).",95.930,96402.354
1444,Li2,0,1,6,def2-tzvp,basis_set_exchange,tn_qc_opt,56,yes,TN_QC_OPT (Cebule),COBYLA,,,1,2,phase,qasm_gen_grouped,336,,,"N_Qubit inherited from the JW-mapped Hamiltonian (verified, see JW row). Cebule QASM_GEN basis-state-pair-grouping measurement scheme. Expected to require fewer or equal distinct circuits per iteration than plain 'pauli' measurement (that's QASM_GEN's whole purpose), but the exact circuit count is an output of a real QASM_GEN/TN_QC_OPT run, not predictable in advance -- see docs.mqs.dk QASM_GEN section.",95.930,96498.285
1457,Li2,0,1,6,def2-tzvp,basis_set_exchange,tn_qc_opt,56,yes,TN_QC_OPT (Cebule),COBYLA,,,2,2,full,pauli,336,,,"N_Qubit inherited from the JW-mapped Hamiltonian (verified, see JW row). Standard per-Pauli-string measurement (baseline).",95.930,96594.215
1458,Li2,0,1,6,def2-tzvp,basis_set_exchange,tn_qc_opt,56,yes,TN_QC_OPT (Cebule),COBYLA,,,2,2,full,qasm_gen_grouped,336,,,"N_Qubit inherited from the JW-mapped Hamiltonian (verified, see JW row). Cebule QASM_GEN basis-state-pair-grouping measurement scheme. Expected to require fewer or equal distinct circuits per iteration than plain 'pauli' measurement (that's QASM_GEN's whole purpose), but the exact circuit count is an output of a real QASM_GEN/TN_QC_OPT run, not predictable in advance -- see docs.mqs.dk QASM_GEN section.",95.930,96690.145
1459,Li2,0,1,6,def2-tzvp,basis_set_exchange,tn_qc_opt,56,yes,TN_QC_OPT (Cebule),COBYLA,,,2,2,phase,pauli,336,,,"N_Qubit inherited from the JW-mapped Hamiltonian (verified, see JW row). Standard per-Pauli-string measurement (baseline).",95.930,96786.075
1460,Li2,0,1,6,def2-tzvp,basis_set_exchange,tn_qc_opt,56,yes,TN_QC_OPT (Cebule),COBYLA,,,2,2,phase,qasm_gen_grouped,336,,,"N_Qubit inherited from the JW-mapped Hamiltonian (verified, see JW row). Cebule QASM_GEN basis-state-pair-grouping measurement scheme. Expected to require fewer or equal distinct circuits per iteration than plain 'pauli' measurement (that's QASM_GEN's whole purpose), but the exact circuit count is an output of a real QASM_GEN/TN_QC_OPT run, not predictable in advance -- see docs.mqs.dk QASM_GEN section.",95.930,96882.005
1473,Li2,0,1,6,def2-tzvp,basis_set_exchange,tn_qc_opt,56,yes,TN_QC_OPT (Cebule),COBYLA,,,3,2,full,pauli,336,,,"N_Qubit inherited from the JW-mapped Hamiltonian (verified, see JW row). Standard per-Pauli-string measurement (baseline).",95.930,96977.935
1474,Li2,0,1,6,def2-tzvp,basis_set_exchange,tn_qc_opt,56,yes,TN_QC_OPT (Cebule),COBYLA,,,3,2,full,qasm_gen_grouped,336,,,"N_Qubit inherited from the JW-mapped Hamiltonian (verified, see JW row). Cebule QASM_GEN basis-state-pair-grouping measurement scheme. Expected to require fewer or equal distinct circuits per iteration than plain 'pauli' measurement (that's QASM_GEN's whole purpose), but the exact circuit count is an output of a real QASM_GEN/TN_QC_OPT run, not predictable in advance -- see docs.mqs.dk QASM_GEN section.",95.930,97073.865
1475,Li2,0,1,6,def2-tzvp,basis_set_exchange,tn_qc_opt,56,yes,TN_QC_OPT (Cebule),COBYLA,,,3,2,phase,pauli,336,,,"N_Qubit inherited from the JW-mapped Hamiltonian (verified, see JW row). Standard per-Pauli-string measurement (baseline).",95.930,97169.795
1476,Li2,0,1,6,def2-tzvp,basis_set_exchange,tn_qc_opt,56,yes,TN_QC_OPT (Cebule),COBYLA,,,3,2,phase,qasm_gen_grouped,336,,,"N_Qubit inherited from the JW-mapped Hamiltonian (verified, see JW row). Cebule QASM_GEN basis-state-pair-grouping measurement scheme. Expected to require fewer or equal distinct circuits per iteration than plain 'pauli' measurement (that's QASM_GEN's whole purpose), but the exact circuit count is an output of a real QASM_GEN/TN_QC_OPT run, not predictable in advance -- see docs.mqs.dk QASM_GEN section.",95.930,97265.725
425,H2,0,1,2,cc-pvtz,basis_set_exchange,tn_qc_opt,56,yes,TN_QC_OPT (Cebule),COBYLA,,,0,3,n/a (no TN layers),pauli,504,,,"N_Qubit inherited from the JW-mapped Hamiltonian (verified, see JW row). TN_Layers_Network=0 is the paper's 'circuit only' baseline -- equivalent to plain VQE with this Hamiltonian encoding and no TN preprocessing. Standard per-Pauli-string measurement (baseline).",96.107,97361.832
426,H2,0,1,2,cc-pvtz,basis_set_exchange,tn_qc_opt,56,yes,TN_QC_OPT (Cebule),COBYLA,,,0,3,n/a (no TN layers),qasm_gen_grouped,504,,,"N_Qubit inherited from the JW-mapped Hamiltonian (verified, see JW row). TN_Layers_Network=0 is the paper's 'circuit only' baseline -- equivalent to plain VQE with this Hamiltonian encoding and no TN preprocessing. Cebule QASM_GEN basis-state-pair-grouping measurement scheme. Expected to require fewer or equal distinct circuits per iteration than plain 'pauli' measurement (that's QASM_GEN's whole purpose), but the exact circuit count is an output of a real QASM_GEN/TN_QC_OPT run, not predictable in advance -- see docs.mqs.dk QASM_GEN section.",96.107,97457.940
437,H2,0,1,2,cc-pvtz,basis_set_exchange,tn_qc_opt,56,yes,TN_QC_OPT (Cebule),COBYLA,,,1,3,full,pauli,504,,,"N_Qubit inherited from the JW-mapped Hamiltonian (verified, see JW row). Standard per-Pauli-string measurement (baseline).",96.107,97554.047
438,H2,0,1,2,cc-pvtz,basis_set_exchange,tn_qc_opt,56,yes,TN_QC_OPT (Cebule),COBYLA,,,1,3,full,qasm_gen_grouped,504,,,"N_Qubit inherited from the JW-mapped Hamiltonian (verified, see JW row). Cebule QASM_GEN basis-state-pair-grouping measurement scheme. Expected to require fewer or equal distinct circuits per iteration than plain 'pauli' measurement (that's QASM_GEN's whole purpose), but the exact circuit count is an output of a real QASM_GEN/TN_QC_OPT run, not predictable in advance -- see docs.mqs.dk QASM_GEN section.",96.107,97650.154
439,H2,0,1,2,cc-pvtz,basis_set_exchange,tn_qc_opt,56,yes,TN_QC_OPT (Cebule),COBYLA,,,1,3,phase,pauli,504,,,"N_Qubit inherited from the JW-mapped Hamiltonian (verified, see JW row). Standard per-Pauli-string measurement (baseline).",96.107,97746.261
440,H2,0,1,2,cc-pvtz,basis_set_exchange,tn_qc_opt,56,yes,TN_QC_OPT (Cebule),COBYLA,,,1,3,phase,qasm_gen_grouped,504,,,"N_Qubit inherited from the JW-mapped Hamiltonian (verified, see JW row). Cebule QASM_GEN basis-state-pair-grouping measurement scheme. Expected to require fewer or equal distinct circuits per iteration than plain 'pauli' measurement (that's QASM_GEN's whole purpose), but the exact circuit count is an output of a real QASM_GEN/TN_QC_OPT run, not predictable in advance -- see docs.mqs.dk QASM_GEN section.",96.107,97842.368
453,H2,0,1,2,cc-pvtz,basis_set_exchange,tn_qc_opt,56,yes,TN_QC_OPT (Cebule),COBYLA,,,2,3,full,pauli,504,,,"N_Qubit inherited from the JW-mapped Hamiltonian (verified, see JW row). Standard per-Pauli-string measurement (baseline).",96.107,97938.475
454,H2,0,1,2,cc-pvtz,basis_set_exchange,tn_qc_opt,56,yes,TN_QC_OPT (Cebule),COBYLA,,,2,3,full,qasm_gen_grouped,504,,,"N_Qubit inherited from the JW-mapped Hamiltonian (verified, see JW row). Cebule QASM_GEN basis-state-pair-grouping measurement scheme. Expected to require fewer or equal distinct circuits per iteration than plain 'pauli' measurement (that's QASM_GEN's whole purpose), but the exact circuit count is an output of a real QASM_GEN/TN_QC_OPT run, not predictable in advance -- see docs.mqs.dk QASM_GEN section.",96.107,98034.582
455,H2,0,1,2,cc-pvtz,basis_set_exchange,tn_qc_opt,56,yes,TN_QC_OPT (Cebule),COBYLA,,,2,3,phase,pauli,504,,,"N_Qubit inherited from the JW-mapped Hamiltonian (verified, see JW row). Standard per-Pauli-string measurement (baseline).",96.107,98130.689
456,H2,0,1,2,cc-pvtz,basis_set_exchange,tn_qc_opt,56,yes,TN_QC_OPT (Cebule),COBYLA,,,2,3,phase,qasm_gen_grouped,504,,,"N_Qubit inherited from the JW-mapped Hamiltonian (verified, see JW row). Cebule QASM_GEN basis-state-pair-grouping measurement scheme. Expected to require fewer or equal distinct circuits per iteration than plain 'pauli' measurement (that's QASM_GEN's whole purpose), but the exact circuit count is an output of a real QASM_GEN/TN_QC_OPT run, not predictable in advance -- see docs.mqs.dk QASM_GEN section.",96.107,98226.796
469,H2,0,1,2,cc-pvtz,basis_set_exchange,tn_qc_opt,56,yes,TN_QC_OPT (Cebule),COBYLA,,,3,3,full,pauli,504,,,"N_Qubit inherited from the JW-mapped Hamiltonian (verified, see JW row). Standard per-Pauli-string measurement (baseline).",96.107,98322.903
470,H2,0,1,2,cc-pvtz,basis_set_exchange,tn_qc_opt,56,yes,TN_QC_OPT (Cebule),COBYLA,,,3,3,full,qasm_gen_grouped,504,,,"N_Qubit inherited from the JW-mapped Hamiltonian (verified, see JW row). Cebule QASM_GEN basis-state-pair-grouping measurement scheme. Expected to require fewer or equal distinct circuits per iteration than plain 'pauli' measurement (that's QASM_GEN's whole purpose), but the exact circuit count is an output of a real QASM_GEN/TN_QC_OPT run, not predictable in advance -- see docs.mqs.dk QASM_GEN section.",96.107,98419.010
471,H2,0,1,2,cc-pvtz,basis_set_exchange,tn_qc_opt,56,yes,TN_QC_OPT (Cebule),COBYLA,,,3,3,phase,pauli,504,,,"N_Qubit inherited from the JW-mapped Hamiltonian (verified, see JW row). Standard per-Pauli-string measurement (baseline).",96.107,98515.117
472,H2,0,1,2,cc-pvtz,basis_set_exchange,tn_qc_opt,56,yes,TN_QC_OPT (Cebule),COBYLA,,,3,3,phase,qasm_gen_grouped,504,,,"N_Qubit inherited from the JW-mapped Hamiltonian (verified, see JW row). Cebule QASM_GEN basis-state-pair-grouping measurement scheme. Expected to require fewer or equal distinct circuits per iteration than plain 'pauli' measurement (that's QASM_GEN's whole purpose), but the exact circuit count is an output of a real QASM_GEN/TN_QC_OPT run, not predictable in advance -- see docs.mqs.dk QASM_GEN section.",96.107,98611.224
1097,Li2,0,1,6,cc-pvdz,basis_set_exchange,tn_qc_opt,56,yes,TN_QC_OPT (Cebule),COBYLA,,,0,3,n/a (no TN layers),pauli,504,,,"N_Qubit inherited from the JW-mapped Hamiltonian (verified, see JW row). TN_Layers_Network=0 is the paper's 'circuit only' baseline -- equivalent to plain VQE with this Hamiltonian encoding and no TN preprocessing. Standard per-Pauli-string measurement (baseline).",96.107,98707.331
1098,Li2,0,1,6,cc-pvdz,basis_set_exchange,tn_qc_opt,56,yes,TN_QC_OPT (Cebule),COBYLA,,,0,3,n/a (no TN layers),qasm_gen_grouped,504,,,"N_Qubit inherited from the JW-mapped Hamiltonian (verified, see JW row). TN_Layers_Network=0 is the paper's 'circuit only' baseline -- equivalent to plain VQE with this Hamiltonian encoding and no TN preprocessing. Cebule QASM_GEN basis-state-pair-grouping measurement scheme. Expected to require fewer or equal distinct circuits per iteration than plain 'pauli' measurement (that's QASM_GEN's whole purpose), but the exact circuit count is an output of a real QASM_GEN/TN_QC_OPT run, not predictable in advance -- see docs.mqs.dk QASM_GEN section.",96.107,98803.438
1109,Li2,0,1,6,cc-pvdz,basis_set_exchange,tn_qc_opt,56,yes,TN_QC_OPT (Cebule),COBYLA,,,1,3,full,pauli,504,,,"N_Qubit inherited from the JW-mapped Hamiltonian (verified, see JW row). Standard per-Pauli-string measurement (baseline).",96.107,98899.545
1110,Li2,0,1,6,cc-pvdz,basis_set_exchange,tn_qc_opt,56,yes,TN_QC_OPT (Cebule),COBYLA,,,1,3,full,qasm_gen_grouped,504,,,"N_Qubit inherited from the JW-mapped Hamiltonian (verified, see JW row). Cebule QASM_GEN basis-state-pair-grouping measurement scheme. Expected to require fewer or equal distinct circuits per iteration than plain 'pauli' measurement (that's QASM_GEN's whole purpose), but the exact circuit count is an output of a real QASM_GEN/TN_QC_OPT run, not predictable in advance -- see docs.mqs.dk QASM_GEN section.",96.107,98995.653
1111,Li2,0,1,6,cc-pvdz,basis_set_exchange,tn_qc_opt,56,yes,TN_QC_OPT (Cebule),COBYLA,,,1,3,phase,pauli,504,,,"N_Qubit inherited from the JW-mapped Hamiltonian (verified, see JW row). Standard per-Pauli-string measurement (baseline).",96.107,99091.760
1112,Li2,0,1,6,cc-pvdz,basis_set_exchange,tn_qc_opt,56,yes,TN_QC_OPT (Cebule),COBYLA,,,1,3,phase,qasm_gen_grouped,504,,,"N_Qubit inherited from the JW-mapped Hamiltonian (verified, see JW row). Cebule QASM_GEN basis-state-pair-grouping measurement scheme. Expected to require fewer or equal distinct circuits per iteration than plain 'pauli' measurement (that's QASM_GEN's whole purpose), but the exact circuit count is an output of a real QASM_GEN/TN_QC_OPT run, not predictable in advance -- see docs.mqs.dk QASM_GEN section.",96.107,99187.867
1125,Li2,0,1,6,cc-pvdz,basis_set_exchange,tn_qc_opt,56,yes,TN_QC_OPT (Cebule),COBYLA,,,2,3,full,pauli,504,,,"N_Qubit inherited from the JW-mapped Hamiltonian (verified, see JW row). Standard per-Pauli-string measurement (baseline).",96.107,99283.974
1126,Li2,0,1,6,cc-pvdz,basis_set_exchange,tn_qc_opt,56,yes,TN_QC_OPT (Cebule),COBYLA,,,2,3,full,qasm_gen_grouped,504,,,"N_Qubit inherited from the JW-mapped Hamiltonian (verified, see JW row). Cebule QASM_GEN basis-state-pair-grouping measurement scheme. Expected to require fewer or equal distinct circuits per iteration than plain 'pauli' measurement (that's QASM_GEN's whole purpose), but the exact circuit count is an output of a real QASM_GEN/TN_QC_OPT run, not predictable in advance -- see docs.mqs.dk QASM_GEN section.",96.107,99380.081
1127,Li2,0,1,6,cc-pvdz,basis_set_exchange,tn_qc_opt,56,yes,TN_QC_OPT (Cebule),COBYLA,,,2,3,phase,pauli,504,,,"N_Qubit inherited from the JW-mapped Hamiltonian (verified, see JW row). Standard per-Pauli-string measurement (baseline).",96.107,99476.188
1128,Li2,0,1,6,cc-pvdz,basis_set_exchange,tn_qc_opt,56,yes,TN_QC_OPT (Cebule),COBYLA,,,2,3,phase,qasm_gen_grouped,504,,,"N_Qubit inherited from the JW-mapped Hamiltonian (verified, see JW row). Cebule QASM_GEN basis-state-pair-grouping measurement scheme. Expected to require fewer or equal distinct circuits per iteration than plain 'pauli' measurement (that's QASM_GEN's whole purpose), but the exact circuit count is an output of a real QASM_GEN/TN_QC_OPT run, not predictable in advance -- see docs.mqs.dk QASM_GEN section.",96.107,99572.295
1141,Li2,0,1,6,cc-pvdz,basis_set_exchange,tn_qc_opt,56,yes,TN_QC_OPT (Cebule),COBYLA,,,3,3,full,pauli,504,,,"N_Qubit inherited from the JW-mapped Hamiltonian (verified, see JW row). Standard per-Pauli-string measurement (baseline).",96.107,99668.402
1142,Li2,0,1,6,cc-pvdz,basis_set_exchange,tn_qc_opt,56,yes,TN_QC_OPT (Cebule),COBYLA,,,3,3,full,qasm_gen_grouped,504,,,"N_Qubit inherited from the JW-mapped Hamiltonian (verified, see JW row). Cebule QASM_GEN basis-state-pair-grouping measurement scheme. Expected to require fewer or equal distinct circuits per iteration than plain 'pauli' measurement (that's QASM_GEN's whole purpose), but the exact circuit count is an output of a real QASM_GEN/TN_QC_OPT run, not predictable in advance -- see docs.mqs.dk QASM_GEN section.",96.107,99764.509
1143,Li2,0,1,6,cc-pvdz,basis_set_exchange,tn_qc_opt,56,yes,TN_QC_OPT (Cebule),COBYLA,,,3,3,phase,pauli,504,,,"N_Qubit inherited from the JW-mapped Hamiltonian (verified, see JW row). Standard per-Pauli-string measurement (baseline).",96.107,99860.616
1144,Li2,0,1,6,cc-pvdz,basis_set_exchange,tn_qc_opt,56,yes,TN_QC_OPT (Cebule),COBYLA,,,3,3,phase,qasm_gen_grouped,504,,,"N_Qubit inherited from the JW-mapped Hamiltonian (verified, see JW row). Cebule QASM_GEN basis-state-pair-grouping measurement scheme. Expected to require fewer or equal distinct circuits per iteration than plain 'pauli' measurement (that's QASM_GEN's whole purpose), but the exact circuit count is an output of a real QASM_GEN/TN_QC_OPT run, not predictable in advance -- see docs.mqs.dk QASM_GEN section.",96.107,99956.723
1433,Li2,0,1,6,def2-tzvp,basis_set_exchange,tn_qc_opt,56,yes,TN_QC_OPT (Cebule),COBYLA,,,0,3,n/a (no TN layers),pauli,504,,,"N_Qubit inherited from the JW-mapped Hamiltonian (verified, see JW row). TN_Layers_Network=0 is the paper's 'circuit only' baseline -- equivalent to plain VQE with this Hamiltonian encoding and no TN preprocessing. Standard per-Pauli-string measurement (baseline).",96.107,100052.830
1434,Li2,0,1,6,def2-tzvp,basis_set_exchange,tn_qc_opt,56,yes,TN_QC_OPT (Cebule),COBYLA,,,0,3,n/a (no TN layers),qasm_gen_grouped,504,,,"N_Qubit inherited from the JW-mapped Hamiltonian (verified, see JW row). TN_Layers_Network=0 is the paper's 'circuit only' baseline -- equivalent to plain VQE with this Hamiltonian encoding and no TN preprocessing. Cebule QASM_GEN basis-state-pair-grouping measurement scheme. Expected to require fewer or equal distinct circuits per iteration than plain 'pauli' measurement (that's QASM_GEN's whole purpose), but the exact circuit count is an output of a real QASM_GEN/TN_QC_OPT run, not predictable in advance -- see docs.mqs.dk QASM_GEN section.",96.107,100148.937
1445,Li2,0,1,6,def2-tzvp,basis_set_exchange,tn_qc_opt,56,yes,TN_QC_OPT (Cebule),COBYLA,,,1,3,full,pauli,504,,,"N_Qubit inherited from the JW-mapped Hamiltonian (verified, see JW row). Standard per-Pauli-string measurement (baseline).",96.107,100245.044
1446,Li2,0,1,6,def2-tzvp,basis_set_exchange,tn_qc_opt,56,yes,TN_QC_OPT (Cebule),COBYLA,,,1,3,full,qasm_gen_grouped,504,,,"N_Qubit inherited from the JW-mapped Hamiltonian (verified, see JW row). Cebule QASM_GEN basis-state-pair-grouping measurement scheme. Expected to require fewer or equal distinct circuits per iteration than plain 'pauli' measurement (that's QASM_GEN's whole purpose), but the exact circuit count is an output of a real QASM_GEN/TN_QC_OPT run, not predictable in advance -- see docs.mqs.dk QASM_GEN section.",96.107,100341.151
1447,Li2,0,1,6,def2-tzvp,basis_set_exchange,tn_qc_opt,56,yes,TN_QC_OPT (Cebule),COBYLA,,,1,3,phase,pauli,504,,,"N_Qubit inherited from the JW-mapped Hamiltonian (verified, see JW row). Standard per-Pauli-string measurement (baseline).",96.107,100437.258
1448,Li2,0,1,6,def2-tzvp,basis_set_exchange,tn_qc_opt,56,yes,TN_QC_OPT (Cebule),COBYLA,,,1,3,phase,qasm_gen_grouped,504,,,"N_Qubit inherited from the JW-mapped Hamiltonian (verified, see JW row). Cebule QASM_GEN basis-state-pair-grouping measurement scheme. Expected to require fewer or equal distinct circuits per iteration than plain 'pauli' measurement (that's QASM_GEN's whole purpose), but the exact circuit count is an output of a real QASM_GEN/TN_QC_OPT run, not predictable in advance -- see docs.mqs.dk QASM_GEN section.",96.107,100533.365
1461,Li2,0,1,6,def2-tzvp,basis_set_exchange,tn_qc_opt,56,yes,TN_QC_OPT (Cebule),COBYLA,,,2,3,full,pauli,504,,,"N_Qubit inherited from the JW-mapped Hamiltonian (verified, see JW row). Standard per-Pauli-string measurement (baseline).",96.107,100629.473
1462,Li2,0,1,6,def2-tzvp,basis_set_exchange,tn_qc_opt,56,yes,TN_QC_OPT (Cebule),COBYLA,,,2,3,full,qasm_gen_grouped,504,,,"N_Qubit inherited from the JW-mapped Hamiltonian (verified, see JW row). Cebule QASM_GEN basis-state-pair-grouping measurement scheme. Expected to require fewer or equal distinct circuits per iteration than plain 'pauli' measurement (that's QASM_GEN's whole purpose), but the exact circuit count is an output of a real QASM_GEN/TN_QC_OPT run, not predictable in advance -- see docs.mqs.dk QASM_GEN section.",96.107,100725.580
1463,Li2,0,1,6,def2-tzvp,basis_set_exchange,tn_qc_opt,56,yes,TN_QC_OPT (Cebule),COBYLA,,,2,3,phase,pauli,504,,,"N_Qubit inherited from the JW-mapped Hamiltonian (verified, see JW row). Standard per-Pauli-string measurement (baseline).",96.107,100821.687
1464,Li2,0,1,6,def2-tzvp,basis_set_exchange,tn_qc_opt,56,yes,TN_QC_OPT (Cebule),COBYLA,,,2,3,phase,qasm_gen_grouped,504,,,"N_Qubit inherited from the JW-mapped Hamiltonian (verified, see JW row). Cebule QASM_GEN basis-state-pair-grouping measurement scheme. Expected to require fewer or equal distinct circuits per iteration than plain 'pauli' measurement (that's QASM_GEN's whole purpose), but the exact circuit count is an output of a real QASM_GEN/TN_QC_OPT run, not predictable in advance -- see docs.mqs.dk QASM_GEN section.",96.107,100917.794
1477,Li2,0,1,6,def2-tzvp,basis_set_exchange,tn_qc_opt,56,yes,TN_QC_OPT (Cebule),COBYLA,,,3,3,full,pauli,504,,,"N_Qubit inherited from the JW-mapped Hamiltonian (verified, see JW row). Standard per-Pauli-string measurement (baseline).",96.107,101013.901
1478,Li2,0,1,6,def2-tzvp,basis_set_exchange,tn_qc_opt,56,yes,TN_QC_OPT (Cebule),COBYLA,,,3,3,full,qasm_gen_grouped,504,,,"N_Qubit inherited from the JW-mapped Hamiltonian (verified, see JW row). Cebule QASM_GEN basis-state-pair-grouping measurement scheme. Expected to require fewer or equal distinct circuits per iteration than plain 'pauli' measurement (that's QASM_GEN's whole purpose), but the exact circuit count is an output of a real QASM_GEN/TN_QC_OPT run, not predictable in advance -- see docs.mqs.dk QASM_GEN section.",96.107,101110.008
1479,Li2,0,1,6,def2-tzvp,basis_set_exchange,tn_qc_opt,56,yes,TN_QC_OPT (Cebule),COBYLA,,,3,3,phase,pauli,504,,,"N_Qubit inherited from the JW-mapped Hamiltonian (verified, see JW row). Standard per-Pauli-string measurement (baseline).",96.107,101206.115
1480,Li2,0,1,6,def2-tzvp,basis_set_exchange,tn_qc_opt,56,yes,TN_QC_OPT (Cebule),COBYLA,,,3,3,phase,qasm_gen_grouped,504,,,"N_Qubit inherited from the JW-mapped Hamiltonian (verified, see JW row). Cebule QASM_GEN basis-state-pair-grouping measurement scheme. Expected to require fewer or equal distinct circuits per iteration than plain 'pauli' measurement (that's QASM_GEN's whole purpose), but the exact circuit count is an output of a real QASM_GEN/TN_QC_OPT run, not predictable in advance -- see docs.mqs.dk QASM_GEN section.",96.107,101302.222
427,H2,0,1,2,cc-pvtz,basis_set_exchange,tn_qc_opt,56,yes,TN_QC_OPT (Cebule),COBYLA,,,0,4,n/a (no TN layers),pauli,672,,,"N_Qubit inherited from the JW-mapped Hamiltonian (verified, see JW row). TN_Layers_Network=0 is the paper's 'circuit only' baseline -- equivalent to plain VQE with this Hamiltonian encoding and no TN preprocessing. Standard per-Pauli-string measurement (baseline).",96.284,101398.506
428,H2,0,1,2,cc-pvtz,basis_set_exchange,tn_qc_opt,56,yes,TN_QC_OPT (Cebule),COBYLA,,,0,4,n/a (no TN layers),qasm_gen_grouped,672,,,"N_Qubit inherited from the JW-mapped Hamiltonian (verified, see JW row). TN_Layers_Network=0 is the paper's 'circuit only' baseline -- equivalent to plain VQE with this Hamiltonian encoding and no TN preprocessing. Cebule QASM_GEN basis-state-pair-grouping measurement scheme. Expected to require fewer or equal distinct circuits per iteration than plain 'pauli' measurement (that's QASM_GEN's whole purpose), but the exact circuit count is an output of a real QASM_GEN/TN_QC_OPT run, not predictable in advance -- see docs.mqs.dk QASM_GEN section.",96.284,101494.790
441,H2,0,1,2,cc-pvtz,basis_set_exchange,tn_qc_opt,56,yes,TN_QC_OPT (Cebule),COBYLA,,,1,4,full,pauli,672,,,"N_Qubit inherited from the JW-mapped Hamiltonian (verified, see JW row). Standard per-Pauli-string measurement (baseline).",96.284,101591.074
442,H2,0,1,2,cc-pvtz,basis_set_exchange,tn_qc_opt,56,yes,TN_QC_OPT (Cebule),COBYLA,,,1,4,full,qasm_gen_grouped,672,,,"N_Qubit inherited from the JW-mapped Hamiltonian (verified, see JW row). Cebule QASM_GEN basis-state-pair-grouping measurement scheme. Expected to require fewer or equal distinct circuits per iteration than plain 'pauli' measurement (that's QASM_GEN's whole purpose), but the exact circuit count is an output of a real QASM_GEN/TN_QC_OPT run, not predictable in advance -- see docs.mqs.dk QASM_GEN section.",96.284,101687.358
443,H2,0,1,2,cc-pvtz,basis_set_exchange,tn_qc_opt,56,yes,TN_QC_OPT (Cebule),COBYLA,,,1,4,phase,pauli,672,,,"N_Qubit inherited from the JW-mapped Hamiltonian (verified, see JW row). Standard per-Pauli-string measurement (baseline).",96.284,101783.642
444,H2,0,1,2,cc-pvtz,basis_set_exchange,tn_qc_opt,56,yes,TN_QC_OPT (Cebule),COBYLA,,,1,4,phase,qasm_gen_grouped,672,,,"N_Qubit inherited from the JW-mapped Hamiltonian (verified, see JW row). Cebule QASM_GEN basis-state-pair-grouping measurement scheme. Expected to require fewer or equal distinct circuits per iteration than plain 'pauli' measurement (that's QASM_GEN's whole purpose), but the exact circuit count is an output of a real QASM_GEN/TN_QC_OPT run, not predictable in advance -- see docs.mqs.dk QASM_GEN section.",96.284,101879.926
457,H2,0,1,2,cc-pvtz,basis_set_exchange,tn_qc_opt,56,yes,TN_QC_OPT (Cebule),COBYLA,,,2,4,full,pauli,672,,,"N_Qubit inherited from the JW-mapped Hamiltonian (verified, see JW row). Standard per-Pauli-string measurement (baseline).",96.284,101976.210
458,H2,0,1,2,cc-pvtz,basis_set_exchange,tn_qc_opt,56,yes,TN_QC_OPT (Cebule),COBYLA,,,2,4,full,qasm_gen_grouped,672,,,"N_Qubit inherited from the JW-mapped Hamiltonian (verified, see JW row). Cebule QASM_GEN basis-state-pair-grouping measurement scheme. Expected to require fewer or equal distinct circuits per iteration than plain 'pauli' measurement (that's QASM_GEN's whole purpose), but the exact circuit count is an output of a real QASM_GEN/TN_QC_OPT run, not predictable in advance -- see docs.mqs.dk QASM_GEN section.",96.284,102072.494
459,H2,0,1,2,cc-pvtz,basis_set_exchange,tn_qc_opt,56,yes,TN_QC_OPT (Cebule),COBYLA,,,2,4,phase,pauli,672,,,"N_Qubit inherited from the JW-mapped Hamiltonian (verified, see JW row). Standard per-Pauli-string measurement (baseline).",96.284,102168.778
460,H2,0,1,2,cc-pvtz,basis_set_exchange,tn_qc_opt,56,yes,TN_QC_OPT (Cebule),COBYLA,,,2,4,phase,qasm_gen_grouped,672,,,"N_Qubit inherited from the JW-mapped Hamiltonian (verified, see JW row). Cebule QASM_GEN basis-state-pair-grouping measurement scheme. Expected to require fewer or equal distinct circuits per iteration than plain 'pauli' measurement (that's QASM_GEN's whole purpose), but the exact circuit count is an output of a real QASM_GEN/TN_QC_OPT run, not predictable in advance -- see docs.mqs.dk QASM_GEN section.",96.284,102265.062
473,H2,0,1,2,cc-pvtz,basis_set_exchange,tn_qc_opt,56,yes,TN_QC_OPT (Cebule),COBYLA,,,3,4,full,pauli,672,,,"N_Qubit inherited from the JW-mapped Hamiltonian (verified, see JW row). Standard per-Pauli-string measurement (baseline).",96.284,102361.346
474,H2,0,1,2,cc-pvtz,basis_set_exchange,tn_qc_opt,56,yes,TN_QC_OPT (Cebule),COBYLA,,,3,4,full,qasm_gen_grouped,672,,,"N_Qubit inherited from the JW-mapped Hamiltonian (verified, see JW row). Cebule QASM_GEN basis-state-pair-grouping measurement scheme. Expected to require fewer or equal distinct circuits per iteration than plain 'pauli' measurement (that's QASM_GEN's whole purpose), but the exact circuit count is an output of a real QASM_GEN/TN_QC_OPT run, not predictable in advance -- see docs.mqs.dk QASM_GEN section.",96.284,102457.630
475,H2,0,1,2,cc-pvtz,basis_set_exchange,tn_qc_opt,56,yes,TN_QC_OPT (Cebule),COBYLA,,,3,4,phase,pauli,672,,,"N_Qubit inherited from the JW-mapped Hamiltonian (verified, see JW row). Standard per-Pauli-string measurement (baseline).",96.284,102553.914
476,H2,0,1,2,cc-pvtz,basis_set_exchange,tn_qc_opt,56,yes,TN_QC_OPT (Cebule),COBYLA,,,3,4,phase,qasm_gen_grouped,672,,,"N_Qubit inherited from the JW-mapped Hamiltonian (verified, see JW row). Cebule QASM_GEN basis-state-pair-grouping measurement scheme. Expected to require fewer or equal distinct circuits per iteration than plain 'pauli' measurement (that's QASM_GEN's whole purpose), but the exact circuit count is an output of a real QASM_GEN/TN_QC_OPT run, not predictable in advance -- see docs.mqs.dk QASM_GEN section.",96.284,102650.198
1099,Li2,0,1,6,cc-pvdz,basis_set_exchange,tn_qc_opt,56,yes,TN_QC_OPT (Cebule),COBYLA,,,0,4,n/a (no TN layers),pauli,672,,,"N_Qubit inherited from the JW-mapped Hamiltonian (verified, see JW row). TN_Layers_Network=0 is the paper's 'circuit only' baseline -- equivalent to plain VQE with this Hamiltonian encoding and no TN preprocessing. Standard per-Pauli-string measurement (baseline).",96.284,102746.482
1100,Li2,0,1,6,cc-pvdz,basis_set_exchange,tn_qc_opt,56,yes,TN_QC_OPT (Cebule),COBYLA,,,0,4,n/a (no TN layers),qasm_gen_grouped,672,,,"N_Qubit inherited from the JW-mapped Hamiltonian (verified, see JW row). TN_Layers_Network=0 is the paper's 'circuit only' baseline -- equivalent to plain VQE with this Hamiltonian encoding and no TN preprocessing. Cebule QASM_GEN basis-state-pair-grouping measurement scheme. Expected to require fewer or equal distinct circuits per iteration than plain 'pauli' measurement (that's QASM_GEN's whole purpose), but the exact circuit count is an output of a real QASM_GEN/TN_QC_OPT run, not predictable in advance -- see docs.mqs.dk QASM_GEN section.",96.284,102842.766
1113,Li2,0,1,6,cc-pvdz,basis_set_exchange,tn_qc_opt,56,yes,TN_QC_OPT (Cebule),COBYLA,,,1,4,full,pauli,672,,,"N_Qubit inherited from the JW-mapped Hamiltonian (verified, see JW row). Standard per-Pauli-string measurement (baseline).",96.284,102939.050
1114,Li2,0,1,6,cc-pvdz,basis_set_exchange,tn_qc_opt,56,yes,TN_QC_OPT (Cebule),COBYLA,,,1,4,full,qasm_gen_grouped,672,,,"N_Qubit inherited from the JW-mapped Hamiltonian (verified, see JW row). Cebule QASM_GEN basis-state-pair-grouping measurement scheme. Expected to require fewer or equal distinct circuits per iteration than plain 'pauli' measurement (that's QASM_GEN's whole purpose), but the exact circuit count is an output of a real QASM_GEN/TN_QC_OPT run, not predictable in advance -- see docs.mqs.dk QASM_GEN section.",96.284,103035.334
1115,Li2,0,1,6,cc-pvdz,basis_set_exchange,tn_qc_opt,56,yes,TN_QC_OPT (Cebule),COBYLA,,,1,4,phase,pauli,672,,,"N_Qubit inherited from the JW-mapped Hamiltonian (verified, see JW row). Standard per-Pauli-string measurement (baseline).",96.284,103131.618
1116,Li2,0,1,6,cc-pvdz,basis_set_exchange,tn_qc_opt,56,yes,TN_QC_OPT (Cebule),COBYLA,,,1,4,phase,qasm_gen_grouped,672,,,"N_Qubit inherited from the JW-mapped Hamiltonian (verified, see JW row). Cebule QASM_GEN basis-state-pair-grouping measurement scheme. Expected to require fewer or equal distinct circuits per iteration than plain 'pauli' measurement (that's QASM_GEN's whole purpose), but the exact circuit count is an output of a real QASM_GEN/TN_QC_OPT run, not predictable in advance -- see docs.mqs.dk QASM_GEN section.",96.284,103227.902
1129,Li2,0,1,6,cc-pvdz,basis_set_exchange,tn_qc_opt,56,yes,TN_QC_OPT (Cebule),COBYLA,,,2,4,full,pauli,672,,,"N_Qubit inherited from the JW-mapped Hamiltonian (verified, see JW row). Standard per-Pauli-string measurement (baseline).",96.284,103324.186
1130,Li2,0,1,6,cc-pvdz,basis_set_exchange,tn_qc_opt,56,yes,TN_QC_OPT (Cebule),COBYLA,,,2,4,full,qasm_gen_grouped,672,,,"N_Qubit inherited from the JW-mapped Hamiltonian (verified, see JW row). Cebule QASM_GEN basis-state-pair-grouping measurement scheme. Expected to require fewer or equal distinct circuits per iteration than plain 'pauli' measurement (that's QASM_GEN's whole purpose), but the exact circuit count is an output of a real QASM_GEN/TN_QC_OPT run, not predictable in advance -- see docs.mqs.dk QASM_GEN section.",96.284,103420.470
1131,Li2,0,1,6,cc-pvdz,basis_set_exchange,tn_qc_opt,56,yes,TN_QC_OPT (Cebule),COBYLA,,,2,4,phase,pauli,672,,,"N_Qubit inherited from the JW-mapped Hamiltonian (verified, see JW row). Standard per-Pauli-string measurement (baseline).",96.284,103516.754
1132,Li2,0,1,6,cc-pvdz,basis_set_exchange,tn_qc_opt,56,yes,TN_QC_OPT (Cebule),COBYLA,,,2,4,phase,qasm_gen_grouped,672,,,"N_Qubit inherited from the JW-mapped Hamiltonian (verified, see JW row). Cebule QASM_GEN basis-state-pair-grouping measurement scheme. Expected to require fewer or equal distinct circuits per iteration than plain 'pauli' measurement (that's QASM_GEN's whole purpose), but the exact circuit count is an output of a real QASM_GEN/TN_QC_OPT run, not predictable in advance -- see docs.mqs.dk QASM_GEN section.",96.284,103613.038
1145,Li2,0,1,6,cc-pvdz,basis_set_exchange,tn_qc_opt,56,yes,TN_QC_OPT (Cebule),COBYLA,,,3,4,full,pauli,672,,,"N_Qubit inherited from the JW-mapped Hamiltonian (verified, see JW row). Standard per-Pauli-string measurement (baseline).",96.284,103709.322
1146,Li2,0,1,6,cc-pvdz,basis_set_exchange,tn_qc_opt,56,yes,TN_QC_OPT (Cebule),COBYLA,,,3,4,full,qasm_gen_grouped,672,,,"N_Qubit inherited from the JW-mapped Hamiltonian (verified, see JW row). Cebule QASM_GEN basis-state-pair-grouping measurement scheme. Expected to require fewer or equal distinct circuits per iteration than plain 'pauli' measurement (that's QASM_GEN's whole purpose), but the exact circuit count is an output of a real QASM_GEN/TN_QC_OPT run, not predictable in advance -- see docs.mqs.dk QASM_GEN section.",96.284,103805.606
1147,Li2,0,1,6,cc-pvdz,basis_set_exchange,tn_qc_opt,56,yes,TN_QC_OPT (Cebule),COBYLA,,,3,4,phase,pauli,672,,,"N_Qubit inherited from the JW-mapped Hamiltonian (verified, see JW row). Standard per-Pauli-string measurement (baseline).",96.284,103901.890
1148,Li2,0,1,6,cc-pvdz,basis_set_exchange,tn_qc_opt,56,yes,TN_QC_OPT (Cebule),COBYLA,,,3,4,phase,qasm_gen_grouped,672,,,"N_Qubit inherited from the JW-mapped Hamiltonian (verified, see JW row). Cebule QASM_GEN basis-state-pair-grouping measurement scheme. Expected to require fewer or equal distinct circuits per iteration than plain 'pauli' measurement (that's QASM_GEN's whole purpose), but the exact circuit count is an output of a real QASM_GEN/TN_QC_OPT run, not predictable in advance -- see docs.mqs.dk QASM_GEN section.",96.284,103998.174
1435,Li2,0,1,6,def2-tzvp,basis_set_exchange,tn_qc_opt,56,yes,TN_QC_OPT (Cebule),COBYLA,,,0,4,n/a (no TN layers),pauli,672,,,"N_Qubit inherited from the JW-mapped Hamiltonian (verified, see JW row). TN_Layers_Network=0 is the paper's 'circuit only' baseline -- equivalent to plain VQE with this Hamiltonian encoding and no TN preprocessing. Standard per-Pauli-string measurement (baseline).",96.284,104094.458
1436,Li2,0,1,6,def2-tzvp,basis_set_exchange,tn_qc_opt,56,yes,TN_QC_OPT (Cebule),COBYLA,,,0,4,n/a (no TN layers),qasm_gen_grouped,672,,,"N_Qubit inherited from the JW-mapped Hamiltonian (verified, see JW row). TN_Layers_Network=0 is the paper's 'circuit only' baseline -- equivalent to plain VQE with this Hamiltonian encoding and no TN preprocessing. Cebule QASM_GEN basis-state-pair-grouping measurement scheme. Expected to require fewer or equal distinct circuits per iteration than plain 'pauli' measurement (that's QASM_GEN's whole purpose), but the exact circuit count is an output of a real QASM_GEN/TN_QC_OPT run, not predictable in advance -- see docs.mqs.dk QASM_GEN section.",96.284,104190.742
1449,Li2,0,1,6,def2-tzvp,basis_set_exchange,tn_qc_opt,56,yes,TN_QC_OPT (Cebule),COBYLA,,,1,4,full,pauli,672,,,"N_Qubit inherited from the JW-mapped Hamiltonian (verified, see JW row). Standard per-Pauli-string measurement (baseline).",96.284,104287.026
1450,Li2,0,1,6,def2-tzvp,basis_set_exchange,tn_qc_opt,56,yes,TN_QC_OPT (Cebule),COBYLA,,,1,4,full,qasm_gen_grouped,672,,,"N_Qubit inherited from the JW-mapped Hamiltonian (verified, see JW row). Cebule QASM_GEN basis-state-pair-grouping measurement scheme. Expected to require fewer or equal distinct circuits per iteration than plain 'pauli' measurement (that's QASM_GEN's whole purpose), but the exact circuit count is an output of a real QASM_GEN/TN_QC_OPT run, not predictable in advance -- see docs.mqs.dk QASM_GEN section.",96.284,104383.310
1451,Li2,0,1,6,def2-tzvp,basis_set_exchange,tn_qc_opt,56,yes,TN_QC_OPT (Cebule),COBYLA,,,1,4,phase,pauli,672,,,"N_Qubit inherited from the JW-mapped Hamiltonian (verified, see JW row). Standard per-Pauli-string measurement (baseline).",96.284,104479.594
1452,Li2,0,1,6,def2-tzvp,basis_set_exchange,tn_qc_opt,56,yes,TN_QC_OPT (Cebule),COBYLA,,,1,4,phase,qasm_gen_grouped,672,,,"N_Qubit inherited from the JW-mapped Hamiltonian (verified, see JW row). Cebule QASM_GEN basis-state-pair-grouping measurement scheme. Expected to require fewer or equal distinct circuits per iteration than plain 'pauli' measurement (that's QASM_GEN's whole purpose), but the exact circuit count is an output of a real QASM_GEN/TN_QC_OPT run, not predictable in advance -- see docs.mqs.dk QASM_GEN section.",96.284,104575.878
1465,Li2,0,1,6,def2-tzvp,basis_set_exchange,tn_qc_opt,56,yes,TN_QC_OPT (Cebule),COBYLA,,,2,4,full,pauli,672,,,"N_Qubit inherited from the JW-mapped Hamiltonian (verified, see JW row). Standard per-Pauli-string measurement (baseline).",96.284,104672.162
1466,Li2,0,1,6,def2-tzvp,basis_set_exchange,tn_qc_opt,56,yes,TN_QC_OPT (Cebule),COBYLA,,,2,4,full,qasm_gen_grouped,672,,,"N_Qubit inherited from the JW-mapped Hamiltonian (verified, see JW row). Cebule QASM_GEN basis-state-pair-grouping measurement scheme. Expected to require fewer or equal distinct circuits per iteration than plain 'pauli' measurement (that's QASM_GEN's whole purpose), but the exact circuit count is an output of a real QASM_GEN/TN_QC_OPT run, not predictable in advance -- see docs.mqs.dk QASM_GEN section.",96.284,104768.446
1467,Li2,0,1,6,def2-tzvp,basis_set_exchange,tn_qc_opt,56,yes,TN_QC_OPT (Cebule),COBYLA,,,2,4,phase,pauli,672,,,"N_Qubit inherited from the JW-mapped Hamiltonian (verified, see JW row). Standard per-Pauli-string measurement (baseline).",96.284,104864.730
1468,Li2,0,1,6,def2-tzvp,basis_set_exchange,tn_qc_opt,56,yes,TN_QC_OPT (Cebule),COBYLA,,,2,4,phase,qasm_gen_grouped,672,,,"N_Qubit inherited from the JW-mapped Hamiltonian (verified, see JW row). Cebule QASM_GEN basis-state-pair-grouping measurement scheme. Expected to require fewer or equal distinct circuits per iteration than plain 'pauli' measurement (that's QASM_GEN's whole purpose), but the exact circuit count is an output of a real QASM_GEN/TN_QC_OPT run, not predictable in advance -- see docs.mqs.dk QASM_GEN section.",96.284,104961.014
1481,Li2,0,1,6,def2-tzvp,basis_set_exchange,tn_qc_opt,56,yes,TN_QC_OPT (Cebule),COBYLA,,,3,4,full,pauli,672,,,"N_Qubit inherited from the JW-mapped Hamiltonian (verified, see JW row). Standard per-Pauli-string measurement (baseline).",96.284,105057.298
1482,Li2,0,1,6,def2-tzvp,basis_set_exchange,tn_qc_opt,56,yes,TN_QC_OPT (Cebule),COBYLA,,,3,4,full,qasm_gen_grouped,672,,,"N_Qubit inherited from the JW-mapped Hamiltonian (verified, see JW row). Cebule QASM_GEN basis-state-pair-grouping measurement scheme. Expected to require fewer or equal distinct circuits per iteration than plain 'pauli' measurement (that's QASM_GEN's whole purpose), but the exact circuit count is an output of a real QASM_GEN/TN_QC_OPT run, not predictable in advance -- see docs.mqs.dk QASM_GEN section.",96.284,105153.582
1483,Li2,0,1,6,def2-tzvp,basis_set_exchange,tn_qc_opt,56,yes,TN_QC_OPT (Cebule),COBYLA,,,3,4,phase,pauli,672,,,"N_Qubit inherited from the JW-mapped Hamiltonian (verified, see JW row). Standard per-Pauli-string measurement (baseline).",96.284,105249.866
1484,Li2,0,1,6,def2-tzvp,basis_set_exchange,tn_qc_opt,56,yes,TN_QC_OPT (Cebule),COBYLA,,,3,4,phase,qasm_gen_grouped,672,,,"N_Qubit inherited from the JW-mapped Hamiltonian (verified, see JW row). Cebule QASM_GEN basis-state-pair-grouping measurement scheme. Expected to require fewer or equal distinct circuits per iteration than plain 'pauli' measurement (that's QASM_GEN's whole purpose), but the exact circuit count is an output of a real QASM_GEN/TN_QC_OPT run, not predictable in advance -- see docs.mqs.dk QASM_GEN section.",96.284,105346.150
77,H2O,0,1,10,def2-tzvp,basis_set_exchange,JW,86,yes,,,,,,,,pauli,,,,Standard per-Pauli-string measurement (baseline).,98.407,105444.558
78,H2O,0,1,10,def2-tzvp,basis_set_exchange,JW,86,yes,,,,,,,,qasm_gen_grouped,,,,"Cebule QASM_GEN basis-state-pair-grouping measurement scheme. Expected to require fewer or equal distinct circuits per iteration than plain 'pauli' measurement (that's QASM_GEN's whole purpose), but the exact circuit count is an output of a real QASM_GEN/TN_QC_OPT run, not predictable in advance -- see docs.mqs.dk QASM_GEN section.",98.407,105542.965
2213,H2O,0,1,10,def2-tzvp,basis_set_exchange,tn_qc_opt,86,yes,TN_QC_OPT (Cebule),COBYLA,,,0,1,n/a (no TN layers),pauli,258,,,"N_Qubit inherited from the JW-mapped Hamiltonian (verified, see JW row). TN_Layers_Network=0 is the paper's 'circuit only' baseline -- equivalent to plain VQE with this Hamiltonian encoding and no TN preprocessing. Standard per-Pauli-string measurement (baseline).",98.407,105641.372
2214,H2O,0,1,10,def2-tzvp,basis_set_exchange,tn_qc_opt,86,yes,TN_QC_OPT (Cebule),COBYLA,,,0,1,n/a (no TN layers),qasm_gen_grouped,258,,,"N_Qubit inherited from the JW-mapped Hamiltonian (verified, see JW row). TN_Layers_Network=0 is the paper's 'circuit only' baseline -- equivalent to plain VQE with this Hamiltonian encoding and no TN preprocessing. Cebule QASM_GEN basis-state-pair-grouping measurement scheme. Expected to require fewer or equal distinct circuits per iteration than plain 'pauli' measurement (that's QASM_GEN's whole purpose), but the exact circuit count is an output of a real QASM_GEN/TN_QC_OPT run, not predictable in advance -- see docs.mqs.dk QASM_GEN section.",98.407,105739.780
2221,H2O,0,1,10,def2-tzvp,basis_set_exchange,tn_qc_opt,86,yes,TN_QC_OPT (Cebule),COBYLA,,,1,1,full,pauli,258,,,"N_Qubit inherited from the JW-mapped Hamiltonian (verified, see JW row). Standard per-Pauli-string measurement (baseline).",98.407,105838.187
2222,H2O,0,1,10,def2-tzvp,basis_set_exchange,tn_qc_opt,86,yes,TN_QC_OPT (Cebule),COBYLA,,,1,1,full,qasm_gen_grouped,258,,,"N_Qubit inherited from the JW-mapped Hamiltonian (verified, see JW row). Cebule QASM_GEN basis-state-pair-grouping measurement scheme. Expected to require fewer or equal distinct circuits per iteration than plain 'pauli' measurement (that's QASM_GEN's whole purpose), but the exact circuit count is an output of a real QASM_GEN/TN_QC_OPT run, not predictable in advance -- see docs.mqs.dk QASM_GEN section.",98.407,105936.594
2223,H2O,0,1,10,def2-tzvp,basis_set_exchange,tn_qc_opt,86,yes,TN_QC_OPT (Cebule),COBYLA,,,1,1,phase,pauli,258,,,"N_Qubit inherited from the JW-mapped Hamiltonian (verified, see JW row). Standard per-Pauli-string measurement (baseline).",98.407,106035.002
2224,H2O,0,1,10,def2-tzvp,basis_set_exchange,tn_qc_opt,86,yes,TN_QC_OPT (Cebule),COBYLA,,,1,1,phase,qasm_gen_grouped,258,,,"N_Qubit inherited from the JW-mapped Hamiltonian (verified, see JW row). Cebule QASM_GEN basis-state-pair-grouping measurement scheme. Expected to require fewer or equal distinct circuits per iteration than plain 'pauli' measurement (that's QASM_GEN's whole purpose), but the exact circuit count is an output of a real QASM_GEN/TN_QC_OPT run, not predictable in advance -- see docs.mqs.dk QASM_GEN section.",98.407,106133.409
2237,H2O,0,1,10,def2-tzvp,basis_set_exchange,tn_qc_opt,86,yes,TN_QC_OPT (Cebule),COBYLA,,,2,1,full,pauli,258,,,"N_Qubit inherited from the JW-mapped Hamiltonian (verified, see JW row). Standard per-Pauli-string measurement (baseline).",98.407,106231.817
2238,H2O,0,1,10,def2-tzvp,basis_set_exchange,tn_qc_opt,86,yes,TN_QC_OPT (Cebule),COBYLA,,,2,1,full,qasm_gen_grouped,258,,,"N_Qubit inherited from the JW-mapped Hamiltonian (verified, see JW row). Cebule QASM_GEN basis-state-pair-grouping measurement scheme. Expected to require fewer or equal distinct circuits per iteration than plain 'pauli' measurement (that's QASM_GEN's whole purpose), but the exact circuit count is an output of a real QASM_GEN/TN_QC_OPT run, not predictable in advance -- see docs.mqs.dk QASM_GEN section.",98.407,106330.224
2239,H2O,0,1,10,def2-tzvp,basis_set_exchange,tn_qc_opt,86,yes,TN_QC_OPT (Cebule),COBYLA,,,2,1,phase,pauli,258,,,"N_Qubit inherited from the JW-mapped Hamiltonian (verified, see JW row). Standard per-Pauli-string measurement (baseline).",98.407,106428.631
2240,H2O,0,1,10,def2-tzvp,basis_set_exchange,tn_qc_opt,86,yes,TN_QC_OPT (Cebule),COBYLA,,,2,1,phase,qasm_gen_grouped,258,,,"N_Qubit inherited from the JW-mapped Hamiltonian (verified, see JW row). Cebule QASM_GEN basis-state-pair-grouping measurement scheme. Expected to require fewer or equal distinct circuits per iteration than plain 'pauli' measurement (that's QASM_GEN's whole purpose), but the exact circuit count is an output of a real QASM_GEN/TN_QC_OPT run, not predictable in advance -- see docs.mqs.dk QASM_GEN section.",98.407,106527.039
2253,H2O,0,1,10,def2-tzvp,basis_set_exchange,tn_qc_opt,86,yes,TN_QC_OPT (Cebule),COBYLA,,,3,1,full,pauli,258,,,"N_Qubit inherited from the JW-mapped Hamiltonian (verified, see JW row). Standard per-Pauli-string measurement (baseline).",98.407,106625.446
2254,H2O,0,1,10,def2-tzvp,basis_set_exchange,tn_qc_opt,86,yes,TN_QC_OPT (Cebule),COBYLA,,,3,1,full,qasm_gen_grouped,258,,,"N_Qubit inherited from the JW-mapped Hamiltonian (verified, see JW row). Cebule QASM_GEN basis-state-pair-grouping measurement scheme. Expected to require fewer or equal distinct circuits per iteration than plain 'pauli' measurement (that's QASM_GEN's whole purpose), but the exact circuit count is an output of a real QASM_GEN/TN_QC_OPT run, not predictable in advance -- see docs.mqs.dk QASM_GEN section.",98.407,106723.853
2255,H2O,0,1,10,def2-tzvp,basis_set_exchange,tn_qc_opt,86,yes,TN_QC_OPT (Cebule),COBYLA,,,3,1,phase,pauli,258,,,"N_Qubit inherited from the JW-mapped Hamiltonian (verified, see JW row). Standard per-Pauli-string measurement (baseline).",98.407,106822.261
2256,H2O,0,1,10,def2-tzvp,basis_set_exchange,tn_qc_opt,86,yes,TN_QC_OPT (Cebule),COBYLA,,,3,1,phase,qasm_gen_grouped,258,,,"N_Qubit inherited from the JW-mapped Hamiltonian (verified, see JW row). Cebule QASM_GEN basis-state-pair-grouping measurement scheme. Expected to require fewer or equal distinct circuits per iteration than plain 'pauli' measurement (that's QASM_GEN's whole purpose), but the exact circuit count is an output of a real QASM_GEN/TN_QC_OPT run, not predictable in advance -- see docs.mqs.dk QASM_GEN section.",98.407,106920.668
2215,H2O,0,1,10,def2-tzvp,basis_set_exchange,tn_qc_opt,86,yes,TN_QC_OPT (Cebule),COBYLA,,,0,2,n/a (no TN layers),pauli,516,,,"N_Qubit inherited from the JW-mapped Hamiltonian (verified, see JW row). TN_Layers_Network=0 is the paper's 'circuit only' baseline -- equivalent to plain VQE with this Hamiltonian encoding and no TN preprocessing. Standard per-Pauli-string measurement (baseline).",98.584,107019.252
2216,H2O,0,1,10,def2-tzvp,basis_set_exchange,tn_qc_opt,86,yes,TN_QC_OPT (Cebule),COBYLA,,,0,2,n/a (no TN layers),qasm_gen_grouped,516,,,"N_Qubit inherited from the JW-mapped Hamiltonian (verified, see JW row). TN_Layers_Network=0 is the paper's 'circuit only' baseline -- equivalent to plain VQE with this Hamiltonian encoding and no TN preprocessing. Cebule QASM_GEN basis-state-pair-grouping measurement scheme. Expected to require fewer or equal distinct circuits per iteration than plain 'pauli' measurement (that's QASM_GEN's whole purpose), but the exact circuit count is an output of a real QASM_GEN/TN_QC_OPT run, not predictable in advance -- see docs.mqs.dk QASM_GEN section.",98.584,107117.837
2225,H2O,0,1,10,def2-tzvp,basis_set_exchange,tn_qc_opt,86,yes,TN_QC_OPT (Cebule),COBYLA,,,1,2,full,pauli,516,,,"N_Qubit inherited from the JW-mapped Hamiltonian (verified, see JW row). Standard per-Pauli-string measurement (baseline).",98.584,107216.421
2226,H2O,0,1,10,def2-tzvp,basis_set_exchange,tn_qc_opt,86,yes,TN_QC_OPT (Cebule),COBYLA,,,1,2,full,qasm_gen_grouped,516,,,"N_Qubit inherited from the JW-mapped Hamiltonian (verified, see JW row). Cebule QASM_GEN basis-state-pair-grouping measurement scheme. Expected to require fewer or equal distinct circuits per iteration than plain 'pauli' measurement (that's QASM_GEN's whole purpose), but the exact circuit count is an output of a real QASM_GEN/TN_QC_OPT run, not predictable in advance -- see docs.mqs.dk QASM_GEN section.",98.584,107315.005
2227,H2O,0,1,10,def2-tzvp,basis_set_exchange,tn_qc_opt,86,yes,TN_QC_OPT (Cebule),COBYLA,,,1,2,phase,pauli,516,,,"N_Qubit inherited from the JW-mapped Hamiltonian (verified, see JW row). Standard per-Pauli-string measurement (baseline).",98.584,107413.590
2228,H2O,0,1,10,def2-tzvp,basis_set_exchange,tn_qc_opt,86,yes,TN_QC_OPT (Cebule),COBYLA,,,1,2,phase,qasm_gen_grouped,516,,,"N_Qubit inherited from the JW-mapped Hamiltonian (verified, see JW row). Cebule QASM_GEN basis-state-pair-grouping measurement scheme. Expected to require fewer or equal distinct circuits per iteration than plain 'pauli' measurement (that's QASM_GEN's whole purpose), but the exact circuit count is an output of a real QASM_GEN/TN_QC_OPT run, not predictable in advance -- see docs.mqs.dk QASM_GEN section.",98.584,107512.174
2241,H2O,0,1,10,def2-tzvp,basis_set_exchange,tn_qc_opt,86,yes,TN_QC_OPT (Cebule),COBYLA,,,2,2,full,pauli,516,,,"N_Qubit inherited from the JW-mapped Hamiltonian (verified, see JW row). Standard per-Pauli-string measurement (baseline).",98.584,107610.758
2242,H2O,0,1,10,def2-tzvp,basis_set_exchange,tn_qc_opt,86,yes,TN_QC_OPT (Cebule),COBYLA,,,2,2,full,qasm_gen_grouped,516,,,"N_Qubit inherited from the JW-mapped Hamiltonian (verified, see JW row). Cebule QASM_GEN basis-state-pair-grouping measurement scheme. Expected to require fewer or equal distinct circuits per iteration than plain 'pauli' measurement (that's QASM_GEN's whole purpose), but the exact circuit count is an output of a real QASM_GEN/TN_QC_OPT run, not predictable in advance -- see docs.mqs.dk QASM_GEN section.",98.584,107709.343
2243,H2O,0,1,10,def2-tzvp,basis_set_exchange,tn_qc_opt,86,yes,TN_QC_OPT (Cebule),COBYLA,,,2,2,phase,pauli,516,,,"N_Qubit inherited from the JW-mapped Hamiltonian (verified, see JW row). Standard per-Pauli-string measurement (baseline).",98.584,107807.927
2244,H2O,0,1,10,def2-tzvp,basis_set_exchange,tn_qc_opt,86,yes,TN_QC_OPT (Cebule),COBYLA,,,2,2,phase,qasm_gen_grouped,516,,,"N_Qubit inherited from the JW-mapped Hamiltonian (verified, see JW row). Cebule QASM_GEN basis-state-pair-grouping measurement scheme. Expected to require fewer or equal distinct circuits per iteration than plain 'pauli' measurement (that's QASM_GEN's whole purpose), but the exact circuit count is an output of a real QASM_GEN/TN_QC_OPT run, not predictable in advance -- see docs.mqs.dk QASM_GEN section.",98.584,107906.511
2257,H2O,0,1,10,def2-tzvp,basis_set_exchange,tn_qc_opt,86,yes,TN_QC_OPT (Cebule),COBYLA,,,3,2,full,pauli,516,,,"N_Qubit inherited from the JW-mapped Hamiltonian (verified, see JW row). Standard per-Pauli-string measurement (baseline).",98.584,108005.096
2258,H2O,0,1,10,def2-tzvp,basis_set_exchange,tn_qc_opt,86,yes,TN_QC_OPT (Cebule),COBYLA,,,3,2,full,qasm_gen_grouped,516,,,"N_Qubit inherited from the JW-mapped Hamiltonian (verified, see JW row). Cebule QASM_GEN basis-state-pair-grouping measurement scheme. Expected to require fewer or equal distinct circuits per iteration than plain 'pauli' measurement (that's QASM_GEN's whole purpose), but the exact circuit count is an output of a real QASM_GEN/TN_QC_OPT run, not predictable in advance -- see docs.mqs.dk QASM_GEN section.",98.584,108103.680
2259,H2O,0,1,10,def2-tzvp,basis_set_exchange,tn_qc_opt,86,yes,TN_QC_OPT (Cebule),COBYLA,,,3,2,phase,pauli,516,,,"N_Qubit inherited from the JW-mapped Hamiltonian (verified, see JW row). Standard per-Pauli-string measurement (baseline).",98.584,108202.264
2260,H2O,0,1,10,def2-tzvp,basis_set_exchange,tn_qc_opt,86,yes,TN_QC_OPT (Cebule),COBYLA,,,3,2,phase,qasm_gen_grouped,516,,,"N_Qubit inherited from the JW-mapped Hamiltonian (verified, see JW row). Cebule QASM_GEN basis-state-pair-grouping measurement scheme. Expected to require fewer or equal distinct circuits per iteration than plain 'pauli' measurement (that's QASM_GEN's whole purpose), but the exact circuit count is an output of a real QASM_GEN/TN_QC_OPT run, not predictable in advance -- see docs.mqs.dk QASM_GEN section.",98.584,108300.849
2217,H2O,0,1,10,def2-tzvp,basis_set_exchange,tn_qc_opt,86,yes,TN_QC_OPT (Cebule),COBYLA,,,0,3,n/a (no TN layers),pauli,774,,,"N_Qubit inherited from the JW-mapped Hamiltonian (verified, see JW row). TN_Layers_Network=0 is the paper's 'circuit only' baseline -- equivalent to plain VQE with this Hamiltonian encoding and no TN preprocessing. Standard per-Pauli-string measurement (baseline).",98.761,108399.610
2218,H2O,0,1,10,def2-tzvp,basis_set_exchange,tn_qc_opt,86,yes,TN_QC_OPT (Cebule),COBYLA,,,0,3,n/a (no TN layers),qasm_gen_grouped,774,,,"N_Qubit inherited from the JW-mapped Hamiltonian (verified, see JW row). TN_Layers_Network=0 is the paper's 'circuit only' baseline -- equivalent to plain VQE with this Hamiltonian encoding and no TN preprocessing. Cebule QASM_GEN basis-state-pair-grouping measurement scheme. Expected to require fewer or equal distinct circuits per iteration than plain 'pauli' measurement (that's QASM_GEN's whole purpose), but the exact circuit count is an output of a real QASM_GEN/TN_QC_OPT run, not predictable in advance -- see docs.mqs.dk QASM_GEN section.",98.761,108498.371
2229,H2O,0,1,10,def2-tzvp,basis_set_exchange,tn_qc_opt,86,yes,TN_QC_OPT (Cebule),COBYLA,,,1,3,full,pauli,774,,,"N_Qubit inherited from the JW-mapped Hamiltonian (verified, see JW row). Standard per-Pauli-string measurement (baseline).",98.761,108597.132
2230,H2O,0,1,10,def2-tzvp,basis_set_exchange,tn_qc_opt,86,yes,TN_QC_OPT (Cebule),COBYLA,,,1,3,full,qasm_gen_grouped,774,,,"N_Qubit inherited from the JW-mapped Hamiltonian (verified, see JW row). Cebule QASM_GEN basis-state-pair-grouping measurement scheme. Expected to require fewer or equal distinct circuits per iteration than plain 'pauli' measurement (that's QASM_GEN's whole purpose), but the exact circuit count is an output of a real QASM_GEN/TN_QC_OPT run, not predictable in advance -- see docs.mqs.dk QASM_GEN section.",98.761,108695.894
2231,H2O,0,1,10,def2-tzvp,basis_set_exchange,tn_qc_opt,86,yes,TN_QC_OPT (Cebule),COBYLA,,,1,3,phase,pauli,774,,,"N_Qubit inherited from the JW-mapped Hamiltonian (verified, see JW row). Standard per-Pauli-string measurement (baseline).",98.761,108794.655
2232,H2O,0,1,10,def2-tzvp,basis_set_exchange,tn_qc_opt,86,yes,TN_QC_OPT (Cebule),COBYLA,,,1,3,phase,qasm_gen_grouped,774,,,"N_Qubit inherited from the JW-mapped Hamiltonian (verified, see JW row). Cebule QASM_GEN basis-state-pair-grouping measurement scheme. Expected to require fewer or equal distinct circuits per iteration than plain 'pauli' measurement (that's QASM_GEN's whole purpose), but the exact circuit count is an output of a real QASM_GEN/TN_QC_OPT run, not predictable in advance -- see docs.mqs.dk QASM_GEN section.",98.761,108893.416
2245,H2O,0,1,10,def2-tzvp,basis_set_exchange,tn_qc_opt,86,yes,TN_QC_OPT (Cebule),COBYLA,,,2,3,full,pauli,774,,,"N_Qubit inherited from the JW-mapped Hamiltonian (verified, see JW row). Standard per-Pauli-string measurement (baseline).",98.761,108992.178
2246,H2O,0,1,10,def2-tzvp,basis_set_exchange,tn_qc_opt,86,yes,TN_QC_OPT (Cebule),COBYLA,,,2,3,full,qasm_gen_grouped,774,,,"N_Qubit inherited from the JW-mapped Hamiltonian (verified, see JW row). Cebule QASM_GEN basis-state-pair-grouping measurement scheme. Expected to require fewer or equal distinct circuits per iteration than plain 'pauli' measurement (that's QASM_GEN's whole purpose), but the exact circuit count is an output of a real QASM_GEN/TN_QC_OPT run, not predictable in advance -- see docs.mqs.dk QASM_GEN section.",98.761,109090.939
2247,H2O,0,1,10,def2-tzvp,basis_set_exchange,tn_qc_opt,86,yes,TN_QC_OPT (Cebule),COBYLA,,,2,3,phase,pauli,774,,,"N_Qubit inherited from the JW-mapped Hamiltonian (verified, see JW row). Standard per-Pauli-string measurement (baseline).",98.761,109189.700
2248,H2O,0,1,10,def2-tzvp,basis_set_exchange,tn_qc_opt,86,yes,TN_QC_OPT (Cebule),COBYLA,,,2,3,phase,qasm_gen_grouped,774,,,"N_Qubit inherited from the JW-mapped Hamiltonian (verified, see JW row). Cebule QASM_GEN basis-state-pair-grouping measurement scheme. Expected to require fewer or equal distinct circuits per iteration than plain 'pauli' measurement (that's QASM_GEN's whole purpose), but the exact circuit count is an output of a real QASM_GEN/TN_QC_OPT run, not predictable in advance -- see docs.mqs.dk QASM_GEN section.",98.761,109288.461
2261,H2O,0,1,10,def2-tzvp,basis_set_exchange,tn_qc_opt,86,yes,TN_QC_OPT (Cebule),COBYLA,,,3,3,full,pauli,774,,,"N_Qubit inherited from the JW-mapped Hamiltonian (verified, see JW row). Standard per-Pauli-string measurement (baseline).",98.761,109387.223
2262,H2O,0,1,10,def2-tzvp,basis_set_exchange,tn_qc_opt,86,yes,TN_QC_OPT (Cebule),COBYLA,,,3,3,full,qasm_gen_grouped,774,,,"N_Qubit inherited from the JW-mapped Hamiltonian (verified, see JW row). Cebule QASM_GEN basis-state-pair-grouping measurement scheme. Expected to require fewer or equal distinct circuits per iteration than plain 'pauli' measurement (that's QASM_GEN's whole purpose), but the exact circuit count is an output of a real QASM_GEN/TN_QC_OPT run, not predictable in advance -- see docs.mqs.dk QASM_GEN section.",98.761,109485.984
2263,H2O,0,1,10,def2-tzvp,basis_set_exchange,tn_qc_opt,86,yes,TN_QC_OPT (Cebule),COBYLA,,,3,3,phase,pauli,774,,,"N_Qubit inherited from the JW-mapped Hamiltonian (verified, see JW row). Standard per-Pauli-string measurement (baseline).",98.761,109584.745
2264,H2O,0,1,10,def2-tzvp,basis_set_exchange,tn_qc_opt,86,yes,TN_QC_OPT (Cebule),COBYLA,,,3,3,phase,qasm_gen_grouped,774,,,"N_Qubit inherited from the JW-mapped Hamiltonian (verified, see JW row). Cebule QASM_GEN basis-state-pair-grouping measurement scheme. Expected to require fewer or equal distinct circuits per iteration than plain 'pauli' measurement (that's QASM_GEN's whole purpose), but the exact circuit count is an output of a real QASM_GEN/TN_QC_OPT run, not predictable in advance -- see docs.mqs.dk QASM_GEN section.",98.761,109683.506
2219,H2O,0,1,10,def2-tzvp,basis_set_exchange,tn_qc_opt,86,yes,TN_QC_OPT (Cebule),COBYLA,,,0,4,n/a (no TN layers),pauli,1032,,,"N_Qubit inherited from the JW-mapped Hamiltonian (verified, see JW row). TN_Layers_Network=0 is the paper's 'circuit only' baseline -- equivalent to plain VQE with this Hamiltonian encoding and no TN preprocessing. Standard per-Pauli-string measurement (baseline).",98.938,109782.445
2220,H2O,0,1,10,def2-tzvp,basis_set_exchange,tn_qc_opt,86,yes,TN_QC_OPT (Cebule),COBYLA,,,0,4,n/a (no TN layers),qasm_gen_grouped,1032,,,"N_Qubit inherited from the JW-mapped Hamiltonian (verified, see JW row). TN_Layers_Network=0 is the paper's 'circuit only' baseline -- equivalent to plain VQE with this Hamiltonian encoding and no TN preprocessing. Cebule QASM_GEN basis-state-pair-grouping measurement scheme. Expected to require fewer or equal distinct circuits per iteration than plain 'pauli' measurement (that's QASM_GEN's whole purpose), but the exact circuit count is an output of a real QASM_GEN/TN_QC_OPT run, not predictable in advance -- see docs.mqs.dk QASM_GEN section.",98.938,109881.383
2233,H2O,0,1,10,def2-tzvp,basis_set_exchange,tn_qc_opt,86,yes,TN_QC_OPT (Cebule),COBYLA,,,1,4,full,pauli,1032,,,"N_Qubit inherited from the JW-mapped Hamiltonian (verified, see JW row). Standard per-Pauli-string measurement (baseline).",98.938,109980.321
2234,H2O,0,1,10,def2-tzvp,basis_set_exchange,tn_qc_opt,86,yes,TN_QC_OPT (Cebule),COBYLA,,,1,4,full,qasm_gen_grouped,1032,,,"N_Qubit inherited from the JW-mapped Hamiltonian (verified, see JW row). Cebule QASM_GEN basis-state-pair-grouping measurement scheme. Expected to require fewer or equal distinct circuits per iteration than plain 'pauli' measurement (that's QASM_GEN's whole purpose), but the exact circuit count is an output of a real QASM_GEN/TN_QC_OPT run, not predictable in advance -- see docs.mqs.dk QASM_GEN section.",98.938,110079.259
2235,H2O,0,1,10,def2-tzvp,basis_set_exchange,tn_qc_opt,86,yes,TN_QC_OPT (Cebule),COBYLA,,,1,4,phase,pauli,1032,,,"N_Qubit inherited from the JW-mapped Hamiltonian (verified, see JW row). Standard per-Pauli-string measurement (baseline).",98.938,110178.197
2236,H2O,0,1,10,def2-tzvp,basis_set_exchange,tn_qc_opt,86,yes,TN_QC_OPT (Cebule),COBYLA,,,1,4,phase,qasm_gen_grouped,1032,,,"N_Qubit inherited from the JW-mapped Hamiltonian (verified, see JW row). Cebule QASM_GEN basis-state-pair-grouping measurement scheme. Expected to require fewer or equal distinct circuits per iteration than plain 'pauli' measurement (that's QASM_GEN's whole purpose), but the exact circuit count is an output of a real QASM_GEN/TN_QC_OPT run, not predictable in advance -- see docs.mqs.dk QASM_GEN section.",98.938,110277.136
2249,H2O,0,1,10,def2-tzvp,basis_set_exchange,tn_qc_opt,86,yes,TN_QC_OPT (Cebule),COBYLA,,,2,4,full,pauli,1032,,,"N_Qubit inherited from the JW-mapped Hamiltonian (verified, see JW row). Standard per-Pauli-string measurement (baseline).",98.938,110376.074
2250,H2O,0,1,10,def2-tzvp,basis_set_exchange,tn_qc_opt,86,yes,TN_QC_OPT (Cebule),COBYLA,,,2,4,full,qasm_gen_grouped,1032,,,"N_Qubit inherited from the JW-mapped Hamiltonian (verified, see JW row). Cebule QASM_GEN basis-state-pair-grouping measurement scheme. Expected to require fewer or equal distinct circuits per iteration than plain 'pauli' measurement (that's QASM_GEN's whole purpose), but the exact circuit count is an output of a real QASM_GEN/TN_QC_OPT run, not predictable in advance -- see docs.mqs.dk QASM_GEN section.",98.938,110475.012
2251,H2O,0,1,10,def2-tzvp,basis_set_exchange,tn_qc_opt,86,yes,TN_QC_OPT (Cebule),COBYLA,,,2,4,phase,pauli,1032,,,"N_Qubit inherited from the JW-mapped Hamiltonian (verified, see JW row). Standard per-Pauli-string measurement (baseline).",98.938,110573.950
2252,H2O,0,1,10,def2-tzvp,basis_set_exchange,tn_qc_opt,86,yes,TN_QC_OPT (Cebule),COBYLA,,,2,4,phase,qasm_gen_grouped,1032,,,"N_Qubit inherited from the JW-mapped Hamiltonian (verified, see JW row). Cebule QASM_GEN basis-state-pair-grouping measurement scheme. Expected to require fewer or equal distinct circuits per iteration than plain 'pauli' measurement (that's QASM_GEN's whole purpose), but the exact circuit count is an output of a real QASM_GEN/TN_QC_OPT run, not predictable in advance -- see docs.mqs.dk QASM_GEN section.",98.938,110672.889
2265,H2O,0,1,10,def2-tzvp,basis_set_exchange,tn_qc_opt,86,yes,TN_QC_OPT (Cebule),COBYLA,,,3,4,full,pauli,1032,,,"N_Qubit inherited from the JW-mapped Hamiltonian (verified, see JW row). Standard per-Pauli-string measurement (baseline).",98.938,110771.827
2266,H2O,0,1,10,def2-tzvp,basis_set_exchange,tn_qc_opt,86,yes,TN_QC_OPT (Cebule),COBYLA,,,3,4,full,qasm_gen_grouped,1032,,,"N_Qubit inherited from the JW-mapped Hamiltonian (verified, see JW row). Cebule QASM_GEN basis-state-pair-grouping measurement scheme. Expected to require fewer or equal distinct circuits per iteration than plain 'pauli' measurement (that's QASM_GEN's whole purpose), but the exact circuit count is an output of a real QASM_GEN/TN_QC_OPT run, not predictable in advance -- see docs.mqs.dk QASM_GEN section.",98.938,110870.765
2267,H2O,0,1,10,def2-tzvp,basis_set_exchange,tn_qc_opt,86,yes,TN_QC_OPT (Cebule),COBYLA,,,3,4,phase,pauli,1032,,,"N_Qubit inherited from the JW-mapped Hamiltonian (verified, see JW row). Standard per-Pauli-string measurement (baseline).",98.938,110969.703
2268,H2O,0,1,10,def2-tzvp,basis_set_exchange,tn_qc_opt,86,yes,TN_QC_OPT (Cebule),COBYLA,,,3,4,phase,qasm_gen_grouped,1032,,,"N_Qubit inherited from the JW-mapped Hamiltonian (verified, see JW row). Cebule QASM_GEN basis-state-pair-grouping measurement scheme. Expected to require fewer or equal distinct circuits per iteration than plain 'pauli' measurement (that's QASM_GEN's whole purpose), but the exact circuit count is an output of a real QASM_GEN/TN_QC_OPT run, not predictable in advance -- see docs.mqs.dk QASM_GEN section.",98.938,111068.641
69,H2O,0,1,10,cc-pvtz,basis_set_exchange,JW,116,yes,,,,,,,,pauli,,,,Standard per-Pauli-string measurement (baseline).,106.911,111175.552
70,H2O,0,1,10,cc-pvtz,basis_set_exchange,JW,116,yes,,,,,,,,qasm_gen_grouped,,,,"Cebule QASM_GEN basis-state-pair-grouping measurement scheme. Expected to require fewer or equal distinct circuits per iteration than plain 'pauli' measurement (that's QASM_GEN's whole purpose), but the exact circuit count is an output of a real QASM_GEN/TN_QC_OPT run, not predictable in advance -- see docs.mqs.dk QASM_GEN section.",106.911,111282.463
1989,H2O,0,1,10,cc-pvtz,basis_set_exchange,tn_qc_opt,116,yes,TN_QC_OPT (Cebule),COBYLA,,,0,1,n/a (no TN layers),pauli,348,,,"N_Qubit inherited from the JW-mapped Hamiltonian (verified, see JW row). TN_Layers_Network=0 is the paper's 'circuit only' baseline -- equivalent to plain VQE with this Hamiltonian encoding and no TN preprocessing. Standard per-Pauli-string measurement (baseline).",106.911,111389.373
1990,H2O,0,1,10,cc-pvtz,basis_set_exchange,tn_qc_opt,116,yes,TN_QC_OPT (Cebule),COBYLA,,,0,1,n/a (no TN layers),qasm_gen_grouped,348,,,"N_Qubit inherited from the JW-mapped Hamiltonian (verified, see JW row). TN_Layers_Network=0 is the paper's 'circuit only' baseline -- equivalent to plain VQE with this Hamiltonian encoding and no TN preprocessing. Cebule QASM_GEN basis-state-pair-grouping measurement scheme. Expected to require fewer or equal distinct circuits per iteration than plain 'pauli' measurement (that's QASM_GEN's whole purpose), but the exact circuit count is an output of a real QASM_GEN/TN_QC_OPT run, not predictable in advance -- see docs.mqs.dk QASM_GEN section.",106.911,111496.284
1997,H2O,0,1,10,cc-pvtz,basis_set_exchange,tn_qc_opt,116,yes,TN_QC_OPT (Cebule),COBYLA,,,1,1,full,pauli,348,,,"N_Qubit inherited from the JW-mapped Hamiltonian (verified, see JW row). Standard per-Pauli-string measurement (baseline).",106.911,111603.195
1998,H2O,0,1,10,cc-pvtz,basis_set_exchange,tn_qc_opt,116,yes,TN_QC_OPT (Cebule),COBYLA,,,1,1,full,qasm_gen_grouped,348,,,"N_Qubit inherited from the JW-mapped Hamiltonian (verified, see JW row). Cebule QASM_GEN basis-state-pair-grouping measurement scheme. Expected to require fewer or equal distinct circuits per iteration than plain 'pauli' measurement (that's QASM_GEN's whole purpose), but the exact circuit count is an output of a real QASM_GEN/TN_QC_OPT run, not predictable in advance -- see docs.mqs.dk QASM_GEN section.",106.911,111710.105
1999,H2O,0,1,10,cc-pvtz,basis_set_exchange,tn_qc_opt,116,yes,TN_QC_OPT (Cebule),COBYLA,,,1,1,phase,pauli,348,,,"N_Qubit inherited from the JW-mapped Hamiltonian (verified, see JW row). Standard per-Pauli-string measurement (baseline).",106.911,111817.016
2000,H2O,0,1,10,cc-pvtz,basis_set_exchange,tn_qc_opt,116,yes,TN_QC_OPT (Cebule),COBYLA,,,1,1,phase,qasm_gen_grouped,348,,,"N_Qubit inherited from the JW-mapped Hamiltonian (verified, see JW row). Cebule QASM_GEN basis-state-pair-grouping measurement scheme. Expected to require fewer or equal distinct circuits per iteration than plain 'pauli' measurement (that's QASM_GEN's whole purpose), but the exact circuit count is an output of a real QASM_GEN/TN_QC_OPT run, not predictable in advance -- see docs.mqs.dk QASM_GEN section.",106.911,111923.927
2013,H2O,0,1,10,cc-pvtz,basis_set_exchange,tn_qc_opt,116,yes,TN_QC_OPT (Cebule),COBYLA,,,2,1,full,pauli,348,,,"N_Qubit inherited from the JW-mapped Hamiltonian (verified, see JW row). Standard per-Pauli-string measurement (baseline).",106.911,112030.837
2014,H2O,0,1,10,cc-pvtz,basis_set_exchange,tn_qc_opt,116,yes,TN_QC_OPT (Cebule),COBYLA,,,2,1,full,qasm_gen_grouped,348,,,"N_Qubit inherited from the JW-mapped Hamiltonian (verified, see JW row). Cebule QASM_GEN basis-state-pair-grouping measurement scheme. Expected to require fewer or equal distinct circuits per iteration than plain 'pauli' measurement (that's QASM_GEN's whole purpose), but the exact circuit count is an output of a real QASM_GEN/TN_QC_OPT run, not predictable in advance -- see docs.mqs.dk QASM_GEN section.",106.911,112137.748
2015,H2O,0,1,10,cc-pvtz,basis_set_exchange,tn_qc_opt,116,yes,TN_QC_OPT (Cebule),COBYLA,,,2,1,phase,pauli,348,,,"N_Qubit inherited from the JW-mapped Hamiltonian (verified, see JW row). Standard per-Pauli-string measurement (baseline).",106.911,112244.659
2016,H2O,0,1,10,cc-pvtz,basis_set_exchange,tn_qc_opt,116,yes,TN_QC_OPT (Cebule),COBYLA,,,2,1,phase,qasm_gen_grouped,348,,,"N_Qubit inherited from the JW-mapped Hamiltonian (verified, see JW row). Cebule QASM_GEN basis-state-pair-grouping measurement scheme. Expected to require fewer or equal distinct circuits per iteration than plain 'pauli' measurement (that's QASM_GEN's whole purpose), but the exact circuit count is an output of a real QASM_GEN/TN_QC_OPT run, not predictable in advance -- see docs.mqs.dk QASM_GEN section.",106.911,112351.569
2029,H2O,0,1,10,cc-pvtz,basis_set_exchange,tn_qc_opt,116,yes,TN_QC_OPT (Cebule),COBYLA,,,3,1,full,pauli,348,,,"N_Qubit inherited from the JW-mapped Hamiltonian (verified, see JW row). Standard per-Pauli-string measurement (baseline).",106.911,112458.480
2030,H2O,0,1,10,cc-pvtz,basis_set_exchange,tn_qc_opt,116,yes,TN_QC_OPT (Cebule),COBYLA,,,3,1,full,qasm_gen_grouped,348,,,"N_Qubit inherited from the JW-mapped Hamiltonian (verified, see JW row). Cebule QASM_GEN basis-state-pair-grouping measurement scheme. Expected to require fewer or equal distinct circuits per iteration than plain 'pauli' measurement (that's QASM_GEN's whole purpose), but the exact circuit count is an output of a real QASM_GEN/TN_QC_OPT run, not predictable in advance -- see docs.mqs.dk QASM_GEN section.",106.911,112565.391
2031,H2O,0,1,10,cc-pvtz,basis_set_exchange,tn_qc_opt,116,yes,TN_QC_OPT (Cebule),COBYLA,,,3,1,phase,pauli,348,,,"N_Qubit inherited from the JW-mapped Hamiltonian (verified, see JW row). Standard per-Pauli-string measurement (baseline).",106.911,112672.301
2032,H2O,0,1,10,cc-pvtz,basis_set_exchange,tn_qc_opt,116,yes,TN_QC_OPT (Cebule),COBYLA,,,3,1,phase,qasm_gen_grouped,348,,,"N_Qubit inherited from the JW-mapped Hamiltonian (verified, see JW row). Cebule QASM_GEN basis-state-pair-grouping measurement scheme. Expected to require fewer or equal distinct circuits per iteration than plain 'pauli' measurement (that's QASM_GEN's whole purpose), but the exact circuit count is an output of a real QASM_GEN/TN_QC_OPT run, not predictable in advance -- see docs.mqs.dk QASM_GEN section.",106.911,112779.212
41,Li2,0,1,6,cc-pvtz,basis_set_exchange,JW,120,yes,,,,,,,,pauli,,,,Standard per-Pauli-string measurement (baseline).,107.265,112886.477
42,Li2,0,1,6,cc-pvtz,basis_set_exchange,JW,120,yes,,,,,,,,qasm_gen_grouped,,,,"Cebule QASM_GEN basis-state-pair-grouping measurement scheme. Expected to require fewer or equal distinct circuits per iteration than plain 'pauli' measurement (that's QASM_GEN's whole purpose), but the exact circuit count is an output of a real QASM_GEN/TN_QC_OPT run, not predictable in advance -- see docs.mqs.dk QASM_GEN section.",107.265,112993.741
1205,Li2,0,1,6,cc-pvtz,basis_set_exchange,tn_qc_opt,120,yes,TN_QC_OPT (Cebule),COBYLA,,,0,1,n/a (no TN layers),pauli,360,,,"N_Qubit inherited from the JW-mapped Hamiltonian (verified, see JW row). TN_Layers_Network=0 is the paper's 'circuit only' baseline -- equivalent to plain VQE with this Hamiltonian encoding and no TN preprocessing. Standard per-Pauli-string measurement (baseline).",107.265,113101.006
1206,Li2,0,1,6,cc-pvtz,basis_set_exchange,tn_qc_opt,120,yes,TN_QC_OPT (Cebule),COBYLA,,,0,1,n/a (no TN layers),qasm_gen_grouped,360,,,"N_Qubit inherited from the JW-mapped Hamiltonian (verified, see JW row). TN_Layers_Network=0 is the paper's 'circuit only' baseline -- equivalent to plain VQE with this Hamiltonian encoding and no TN preprocessing. Cebule QASM_GEN basis-state-pair-grouping measurement scheme. Expected to require fewer or equal distinct circuits per iteration than plain 'pauli' measurement (that's QASM_GEN's whole purpose), but the exact circuit count is an output of a real QASM_GEN/TN_QC_OPT run, not predictable in advance -- see docs.mqs.dk QASM_GEN section.",107.265,113208.270
1213,Li2,0,1,6,cc-pvtz,basis_set_exchange,tn_qc_opt,120,yes,TN_QC_OPT (Cebule),COBYLA,,,1,1,full,pauli,360,,,"N_Qubit inherited from the JW-mapped Hamiltonian (verified, see JW row). Standard per-Pauli-string measurement (baseline).",107.265,113315.535
1214,Li2,0,1,6,cc-pvtz,basis_set_exchange,tn_qc_opt,120,yes,TN_QC_OPT (Cebule),COBYLA,,,1,1,full,qasm_gen_grouped,360,,,"N_Qubit inherited from the JW-mapped Hamiltonian (verified, see JW row). Cebule QASM_GEN basis-state-pair-grouping measurement scheme. Expected to require fewer or equal distinct circuits per iteration than plain 'pauli' measurement (that's QASM_GEN's whole purpose), but the exact circuit count is an output of a real QASM_GEN/TN_QC_OPT run, not predictable in advance -- see docs.mqs.dk QASM_GEN section.",107.265,113422.799
1215,Li2,0,1,6,cc-pvtz,basis_set_exchange,tn_qc_opt,120,yes,TN_QC_OPT (Cebule),COBYLA,,,1,1,phase,pauli,360,,,"N_Qubit inherited from the JW-mapped Hamiltonian (verified, see JW row). Standard per-Pauli-string measurement (baseline).",107.265,113530.064
1216,Li2,0,1,6,cc-pvtz,basis_set_exchange,tn_qc_opt,120,yes,TN_QC_OPT (Cebule),COBYLA,,,1,1,phase,qasm_gen_grouped,360,,,"N_Qubit inherited from the JW-mapped Hamiltonian (verified, see JW row). Cebule QASM_GEN basis-state-pair-grouping measurement scheme. Expected to require fewer or equal distinct circuits per iteration than plain 'pauli' measurement (that's QASM_GEN's whole purpose), but the exact circuit count is an output of a real QASM_GEN/TN_QC_OPT run, not predictable in advance -- see docs.mqs.dk QASM_GEN section.",107.265,113637.329
1229,Li2,0,1,6,cc-pvtz,basis_set_exchange,tn_qc_opt,120,yes,TN_QC_OPT (Cebule),COBYLA,,,2,1,full,pauli,360,,,"N_Qubit inherited from the JW-mapped Hamiltonian (verified, see JW row). Standard per-Pauli-string measurement (baseline).",107.265,113744.593
1230,Li2,0,1,6,cc-pvtz,basis_set_exchange,tn_qc_opt,120,yes,TN_QC_OPT (Cebule),COBYLA,,,2,1,full,qasm_gen_grouped,360,,,"N_Qubit inherited from the JW-mapped Hamiltonian (verified, see JW row). Cebule QASM_GEN basis-state-pair-grouping measurement scheme. Expected to require fewer or equal distinct circuits per iteration than plain 'pauli' measurement (that's QASM_GEN's whole purpose), but the exact circuit count is an output of a real QASM_GEN/TN_QC_OPT run, not predictable in advance -- see docs.mqs.dk QASM_GEN section.",107.265,113851.858
1231,Li2,0,1,6,cc-pvtz,basis_set_exchange,tn_qc_opt,120,yes,TN_QC_OPT (Cebule),COBYLA,,,2,1,phase,pauli,360,,,"N_Qubit inherited from the JW-mapped Hamiltonian (verified, see JW row). Standard per-Pauli-string measurement (baseline).",107.265,113959.122
1232,Li2,0,1,6,cc-pvtz,basis_set_exchange,tn_qc_opt,120,yes,TN_QC_OPT (Cebule),COBYLA,,,2,1,phase,qasm_gen_grouped,360,,,"N_Qubit inherited from the JW-mapped Hamiltonian (verified, see JW row). Cebule QASM_GEN basis-state-pair-grouping measurement scheme. Expected to require fewer or equal distinct circuits per iteration than plain 'pauli' measurement (that's QASM_GEN's whole purpose), but the exact circuit count is an output of a real QASM_GEN/TN_QC_OPT run, not predictable in advance -- see docs.mqs.dk QASM_GEN section.",107.265,114066.387
1245,Li2,0,1,6,cc-pvtz,basis_set_exchange,tn_qc_opt,120,yes,TN_QC_OPT (Cebule),COBYLA,,,3,1,full,pauli,360,,,"N_Qubit inherited from the JW-mapped Hamiltonian (verified, see JW row). Standard per-Pauli-string measurement (baseline).",107.265,114173.651
1246,Li2,0,1,6,cc-pvtz,basis_set_exchange,tn_qc_opt,120,yes,TN_QC_OPT (Cebule),COBYLA,,,3,1,full,qasm_gen_grouped,360,,,"N_Qubit inherited from the JW-mapped Hamiltonian (verified, see JW row). Cebule QASM_GEN basis-state-pair-grouping measurement scheme. Expected to require fewer or equal distinct circuits per iteration than plain 'pauli' measurement (that's QASM_GEN's whole purpose), but the exact circuit count is an output of a real QASM_GEN/TN_QC_OPT run, not predictable in advance -- see docs.mqs.dk QASM_GEN section.",107.265,114280.916
1247,Li2,0,1,6,cc-pvtz,basis_set_exchange,tn_qc_opt,120,yes,TN_QC_OPT (Cebule),COBYLA,,,3,1,phase,pauli,360,,,"N_Qubit inherited from the JW-mapped Hamiltonian (verified, see JW row). Standard per-Pauli-string measurement (baseline).",107.265,114388.181
1248,Li2,0,1,6,cc-pvtz,basis_set_exchange,tn_qc_opt,120,yes,TN_QC_OPT (Cebule),COBYLA,,,3,1,phase,qasm_gen_grouped,360,,,"N_Qubit inherited from the JW-mapped Hamiltonian (verified, see JW row). Cebule QASM_GEN basis-state-pair-grouping measurement scheme. Expected to require fewer or equal distinct circuits per iteration than plain 'pauli' measurement (that's QASM_GEN's whole purpose), but the exact circuit count is an output of a real QASM_GEN/TN_QC_OPT run, not predictable in advance -- see docs.mqs.dk QASM_GEN section.",107.265,114495.445
1991,H2O,0,1,10,cc-pvtz,basis_set_exchange,tn_qc_opt,116,yes,TN_QC_OPT (Cebule),COBYLA,,,0,2,n/a (no TN layers),pauli,696,,,"N_Qubit inherited from the JW-mapped Hamiltonian (verified, see JW row). TN_Layers_Network=0 is the paper's 'circuit only' baseline -- equivalent to plain VQE with this Hamiltonian encoding and no TN preprocessing. Standard per-Pauli-string measurement (baseline).",109.889,114605.334
1992,H2O,0,1,10,cc-pvtz,basis_set_exchange,tn_qc_opt,116,yes,TN_QC_OPT (Cebule),COBYLA,,,0,2,n/a (no TN layers),qasm_gen_grouped,696,,,"N_Qubit inherited from the JW-mapped Hamiltonian (verified, see JW row). TN_Layers_Network=0 is the paper's 'circuit only' baseline -- equivalent to plain VQE with this Hamiltonian encoding and no TN preprocessing. Cebule QASM_GEN basis-state-pair-grouping measurement scheme. Expected to require fewer or equal distinct circuits per iteration than plain 'pauli' measurement (that's QASM_GEN's whole purpose), but the exact circuit count is an output of a real QASM_GEN/TN_QC_OPT run, not predictable in advance -- see docs.mqs.dk QASM_GEN section.",109.889,114715.224
2001,H2O,0,1,10,cc-pvtz,basis_set_exchange,tn_qc_opt,116,yes,TN_QC_OPT (Cebule),COBYLA,,,1,2,full,pauli,696,,,"N_Qubit inherited from the JW-mapped Hamiltonian (verified, see JW row). Standard per-Pauli-string measurement (baseline).",109.889,114825.113
2002,H2O,0,1,10,cc-pvtz,basis_set_exchange,tn_qc_opt,116,yes,TN_QC_OPT (Cebule),COBYLA,,,1,2,full,qasm_gen_grouped,696,,,"N_Qubit inherited from the JW-mapped Hamiltonian (verified, see JW row). Cebule QASM_GEN basis-state-pair-grouping measurement scheme. Expected to require fewer or equal distinct circuits per iteration than plain 'pauli' measurement (that's QASM_GEN's whole purpose), but the exact circuit count is an output of a real QASM_GEN/TN_QC_OPT run, not predictable in advance -- see docs.mqs.dk QASM_GEN section.",109.889,114935.002
2003,H2O,0,1,10,cc-pvtz,basis_set_exchange,tn_qc_opt,116,yes,TN_QC_OPT (Cebule),COBYLA,,,1,2,phase,pauli,696,,,"N_Qubit inherited from the JW-mapped Hamiltonian (verified, see JW row). Standard per-Pauli-string measurement (baseline).",109.889,115044.891
2004,H2O,0,1,10,cc-pvtz,basis_set_exchange,tn_qc_opt,116,yes,TN_QC_OPT (Cebule),COBYLA,,,1,2,phase,qasm_gen_grouped,696,,,"N_Qubit inherited from the JW-mapped Hamiltonian (verified, see JW row). Cebule QASM_GEN basis-state-pair-grouping measurement scheme. Expected to require fewer or equal distinct circuits per iteration than plain 'pauli' measurement (that's QASM_GEN's whole purpose), but the exact circuit count is an output of a real QASM_GEN/TN_QC_OPT run, not predictable in advance -- see docs.mqs.dk QASM_GEN section.",109.889,115154.781
2017,H2O,0,1,10,cc-pvtz,basis_set_exchange,tn_qc_opt,116,yes,TN_QC_OPT (Cebule),COBYLA,,,2,2,full,pauli,696,,,"N_Qubit inherited from the JW-mapped Hamiltonian (verified, see JW row). Standard per-Pauli-string measurement (baseline).",109.889,115264.670
2018,H2O,0,1,10,cc-pvtz,basis_set_exchange,tn_qc_opt,116,yes,TN_QC_OPT (Cebule),COBYLA,,,2,2,full,qasm_gen_grouped,696,,,"N_Qubit inherited from the JW-mapped Hamiltonian (verified, see JW row). Cebule QASM_GEN basis-state-pair-grouping measurement scheme. Expected to require fewer or equal distinct circuits per iteration than plain 'pauli' measurement (that's QASM_GEN's whole purpose), but the exact circuit count is an output of a real QASM_GEN/TN_QC_OPT run, not predictable in advance -- see docs.mqs.dk QASM_GEN section.",109.889,115374.559
2019,H2O,0,1,10,cc-pvtz,basis_set_exchange,tn_qc_opt,116,yes,TN_QC_OPT (Cebule),COBYLA,,,2,2,phase,pauli,696,,,"N_Qubit inherited from the JW-mapped Hamiltonian (verified, see JW row). Standard per-Pauli-string measurement (baseline).",109.889,115484.449
2020,H2O,0,1,10,cc-pvtz,basis_set_exchange,tn_qc_opt,116,yes,TN_QC_OPT (Cebule),COBYLA,,,2,2,phase,qasm_gen_grouped,696,,,"N_Qubit inherited from the JW-mapped Hamiltonian (verified, see JW row). Cebule QASM_GEN basis-state-pair-grouping measurement scheme. Expected to require fewer or equal distinct circuits per iteration than plain 'pauli' measurement (that's QASM_GEN's whole purpose), but the exact circuit count is an output of a real QASM_GEN/TN_QC_OPT run, not predictable in advance -- see docs.mqs.dk QASM_GEN section.",109.889,115594.338
2033,H2O,0,1,10,cc-pvtz,basis_set_exchange,tn_qc_opt,116,yes,TN_QC_OPT (Cebule),COBYLA,,,3,2,full,pauli,696,,,"N_Qubit inherited from the JW-mapped Hamiltonian (verified, see JW row). Standard per-Pauli-string measurement (baseline).",109.889,115704.227
2034,H2O,0,1,10,cc-pvtz,basis_set_exchange,tn_qc_opt,116,yes,TN_QC_OPT (Cebule),COBYLA,,,3,2,full,qasm_gen_grouped,696,,,"N_Qubit inherited from the JW-mapped Hamiltonian (verified, see JW row). Cebule QASM_GEN basis-state-pair-grouping measurement scheme. Expected to require fewer or equal distinct circuits per iteration than plain 'pauli' measurement (that's QASM_GEN's whole purpose), but the exact circuit count is an output of a real QASM_GEN/TN_QC_OPT run, not predictable in advance -- see docs.mqs.dk QASM_GEN section.",109.889,115814.116
2035,H2O,0,1,10,cc-pvtz,basis_set_exchange,tn_qc_opt,116,yes,TN_QC_OPT (Cebule),COBYLA,,,3,2,phase,pauli,696,,,"N_Qubit inherited from the JW-mapped Hamiltonian (verified, see JW row). Standard per-Pauli-string measurement (baseline).",109.889,115924.006
2036,H2O,0,1,10,cc-pvtz,basis_set_exchange,tn_qc_opt,116,yes,TN_QC_OPT (Cebule),COBYLA,,,3,2,phase,qasm_gen_grouped,696,,,"N_Qubit inherited from the JW-mapped Hamiltonian (verified, see JW row). Cebule QASM_GEN basis-state-pair-grouping measurement scheme. Expected to require fewer or equal distinct circuits per iteration than plain 'pauli' measurement (that's QASM_GEN's whole purpose), but the exact circuit count is an output of a real QASM_GEN/TN_QC_OPT run, not predictable in advance -- see docs.mqs.dk QASM_GEN section.",109.889,116033.895
1207,Li2,0,1,6,cc-pvtz,basis_set_exchange,tn_qc_opt,120,yes,TN_QC_OPT (Cebule),COBYLA,,,0,2,n/a (no TN layers),pauli,720,,,"N_Qubit inherited from the JW-mapped Hamiltonian (verified, see JW row). TN_Layers_Network=0 is the paper's 'circuit only' baseline -- equivalent to plain VQE with this Hamiltonian encoding and no TN preprocessing. Standard per-Pauli-string measurement (baseline).",110.243,116144.138
1208,Li2,0,1,6,cc-pvtz,basis_set_exchange,tn_qc_opt,120,yes,TN_QC_OPT (Cebule),COBYLA,,,0,2,n/a (no TN layers),qasm_gen_grouped,720,,,"N_Qubit inherited from the JW-mapped Hamiltonian (verified, see JW row). TN_Layers_Network=0 is the paper's 'circuit only' baseline -- equivalent to plain VQE with this Hamiltonian encoding and no TN preprocessing. Cebule QASM_GEN basis-state-pair-grouping measurement scheme. Expected to require fewer or equal distinct circuits per iteration than plain 'pauli' measurement (that's QASM_GEN's whole purpose), but the exact circuit count is an output of a real QASM_GEN/TN_QC_OPT run, not predictable in advance -- see docs.mqs.dk QASM_GEN section.",110.243,116254.381
1217,Li2,0,1,6,cc-pvtz,basis_set_exchange,tn_qc_opt,120,yes,TN_QC_OPT (Cebule),COBYLA,,,1,2,full,pauli,720,,,"N_Qubit inherited from the JW-mapped Hamiltonian (verified, see JW row). Standard per-Pauli-string measurement (baseline).",110.243,116364.625
1218,Li2,0,1,6,cc-pvtz,basis_set_exchange,tn_qc_opt,120,yes,TN_QC_OPT (Cebule),COBYLA,,,1,2,full,qasm_gen_grouped,720,,,"N_Qubit inherited from the JW-mapped Hamiltonian (verified, see JW row). Cebule QASM_GEN basis-state-pair-grouping measurement scheme. Expected to require fewer or equal distinct circuits per iteration than plain 'pauli' measurement (that's QASM_GEN's whole purpose), but the exact circuit count is an output of a real QASM_GEN/TN_QC_OPT run, not predictable in advance -- see docs.mqs.dk QASM_GEN section.",110.243,116474.868
1219,Li2,0,1,6,cc-pvtz,basis_set_exchange,tn_qc_opt,120,yes,TN_QC_OPT (Cebule),COBYLA,,,1,2,phase,pauli,720,,,"N_Qubit inherited from the JW-mapped Hamiltonian (verified, see JW row). Standard per-Pauli-string measurement (baseline).",110.243,116585.111
1220,Li2,0,1,6,cc-pvtz,basis_set_exchange,tn_qc_opt,120,yes,TN_QC_OPT (Cebule),COBYLA,,,1,2,phase,qasm_gen_grouped,720,,,"N_Qubit inherited from the JW-mapped Hamiltonian (verified, see JW row). Cebule QASM_GEN basis-state-pair-grouping measurement scheme. Expected to require fewer or equal distinct circuits per iteration than plain 'pauli' measurement (that's QASM_GEN's whole purpose), but the exact circuit count is an output of a real QASM_GEN/TN_QC_OPT run, not predictable in advance -- see docs.mqs.dk QASM_GEN section.",110.243,116695.354
1233,Li2,0,1,6,cc-pvtz,basis_set_exchange,tn_qc_opt,120,yes,TN_QC_OPT (Cebule),COBYLA,,,2,2,full,pauli,720,,,"N_Qubit inherited from the JW-mapped Hamiltonian (verified, see JW row). Standard per-Pauli-string measurement (baseline).",110.243,116805.597
1234,Li2,0,1,6,cc-pvtz,basis_set_exchange,tn_qc_opt,120,yes,TN_QC_OPT (Cebule),COBYLA,,,2,2,full,qasm_gen_grouped,720,,,"N_Qubit inherited from the JW-mapped Hamiltonian (verified, see JW row). Cebule QASM_GEN basis-state-pair-grouping measurement scheme. Expected to require fewer or equal distinct circuits per iteration than plain 'pauli' measurement (that's QASM_GEN's whole purpose), but the exact circuit count is an output of a real QASM_GEN/TN_QC_OPT run, not predictable in advance -- see docs.mqs.dk QASM_GEN section.",110.243,116915.840
1235,Li2,0,1,6,cc-pvtz,basis_set_exchange,tn_qc_opt,120,yes,TN_QC_OPT (Cebule),COBYLA,,,2,2,phase,pauli,720,,,"N_Qubit inherited from the JW-mapped Hamiltonian (verified, see JW row). Standard per-Pauli-string measurement (baseline).",110.243,117026.084
1236,Li2,0,1,6,cc-pvtz,basis_set_exchange,tn_qc_opt,120,yes,TN_QC_OPT (Cebule),COBYLA,,,2,2,phase,qasm_gen_grouped,720,,,"N_Qubit inherited from the JW-mapped Hamiltonian (verified, see JW row). Cebule QASM_GEN basis-state-pair-grouping measurement scheme. Expected to require fewer or equal distinct circuits per iteration than plain 'pauli' measurement (that's QASM_GEN's whole purpose), but the exact circuit count is an output of a real QASM_GEN/TN_QC_OPT run, not predictable in advance -- see docs.mqs.dk QASM_GEN section.",110.243,117136.327
1249,Li2,0,1,6,cc-pvtz,basis_set_exchange,tn_qc_opt,120,yes,TN_QC_OPT (Cebule),COBYLA,,,3,2,full,pauli,720,,,"N_Qubit inherited from the JW-mapped Hamiltonian (verified, see JW row). Standard per-Pauli-string measurement (baseline).",110.243,117246.570
1250,Li2,0,1,6,cc-pvtz,basis_set_exchange,tn_qc_opt,120,yes,TN_QC_OPT (Cebule),COBYLA,,,3,2,full,qasm_gen_grouped,720,,,"N_Qubit inherited from the JW-mapped Hamiltonian (verified, see JW row). Cebule QASM_GEN basis-state-pair-grouping measurement scheme. Expected to require fewer or equal distinct circuits per iteration than plain 'pauli' measurement (that's QASM_GEN's whole purpose), but the exact circuit count is an output of a real QASM_GEN/TN_QC_OPT run, not predictable in advance -- see docs.mqs.dk QASM_GEN section.",110.243,117356.813
1251,Li2,0,1,6,cc-pvtz,basis_set_exchange,tn_qc_opt,120,yes,TN_QC_OPT (Cebule),COBYLA,,,3,2,phase,pauli,720,,,"N_Qubit inherited from the JW-mapped Hamiltonian (verified, see JW row). Standard per-Pauli-string measurement (baseline).",110.243,117467.056
1252,Li2,0,1,6,cc-pvtz,basis_set_exchange,tn_qc_opt,120,yes,TN_QC_OPT (Cebule),COBYLA,,,3,2,phase,qasm_gen_grouped,720,,,"N_Qubit inherited from the JW-mapped Hamiltonian (verified, see JW row). Cebule QASM_GEN basis-state-pair-grouping measurement scheme. Expected to require fewer or equal distinct circuits per iteration than plain 'pauli' measurement (that's QASM_GEN's whole purpose), but the exact circuit count is an output of a real QASM_GEN/TN_QC_OPT run, not predictable in advance -- see docs.mqs.dk QASM_GEN section.",110.243,117577.299
1993,H2O,0,1,10,cc-pvtz,basis_set_exchange,tn_qc_opt,116,yes,TN_QC_OPT (Cebule),COBYLA,,,0,3,n/a (no TN layers),pauli,1044,,,"N_Qubit inherited from the JW-mapped Hamiltonian (verified, see JW row). TN_Layers_Network=0 is the paper's 'circuit only' baseline -- equivalent to plain VQE with this Hamiltonian encoding and no TN preprocessing. Standard per-Pauli-string measurement (baseline).",110.531,117687.830
1994,H2O,0,1,10,cc-pvtz,basis_set_exchange,tn_qc_opt,116,yes,TN_QC_OPT (Cebule),COBYLA,,,0,3,n/a (no TN layers),qasm_gen_grouped,1044,,,"N_Qubit inherited from the JW-mapped Hamiltonian (verified, see JW row). TN_Layers_Network=0 is the paper's 'circuit only' baseline -- equivalent to plain VQE with this Hamiltonian encoding and no TN preprocessing. Cebule QASM_GEN basis-state-pair-grouping measurement scheme. Expected to require fewer or equal distinct circuits per iteration than plain 'pauli' measurement (that's QASM_GEN's whole purpose), but the exact circuit count is an output of a real QASM_GEN/TN_QC_OPT run, not predictable in advance -- see docs.mqs.dk QASM_GEN section.",110.531,117798.361
2005,H2O,0,1,10,cc-pvtz,basis_set_exchange,tn_qc_opt,116,yes,TN_QC_OPT (Cebule),COBYLA,,,1,3,full,pauli,1044,,,"N_Qubit inherited from the JW-mapped Hamiltonian (verified, see JW row). Standard per-Pauli-string measurement (baseline).",110.531,117908.892
2006,H2O,0,1,10,cc-pvtz,basis_set_exchange,tn_qc_opt,116,yes,TN_QC_OPT (Cebule),COBYLA,,,1,3,full,qasm_gen_grouped,1044,,,"N_Qubit inherited from the JW-mapped Hamiltonian (verified, see JW row). Cebule QASM_GEN basis-state-pair-grouping measurement scheme. Expected to require fewer or equal distinct circuits per iteration than plain 'pauli' measurement (that's QASM_GEN's whole purpose), but the exact circuit count is an output of a real QASM_GEN/TN_QC_OPT run, not predictable in advance -- see docs.mqs.dk QASM_GEN section.",110.531,118019.422
2007,H2O,0,1,10,cc-pvtz,basis_set_exchange,tn_qc_opt,116,yes,TN_QC_OPT (Cebule),COBYLA,,,1,3,phase,pauli,1044,,,"N_Qubit inherited from the JW-mapped Hamiltonian (verified, see JW row). Standard per-Pauli-string measurement (baseline).",110.531,118129.953
2008,H2O,0,1,10,cc-pvtz,basis_set_exchange,tn_qc_opt,116,yes,TN_QC_OPT (Cebule),COBYLA,,,1,3,phase,qasm_gen_grouped,1044,,,"N_Qubit inherited from the JW-mapped Hamiltonian (verified, see JW row). Cebule QASM_GEN basis-state-pair-grouping measurement scheme. Expected to require fewer or equal distinct circuits per iteration than plain 'pauli' measurement (that's QASM_GEN's whole purpose), but the exact circuit count is an output of a real QASM_GEN/TN_QC_OPT run, not predictable in advance -- see docs.mqs.dk QASM_GEN section.",110.531,118240.484
2021,H2O,0,1,10,cc-pvtz,basis_set_exchange,tn_qc_opt,116,yes,TN_QC_OPT (Cebule),COBYLA,,,2,3,full,pauli,1044,,,"N_Qubit inherited from the JW-mapped Hamiltonian (verified, see JW row). Standard per-Pauli-string measurement (baseline).",110.531,118351.014
2022,H2O,0,1,10,cc-pvtz,basis_set_exchange,tn_qc_opt,116,yes,TN_QC_OPT (Cebule),COBYLA,,,2,3,full,qasm_gen_grouped,1044,,,"N_Qubit inherited from the JW-mapped Hamiltonian (verified, see JW row). Cebule QASM_GEN basis-state-pair-grouping measurement scheme. Expected to require fewer or equal distinct circuits per iteration than plain 'pauli' measurement (that's QASM_GEN's whole purpose), but the exact circuit count is an output of a real QASM_GEN/TN_QC_OPT run, not predictable in advance -- see docs.mqs.dk QASM_GEN section.",110.531,118461.545
2023,H2O,0,1,10,cc-pvtz,basis_set_exchange,tn_qc_opt,116,yes,TN_QC_OPT (Cebule),COBYLA,,,2,3,phase,pauli,1044,,,"N_Qubit inherited from the JW-mapped Hamiltonian (verified, see JW row). Standard per-Pauli-string measurement (baseline).",110.531,118572.076
2024,H2O,0,1,10,cc-pvtz,basis_set_exchange,tn_qc_opt,116,yes,TN_QC_OPT (Cebule),COBYLA,,,2,3,phase,qasm_gen_grouped,1044,,,"N_Qubit inherited from the JW-mapped Hamiltonian (verified, see JW row). Cebule QASM_GEN basis-state-pair-grouping measurement scheme. Expected to require fewer or equal distinct circuits per iteration than plain 'pauli' measurement (that's QASM_GEN's whole purpose), but the exact circuit count is an output of a real QASM_GEN/TN_QC_OPT run, not predictable in advance -- see docs.mqs.dk QASM_GEN section.",110.531,118682.607
2037,H2O,0,1,10,cc-pvtz,basis_set_exchange,tn_qc_opt,116,yes,TN_QC_OPT (Cebule),COBYLA,,,3,3,full,pauli,1044,,,"N_Qubit inherited from the JW-mapped Hamiltonian (verified, see JW row). Standard per-Pauli-string measurement (baseline).",110.531,118793.137
2038,H2O,0,1,10,cc-pvtz,basis_set_exchange,tn_qc_opt,116,yes,TN_QC_OPT (Cebule),COBYLA,,,3,3,full,qasm_gen_grouped,1044,,,"N_Qubit inherited from the JW-mapped Hamiltonian (verified, see JW row). Cebule QASM_GEN basis-state-pair-grouping measurement scheme. Expected to require fewer or equal distinct circuits per iteration than plain 'pauli' measurement (that's QASM_GEN's whole purpose), but the exact circuit count is an output of a real QASM_GEN/TN_QC_OPT run, not predictable in advance -- see docs.mqs.dk QASM_GEN section.",110.531,118903.668
2039,H2O,0,1,10,cc-pvtz,basis_set_exchange,tn_qc_opt,116,yes,TN_QC_OPT (Cebule),COBYLA,,,3,3,phase,pauli,1044,,,"N_Qubit inherited from the JW-mapped Hamiltonian (verified, see JW row). Standard per-Pauli-string measurement (baseline).",110.531,119014.199
2040,H2O,0,1,10,cc-pvtz,basis_set_exchange,tn_qc_opt,116,yes,TN_QC_OPT (Cebule),COBYLA,,,3,3,phase,qasm_gen_grouped,1044,,,"N_Qubit inherited from the JW-mapped Hamiltonian (verified, see JW row). Cebule QASM_GEN basis-state-pair-grouping measurement scheme. Expected to require fewer or equal distinct circuits per iteration than plain 'pauli' measurement (that's QASM_GEN's whole purpose), but the exact circuit count is an output of a real QASM_GEN/TN_QC_OPT run, not predictable in advance -- see docs.mqs.dk QASM_GEN section.",110.531,119124.729
1209,Li2,0,1,6,cc-pvtz,basis_set_exchange,tn_qc_opt,120,yes,TN_QC_OPT (Cebule),COBYLA,,,0,3,n/a (no TN layers),pauli,1080,,,"N_Qubit inherited from the JW-mapped Hamiltonian (verified, see JW row). TN_Layers_Network=0 is the paper's 'circuit only' baseline -- equivalent to plain VQE with this Hamiltonian encoding and no TN preprocessing. Standard per-Pauli-string measurement (baseline).",110.885,119235.614
1210,Li2,0,1,6,cc-pvtz,basis_set_exchange,tn_qc_opt,120,yes,TN_QC_OPT (Cebule),COBYLA,,,0,3,n/a (no TN layers),qasm_gen_grouped,1080,,,"N_Qubit inherited from the JW-mapped Hamiltonian (verified, see JW row). TN_Layers_Network=0 is the paper's 'circuit only' baseline -- equivalent to plain VQE with this Hamiltonian encoding and no TN preprocessing. Cebule QASM_GEN basis-state-pair-grouping measurement scheme. Expected to require fewer or equal distinct circuits per iteration than plain 'pauli' measurement (that's QASM_GEN's whole purpose), but the exact circuit count is an output of a real QASM_GEN/TN_QC_OPT run, not predictable in advance -- see docs.mqs.dk QASM_GEN section.",110.885,119346.499
1221,Li2,0,1,6,cc-pvtz,basis_set_exchange,tn_qc_opt,120,yes,TN_QC_OPT (Cebule),COBYLA,,,1,3,full,pauli,1080,,,"N_Qubit inherited from the JW-mapped Hamiltonian (verified, see JW row). Standard per-Pauli-string measurement (baseline).",110.885,119457.383
1222,Li2,0,1,6,cc-pvtz,basis_set_exchange,tn_qc_opt,120,yes,TN_QC_OPT (Cebule),COBYLA,,,1,3,full,qasm_gen_grouped,1080,,,"N_Qubit inherited from the JW-mapped Hamiltonian (verified, see JW row). Cebule QASM_GEN basis-state-pair-grouping measurement scheme. Expected to require fewer or equal distinct circuits per iteration than plain 'pauli' measurement (that's QASM_GEN's whole purpose), but the exact circuit count is an output of a real QASM_GEN/TN_QC_OPT run, not predictable in advance -- see docs.mqs.dk QASM_GEN section.",110.885,119568.268
1223,Li2,0,1,6,cc-pvtz,basis_set_exchange,tn_qc_opt,120,yes,TN_QC_OPT (Cebule),COBYLA,,,1,3,phase,pauli,1080,,,"N_Qubit inherited from the JW-mapped Hamiltonian (verified, see JW row). Standard per-Pauli-string measurement (baseline).",110.885,119679.152
1224,Li2,0,1,6,cc-pvtz,basis_set_exchange,tn_qc_opt,120,yes,TN_QC_OPT (Cebule),COBYLA,,,1,3,phase,qasm_gen_grouped,1080,,,"N_Qubit inherited from the JW-mapped Hamiltonian (verified, see JW row). Cebule QASM_GEN basis-state-pair-grouping measurement scheme. Expected to require fewer or equal distinct circuits per iteration than plain 'pauli' measurement (that's QASM_GEN's whole purpose), but the exact circuit count is an output of a real QASM_GEN/TN_QC_OPT run, not predictable in advance -- see docs.mqs.dk QASM_GEN section.",110.885,119790.037
1237,Li2,0,1,6,cc-pvtz,basis_set_exchange,tn_qc_opt,120,yes,TN_QC_OPT (Cebule),COBYLA,,,2,3,full,pauli,1080,,,"N_Qubit inherited from the JW-mapped Hamiltonian (verified, see JW row). Standard per-Pauli-string measurement (baseline).",110.885,119900.922
1238,Li2,0,1,6,cc-pvtz,basis_set_exchange,tn_qc_opt,120,yes,TN_QC_OPT (Cebule),COBYLA,,,2,3,full,qasm_gen_grouped,1080,,,"N_Qubit inherited from the JW-mapped Hamiltonian (verified, see JW row). Cebule QASM_GEN basis-state-pair-grouping measurement scheme. Expected to require fewer or equal distinct circuits per iteration than plain 'pauli' measurement (that's QASM_GEN's whole purpose), but the exact circuit count is an output of a real QASM_GEN/TN_QC_OPT run, not predictable in advance -- see docs.mqs.dk QASM_GEN section.",110.885,120011.806
1239,Li2,0,1,6,cc-pvtz,basis_set_exchange,tn_qc_opt,120,yes,TN_QC_OPT (Cebule),COBYLA,,,2,3,phase,pauli,1080,,,"N_Qubit inherited from the JW-mapped Hamiltonian (verified, see JW row). Standard per-Pauli-string measurement (baseline).",110.885,120122.691
1240,Li2,0,1,6,cc-pvtz,basis_set_exchange,tn_qc_opt,120,yes,TN_QC_OPT (Cebule),COBYLA,,,2,3,phase,qasm_gen_grouped,1080,,,"N_Qubit inherited from the JW-mapped Hamiltonian (verified, see JW row). Cebule QASM_GEN basis-state-pair-grouping measurement scheme. Expected to require fewer or equal distinct circuits per iteration than plain 'pauli' measurement (that's QASM_GEN's whole purpose), but the exact circuit count is an output of a real QASM_GEN/TN_QC_OPT run, not predictable in advance -- see docs.mqs.dk QASM_GEN section.",110.885,120233.576
1253,Li2,0,1,6,cc-pvtz,basis_set_exchange,tn_qc_opt,120,yes,TN_QC_OPT (Cebule),COBYLA,,,3,3,full,pauli,1080,,,"N_Qubit inherited from the JW-mapped Hamiltonian (verified, see JW row). Standard per-Pauli-string measurement (baseline).",110.885,120344.460
1254,Li2,0,1,6,cc-pvtz,basis_set_exchange,tn_qc_opt,120,yes,TN_QC_OPT (Cebule),COBYLA,,,3,3,full,qasm_gen_grouped,1080,,,"N_Qubit inherited from the JW-mapped Hamiltonian (verified, see JW row). Cebule QASM_GEN basis-state-pair-grouping measurement scheme. Expected to require fewer or equal distinct circuits per iteration than plain 'pauli' measurement (that's QASM_GEN's whole purpose), but the exact circuit count is an output of a real QASM_GEN/TN_QC_OPT run, not predictable in advance -- see docs.mqs.dk QASM_GEN section.",110.885,120455.345
1255,Li2,0,1,6,cc-pvtz,basis_set_exchange,tn_qc_opt,120,yes,TN_QC_OPT (Cebule),COBYLA,,,3,3,phase,pauli,1080,,,"N_Qubit inherited from the JW-mapped Hamiltonian (verified, see JW row). Standard per-Pauli-string measurement (baseline).",110.885,120566.229
1256,Li2,0,1,6,cc-pvtz,basis_set_exchange,tn_qc_opt,120,yes,TN_QC_OPT (Cebule),COBYLA,,,3,3,phase,qasm_gen_grouped,1080,,,"N_Qubit inherited from the JW-mapped Hamiltonian (verified, see JW row). Cebule QASM_GEN basis-state-pair-grouping measurement scheme. Expected to require fewer or equal distinct circuits per iteration than plain 'pauli' measurement (that's QASM_GEN's whole purpose), but the exact circuit count is an output of a real QASM_GEN/TN_QC_OPT run, not predictable in advance -- see docs.mqs.dk QASM_GEN section.",110.885,120677.114
1995,H2O,0,1,10,cc-pvtz,basis_set_exchange,tn_qc_opt,116,yes,TN_QC_OPT (Cebule),COBYLA,,,0,4,n/a (no TN layers),pauli,1392,,,"N_Qubit inherited from the JW-mapped Hamiltonian (verified, see JW row). TN_Layers_Network=0 is the paper's 'circuit only' baseline -- equivalent to plain VQE with this Hamiltonian encoding and no TN preprocessing. Standard per-Pauli-string measurement (baseline).",111.688,120788.802
1996,H2O,0,1,10,cc-pvtz,basis_set_exchange,tn_qc_opt,116,yes,TN_QC_OPT (Cebule),COBYLA,,,0,4,n/a (no TN layers),qasm_gen_grouped,1392,,,"N_Qubit inherited from the JW-mapped Hamiltonian (verified, see JW row). TN_Layers_Network=0 is the paper's 'circuit only' baseline -- equivalent to plain VQE with this Hamiltonian encoding and no TN preprocessing. Cebule QASM_GEN basis-state-pair-grouping measurement scheme. Expected to require fewer or equal distinct circuits per iteration than plain 'pauli' measurement (that's QASM_GEN's whole purpose), but the exact circuit count is an output of a real QASM_GEN/TN_QC_OPT run, not predictable in advance -- see docs.mqs.dk QASM_GEN section.",111.688,120900.490
2009,H2O,0,1,10,cc-pvtz,basis_set_exchange,tn_qc_opt,116,yes,TN_QC_OPT (Cebule),COBYLA,,,1,4,full,pauli,1392,,,"N_Qubit inherited from the JW-mapped Hamiltonian (verified, see JW row). Standard per-Pauli-string measurement (baseline).",111.688,121012.179
2010,H2O,0,1,10,cc-pvtz,basis_set_exchange,tn_qc_opt,116,yes,TN_QC_OPT (Cebule),COBYLA,,,1,4,full,qasm_gen_grouped,1392,,,"N_Qubit inherited from the JW-mapped Hamiltonian (verified, see JW row). Cebule QASM_GEN basis-state-pair-grouping measurement scheme. Expected to require fewer or equal distinct circuits per iteration than plain 'pauli' measurement (that's QASM_GEN's whole purpose), but the exact circuit count is an output of a real QASM_GEN/TN_QC_OPT run, not predictable in advance -- see docs.mqs.dk QASM_GEN section.",111.688,121123.867
2011,H2O,0,1,10,cc-pvtz,basis_set_exchange,tn_qc_opt,116,yes,TN_QC_OPT (Cebule),COBYLA,,,1,4,phase,pauli,1392,,,"N_Qubit inherited from the JW-mapped Hamiltonian (verified, see JW row). Standard per-Pauli-string measurement (baseline).",111.688,121235.555
2012,H2O,0,1,10,cc-pvtz,basis_set_exchange,tn_qc_opt,116,yes,TN_QC_OPT (Cebule),COBYLA,,,1,4,phase,qasm_gen_grouped,1392,,,"N_Qubit inherited from the JW-mapped Hamiltonian (verified, see JW row). Cebule QASM_GEN basis-state-pair-grouping measurement scheme. Expected to require fewer or equal distinct circuits per iteration than plain 'pauli' measurement (that's QASM_GEN's whole purpose), but the exact circuit count is an output of a real QASM_GEN/TN_QC_OPT run, not predictable in advance -- see docs.mqs.dk QASM_GEN section.",111.688,121347.243
2025,H2O,0,1,10,cc-pvtz,basis_set_exchange,tn_qc_opt,116,yes,TN_QC_OPT (Cebule),COBYLA,,,2,4,full,pauli,1392,,,"N_Qubit inherited from the JW-mapped Hamiltonian (verified, see JW row). Standard per-Pauli-string measurement (baseline).",111.688,121458.932
2026,H2O,0,1,10,cc-pvtz,basis_set_exchange,tn_qc_opt,116,yes,TN_QC_OPT (Cebule),COBYLA,,,2,4,full,qasm_gen_grouped,1392,,,"N_Qubit inherited from the JW-mapped Hamiltonian (verified, see JW row). Cebule QASM_GEN basis-state-pair-grouping measurement scheme. Expected to require fewer or equal distinct circuits per iteration than plain 'pauli' measurement (that's QASM_GEN's whole purpose), but the exact circuit count is an output of a real QASM_GEN/TN_QC_OPT run, not predictable in advance -- see docs.mqs.dk QASM_GEN section.",111.688,121570.620
2027,H2O,0,1,10,cc-pvtz,basis_set_exchange,tn_qc_opt,116,yes,TN_QC_OPT (Cebule),COBYLA,,,2,4,phase,pauli,1392,,,"N_Qubit inherited from the JW-mapped Hamiltonian (verified, see JW row). Standard per-Pauli-string measurement (baseline).",111.688,121682.308
2028,H2O,0,1,10,cc-pvtz,basis_set_exchange,tn_qc_opt,116,yes,TN_QC_OPT (Cebule),COBYLA,,,2,4,phase,qasm_gen_grouped,1392,,,"N_Qubit inherited from the JW-mapped Hamiltonian (verified, see JW row). Cebule QASM_GEN basis-state-pair-grouping measurement scheme. Expected to require fewer or equal distinct circuits per iteration than plain 'pauli' measurement (that's QASM_GEN's whole purpose), but the exact circuit count is an output of a real QASM_GEN/TN_QC_OPT run, not predictable in advance -- see docs.mqs.dk QASM_GEN section.",111.688,121793.996
2041,H2O,0,1,10,cc-pvtz,basis_set_exchange,tn_qc_opt,116,yes,TN_QC_OPT (Cebule),COBYLA,,,3,4,full,pauli,1392,,,"N_Qubit inherited from the JW-mapped Hamiltonian (verified, see JW row). Standard per-Pauli-string measurement (baseline).",111.688,121905.685
2042,H2O,0,1,10,cc-pvtz,basis_set_exchange,tn_qc_opt,116,yes,TN_QC_OPT (Cebule),COBYLA,,,3,4,full,qasm_gen_grouped,1392,,,"N_Qubit inherited from the JW-mapped Hamiltonian (verified, see JW row). Cebule QASM_GEN basis-state-pair-grouping measurement scheme. Expected to require fewer or equal distinct circuits per iteration than plain 'pauli' measurement (that's QASM_GEN's whole purpose), but the exact circuit count is an output of a real QASM_GEN/TN_QC_OPT run, not predictable in advance -- see docs.mqs.dk QASM_GEN section.",111.688,122017.373
2043,H2O,0,1,10,cc-pvtz,basis_set_exchange,tn_qc_opt,116,yes,TN_QC_OPT (Cebule),COBYLA,,,3,4,phase,pauli,1392,,,"N_Qubit inherited from the JW-mapped Hamiltonian (verified, see JW row). Standard per-Pauli-string measurement (baseline).",111.688,122129.061
2044,H2O,0,1,10,cc-pvtz,basis_set_exchange,tn_qc_opt,116,yes,TN_QC_OPT (Cebule),COBYLA,,,3,4,phase,qasm_gen_grouped,1392,,,"N_Qubit inherited from the JW-mapped Hamiltonian (verified, see JW row). Cebule QASM_GEN basis-state-pair-grouping measurement scheme. Expected to require fewer or equal distinct circuits per iteration than plain 'pauli' measurement (that's QASM_GEN's whole purpose), but the exact circuit count is an output of a real QASM_GEN/TN_QC_OPT run, not predictable in advance -- see docs.mqs.dk QASM_GEN section.",111.688,122240.749
1211,Li2,0,1,6,cc-pvtz,basis_set_exchange,tn_qc_opt,120,yes,TN_QC_OPT (Cebule),COBYLA,,,0,4,n/a (no TN layers),pauli,1440,,,"N_Qubit inherited from the JW-mapped Hamiltonian (verified, see JW row). TN_Layers_Network=0 is the paper's 'circuit only' baseline -- equivalent to plain VQE with this Hamiltonian encoding and no TN preprocessing. Standard per-Pauli-string measurement (baseline).",112.042,122352.792
1212,Li2,0,1,6,cc-pvtz,basis_set_exchange,tn_qc_opt,120,yes,TN_QC_OPT (Cebule),COBYLA,,,0,4,n/a (no TN layers),qasm_gen_grouped,1440,,,"N_Qubit inherited from the JW-mapped Hamiltonian (verified, see JW row). TN_Layers_Network=0 is the paper's 'circuit only' baseline -- equivalent to plain VQE with this Hamiltonian encoding and no TN preprocessing. Cebule QASM_GEN basis-state-pair-grouping measurement scheme. Expected to require fewer or equal distinct circuits per iteration than plain 'pauli' measurement (that's QASM_GEN's whole purpose), but the exact circuit count is an output of a real QASM_GEN/TN_QC_OPT run, not predictable in advance -- see docs.mqs.dk QASM_GEN section.",112.042,122464.834
1225,Li2,0,1,6,cc-pvtz,basis_set_exchange,tn_qc_opt,120,yes,TN_QC_OPT (Cebule),COBYLA,,,1,4,full,pauli,1440,,,"N_Qubit inherited from the JW-mapped Hamiltonian (verified, see JW row). Standard per-Pauli-string measurement (baseline).",112.042,122576.876
1226,Li2,0,1,6,cc-pvtz,basis_set_exchange,tn_qc_opt,120,yes,TN_QC_OPT (Cebule),COBYLA,,,1,4,full,qasm_gen_grouped,1440,,,"N_Qubit inherited from the JW-mapped Hamiltonian (verified, see JW row). Cebule QASM_GEN basis-state-pair-grouping measurement scheme. Expected to require fewer or equal distinct circuits per iteration than plain 'pauli' measurement (that's QASM_GEN's whole purpose), but the exact circuit count is an output of a real QASM_GEN/TN_QC_OPT run, not predictable in advance -- see docs.mqs.dk QASM_GEN section.",112.042,122688.918
1227,Li2,0,1,6,cc-pvtz,basis_set_exchange,tn_qc_opt,120,yes,TN_QC_OPT (Cebule),COBYLA,,,1,4,phase,pauli,1440,,,"N_Qubit inherited from the JW-mapped Hamiltonian (verified, see JW row). Standard per-Pauli-string measurement (baseline).",112.042,122800.960
1228,Li2,0,1,6,cc-pvtz,basis_set_exchange,tn_qc_opt,120,yes,TN_QC_OPT (Cebule),COBYLA,,,1,4,phase,qasm_gen_grouped,1440,,,"N_Qubit inherited from the JW-mapped Hamiltonian (verified, see JW row). Cebule QASM_GEN basis-state-pair-grouping measurement scheme. Expected to require fewer or equal distinct circuits per iteration than plain 'pauli' measurement (that's QASM_GEN's whole purpose), but the exact circuit count is an output of a real QASM_GEN/TN_QC_OPT run, not predictable in advance -- see docs.mqs.dk QASM_GEN section.",112.042,122913.002
1241,Li2,0,1,6,cc-pvtz,basis_set_exchange,tn_qc_opt,120,yes,TN_QC_OPT (Cebule),COBYLA,,,2,4,full,pauli,1440,,,"N_Qubit inherited from the JW-mapped Hamiltonian (verified, see JW row). Standard per-Pauli-string measurement (baseline).",112.042,123025.044
1242,Li2,0,1,6,cc-pvtz,basis_set_exchange,tn_qc_opt,120,yes,TN_QC_OPT (Cebule),COBYLA,,,2,4,full,qasm_gen_grouped,1440,,,"N_Qubit inherited from the JW-mapped Hamiltonian (verified, see JW row). Cebule QASM_GEN basis-state-pair-grouping measurement scheme. Expected to require fewer or equal distinct circuits per iteration than plain 'pauli' measurement (that's QASM_GEN's whole purpose), but the exact circuit count is an output of a real QASM_GEN/TN_QC_OPT run, not predictable in advance -- see docs.mqs.dk QASM_GEN section.",112.042,123137.086
1243,Li2,0,1,6,cc-pvtz,basis_set_exchange,tn_qc_opt,120,yes,TN_QC_OPT (Cebule),COBYLA,,,2,4,phase,pauli,1440,,,"N_Qubit inherited from the JW-mapped Hamiltonian (verified, see JW row). Standard per-Pauli-string measurement (baseline).",112.042,123249.129
1244,Li2,0,1,6,cc-pvtz,basis_set_exchange,tn_qc_opt,120,yes,TN_QC_OPT (Cebule),COBYLA,,,2,4,phase,qasm_gen_grouped,1440,,,"N_Qubit inherited from the JW-mapped Hamiltonian (verified, see JW row). Cebule QASM_GEN basis-state-pair-grouping measurement scheme. Expected to require fewer or equal distinct circuits per iteration than plain 'pauli' measurement (that's QASM_GEN's whole purpose), but the exact circuit count is an output of a real QASM_GEN/TN_QC_OPT run, not predictable in advance -- see docs.mqs.dk QASM_GEN section.",112.042,123361.171
1257,Li2,0,1,6,cc-pvtz,basis_set_exchange,tn_qc_opt,120,yes,TN_QC_OPT (Cebule),COBYLA,,,3,4,full,pauli,1440,,,"N_Qubit inherited from the JW-mapped Hamiltonian (verified, see JW row). Standard per-Pauli-string measurement (baseline).",112.042,123473.213
1258,Li2,0,1,6,cc-pvtz,basis_set_exchange,tn_qc_opt,120,yes,TN_QC_OPT (Cebule),COBYLA,,,3,4,full,qasm_gen_grouped,1440,,,"N_Qubit inherited from the JW-mapped Hamiltonian (verified, see JW row). Cebule QASM_GEN basis-state-pair-grouping measurement scheme. Expected to require fewer or equal distinct circuits per iteration than plain 'pauli' measurement (that's QASM_GEN's whole purpose), but the exact circuit count is an output of a real QASM_GEN/TN_QC_OPT run, not predictable in advance -- see docs.mqs.dk QASM_GEN section.",112.042,123585.255
1259,Li2,0,1,6,cc-pvtz,basis_set_exchange,tn_qc_opt,120,yes,TN_QC_OPT (Cebule),COBYLA,,,3,4,phase,pauli,1440,,,"N_Qubit inherited from the JW-mapped Hamiltonian (verified, see JW row). Standard per-Pauli-string measurement (baseline).",112.042,123697.297
1260,Li2,0,1,6,cc-pvtz,basis_set_exchange,tn_qc_opt,120,yes,TN_QC_OPT (Cebule),COBYLA,,,3,4,phase,qasm_gen_grouped,1440,,,"N_Qubit inherited from the JW-mapped Hamiltonian (verified, see JW row). Cebule QASM_GEN basis-state-pair-grouping measurement scheme. Expected to require fewer or equal distinct circuits per iteration than plain 'pauli' measurement (that's QASM_GEN's whole purpose), but the exact circuit count is an output of a real QASM_GEN/TN_QC_OPT run, not predictable in advance -- see docs.mqs.dk QASM_GEN section.",112.042,123809.339
