Case_ID,Molecule,Charge,Multiplicity,Num_Electrons,Basis,Basis_Source,Mapper,N_Qubit,N_Qubit_Verified,Ansatz,Optimizer,Qiskit_Opt_Level,Shots,TN_Layers_Network,TN_Layers_Circuit,Rotation_Type,Measurement_Method,Num_Opt_Params_Phi,Num_Opt_Params_Theta,Num_ExpVals_Per_Iter,Notes,Est_QPU_Time_S_At_30_Iter,Est_QPU_Time_Cumulative_S
19,H2,0,1,2,def2-svp,basis_set_exchange,mol_map,,n/a,,,,,,,,pauli,,,,"Not computable offline -- MQS constraint-based encoding qubit count depends on Cebule's MOL_MAP task output for this molecule/basis, not a formula. Run Cebule MOL_MAP (schemas.mqsdk_cebule.MolMapInput) to fill in. Standard per-Pauli-string measurement (baseline).",,
20,H2,0,1,2,def2-svp,basis_set_exchange,mol_map,,n/a,,,,,,,,qasm_gen_grouped,,,,"Not computable offline -- MQS constraint-based encoding qubit count depends on Cebule's MOL_MAP task output for this molecule/basis, not a formula. Run Cebule MOL_MAP (schemas.mqsdk_cebule.MolMapInput) to fill in. Cebule QASM_GEN basis-state-pair-grouping measurement scheme. Expected to require fewer or equal distinct circuits per iteration than plain 'pauli' measurement (that's QASM_GEN's whole purpose), but the exact circuit count is an output of a real QASM_GEN/TN_QC_OPT run, not predictable in advance -- see docs.mqs.dk QASM_GEN section.",,
23,H2,0,1,2,def2-tzvp,basis_set_exchange,mol_map,,n/a,,,,,,,,pauli,,,,"Not computable offline -- MQS constraint-based encoding qubit count depends on Cebule's MOL_MAP task output for this molecule/basis, not a formula. Run Cebule MOL_MAP (schemas.mqsdk_cebule.MolMapInput) to fill in. Standard per-Pauli-string measurement (baseline).",,
24,H2,0,1,2,def2-tzvp,basis_set_exchange,mol_map,,n/a,,,,,,,,qasm_gen_grouped,,,,"Not computable offline -- MQS constraint-based encoding qubit count depends on Cebule's MOL_MAP task output for this molecule/basis, not a formula. Run Cebule MOL_MAP (schemas.mqsdk_cebule.MolMapInput) to fill in. Cebule QASM_GEN basis-state-pair-grouping measurement scheme. Expected to require fewer or equal distinct circuits per iteration than plain 'pauli' measurement (that's QASM_GEN's whole purpose), but the exact circuit count is an output of a real QASM_GEN/TN_QC_OPT run, not predictable in advance -- see docs.mqs.dk QASM_GEN section.",,
27,H2,0,1,2,qvSZP,grimme_qvszp,mol_map,,n/a,,,,,,,,pauli,,,,"Not computable offline -- MQS constraint-based encoding qubit count depends on Cebule's MOL_MAP task output for this molecule/basis, not a formula. Run Cebule MOL_MAP (schemas.mqsdk_cebule.MolMapInput) to fill in. Standard per-Pauli-string measurement (baseline).",,
28,H2,0,1,2,qvSZP,grimme_qvszp,mol_map,,n/a,,,,,,,,qasm_gen_grouped,,,,"Not computable offline -- MQS constraint-based encoding qubit count depends on Cebule's MOL_MAP task output for this molecule/basis, not a formula. Run Cebule MOL_MAP (schemas.mqsdk_cebule.MolMapInput) to fill in. Cebule QASM_GEN basis-state-pair-grouping measurement scheme. Expected to require fewer or equal distinct circuits per iteration than plain 'pauli' measurement (that's QASM_GEN's whole purpose), but the exact circuit count is an output of a real QASM_GEN/TN_QC_OPT run, not predictable in advance -- see docs.mqs.dk QASM_GEN section.",,
35,Li2,0,1,6,6-31g,basis_set_exchange,mol_map,,n/a,,,,,,,,pauli,,,,"Not computable offline -- MQS constraint-based encoding qubit count depends on Cebule's MOL_MAP task output for this molecule/basis, not a formula. Run Cebule MOL_MAP (schemas.mqsdk_cebule.MolMapInput) to fill in. Standard per-Pauli-string measurement (baseline).",,
36,Li2,0,1,6,6-31g,basis_set_exchange,mol_map,,n/a,,,,,,,,qasm_gen_grouped,,,,"Not computable offline -- MQS constraint-based encoding qubit count depends on Cebule's MOL_MAP task output for this molecule/basis, not a formula. Run Cebule MOL_MAP (schemas.mqsdk_cebule.MolMapInput) to fill in. Cebule QASM_GEN basis-state-pair-grouping measurement scheme. Expected to require fewer or equal distinct circuits per iteration than plain 'pauli' measurement (that's QASM_GEN's whole purpose), but the exact circuit count is an output of a real QASM_GEN/TN_QC_OPT run, not predictable in advance -- see docs.mqs.dk QASM_GEN section.",,
39,Li2,0,1,6,cc-pvdz,basis_set_exchange,mol_map,,n/a,,,,,,,,pauli,,,,"Not computable offline -- MQS constraint-based encoding qubit count depends on Cebule's MOL_MAP task output for this molecule/basis, not a formula. Run Cebule MOL_MAP (schemas.mqsdk_cebule.MolMapInput) to fill in. Standard per-Pauli-string measurement (baseline).",,
40,Li2,0,1,6,cc-pvdz,basis_set_exchange,mol_map,,n/a,,,,,,,,qasm_gen_grouped,,,,"Not computable offline -- MQS constraint-based encoding qubit count depends on Cebule's MOL_MAP task output for this molecule/basis, not a formula. Run Cebule MOL_MAP (schemas.mqsdk_cebule.MolMapInput) to fill in. Cebule QASM_GEN basis-state-pair-grouping measurement scheme. Expected to require fewer or equal distinct circuits per iteration than plain 'pauli' measurement (that's QASM_GEN's whole purpose), but the exact circuit count is an output of a real QASM_GEN/TN_QC_OPT run, not predictable in advance -- see docs.mqs.dk QASM_GEN section.",,
43,Li2,0,1,6,cc-pvtz,basis_set_exchange,mol_map,,n/a,,,,,,,,pauli,,,,"Not computable offline -- MQS constraint-based encoding qubit count depends on Cebule's MOL_MAP task output for this molecule/basis, not a formula. Run Cebule MOL_MAP (schemas.mqsdk_cebule.MolMapInput) to fill in. Standard per-Pauli-string measurement (baseline).",,
44,Li2,0,1,6,cc-pvtz,basis_set_exchange,mol_map,,n/a,,,,,,,,qasm_gen_grouped,,,,"Not computable offline -- MQS constraint-based encoding qubit count depends on Cebule's MOL_MAP task output for this molecule/basis, not a formula. Run Cebule MOL_MAP (schemas.mqsdk_cebule.MolMapInput) to fill in. Cebule QASM_GEN basis-state-pair-grouping measurement scheme. Expected to require fewer or equal distinct circuits per iteration than plain 'pauli' measurement (that's QASM_GEN's whole purpose), but the exact circuit count is an output of a real QASM_GEN/TN_QC_OPT run, not predictable in advance -- see docs.mqs.dk QASM_GEN section.",,
47,Li2,0,1,6,def2-svp,basis_set_exchange,mol_map,,n/a,,,,,,,,pauli,,,,"Not computable offline -- MQS constraint-based encoding qubit count depends on Cebule's MOL_MAP task output for this molecule/basis, not a formula. Run Cebule MOL_MAP (schemas.mqsdk_cebule.MolMapInput) to fill in. Standard per-Pauli-string measurement (baseline).",,
48,Li2,0,1,6,def2-svp,basis_set_exchange,mol_map,,n/a,,,,,,,,qasm_gen_grouped,,,,"Not computable offline -- MQS constraint-based encoding qubit count depends on Cebule's MOL_MAP task output for this molecule/basis, not a formula. Run Cebule MOL_MAP (schemas.mqsdk_cebule.MolMapInput) to fill in. Cebule QASM_GEN basis-state-pair-grouping measurement scheme. Expected to require fewer or equal distinct circuits per iteration than plain 'pauli' measurement (that's QASM_GEN's whole purpose), but the exact circuit count is an output of a real QASM_GEN/TN_QC_OPT run, not predictable in advance -- see docs.mqs.dk QASM_GEN section.",,
51,Li2,0,1,6,def2-tzvp,basis_set_exchange,mol_map,,n/a,,,,,,,,pauli,,,,"Not computable offline -- MQS constraint-based encoding qubit count depends on Cebule's MOL_MAP task output for this molecule/basis, not a formula. Run Cebule MOL_MAP (schemas.mqsdk_cebule.MolMapInput) to fill in. Standard per-Pauli-string measurement (baseline).",,
52,Li2,0,1,6,def2-tzvp,basis_set_exchange,mol_map,,n/a,,,,,,,,qasm_gen_grouped,,,,"Not computable offline -- MQS constraint-based encoding qubit count depends on Cebule's MOL_MAP task output for this molecule/basis, not a formula. Run Cebule MOL_MAP (schemas.mqsdk_cebule.MolMapInput) to fill in. Cebule QASM_GEN basis-state-pair-grouping measurement scheme. Expected to require fewer or equal distinct circuits per iteration than plain 'pauli' measurement (that's QASM_GEN's whole purpose), but the exact circuit count is an output of a real QASM_GEN/TN_QC_OPT run, not predictable in advance -- see docs.mqs.dk QASM_GEN section.",,
55,Li2,0,1,6,qvSZP,grimme_qvszp,mol_map,,n/a,,,,,,,,pauli,,,,"Not computable offline -- MQS constraint-based encoding qubit count depends on Cebule's MOL_MAP task output for this molecule/basis, not a formula. Run Cebule MOL_MAP (schemas.mqsdk_cebule.MolMapInput) to fill in. Standard per-Pauli-string measurement (baseline).",,
56,Li2,0,1,6,qvSZP,grimme_qvszp,mol_map,,n/a,,,,,,,,qasm_gen_grouped,,,,"Not computable offline -- MQS constraint-based encoding qubit count depends on Cebule's MOL_MAP task output for this molecule/basis, not a formula. Run Cebule MOL_MAP (schemas.mqsdk_cebule.MolMapInput) to fill in. Cebule QASM_GEN basis-state-pair-grouping measurement scheme. Expected to require fewer or equal distinct circuits per iteration than plain 'pauli' measurement (that's QASM_GEN's whole purpose), but the exact circuit count is an output of a real QASM_GEN/TN_QC_OPT run, not predictable in advance -- see docs.mqs.dk QASM_GEN section.",,
63,H2O,0,1,10,6-31g,basis_set_exchange,mol_map,,n/a,,,,,,,,pauli,,,,"Not computable offline -- MQS constraint-based encoding qubit count depends on Cebule's MOL_MAP task output for this molecule/basis, not a formula. Run Cebule MOL_MAP (schemas.mqsdk_cebule.MolMapInput) to fill in. Standard per-Pauli-string measurement (baseline).",,
64,H2O,0,1,10,6-31g,basis_set_exchange,mol_map,,n/a,,,,,,,,qasm_gen_grouped,,,,"Not computable offline -- MQS constraint-based encoding qubit count depends on Cebule's MOL_MAP task output for this molecule/basis, not a formula. Run Cebule MOL_MAP (schemas.mqsdk_cebule.MolMapInput) to fill in. Cebule QASM_GEN basis-state-pair-grouping measurement scheme. Expected to require fewer or equal distinct circuits per iteration than plain 'pauli' measurement (that's QASM_GEN's whole purpose), but the exact circuit count is an output of a real QASM_GEN/TN_QC_OPT run, not predictable in advance -- see docs.mqs.dk QASM_GEN section.",,
67,H2O,0,1,10,cc-pvdz,basis_set_exchange,mol_map,,n/a,,,,,,,,pauli,,,,"Not computable offline -- MQS constraint-based encoding qubit count depends on Cebule's MOL_MAP task output for this molecule/basis, not a formula. Run Cebule MOL_MAP (schemas.mqsdk_cebule.MolMapInput) to fill in. Standard per-Pauli-string measurement (baseline).",,
68,H2O,0,1,10,cc-pvdz,basis_set_exchange,mol_map,,n/a,,,,,,,,qasm_gen_grouped,,,,"Not computable offline -- MQS constraint-based encoding qubit count depends on Cebule's MOL_MAP task output for this molecule/basis, not a formula. Run Cebule MOL_MAP (schemas.mqsdk_cebule.MolMapInput) to fill in. Cebule QASM_GEN basis-state-pair-grouping measurement scheme. Expected to require fewer or equal distinct circuits per iteration than plain 'pauli' measurement (that's QASM_GEN's whole purpose), but the exact circuit count is an output of a real QASM_GEN/TN_QC_OPT run, not predictable in advance -- see docs.mqs.dk QASM_GEN section.",,
71,H2O,0,1,10,cc-pvtz,basis_set_exchange,mol_map,,n/a,,,,,,,,pauli,,,,"Not computable offline -- MQS constraint-based encoding qubit count depends on Cebule's MOL_MAP task output for this molecule/basis, not a formula. Run Cebule MOL_MAP (schemas.mqsdk_cebule.MolMapInput) to fill in. Standard per-Pauli-string measurement (baseline).",,
72,H2O,0,1,10,cc-pvtz,basis_set_exchange,mol_map,,n/a,,,,,,,,qasm_gen_grouped,,,,"Not computable offline -- MQS constraint-based encoding qubit count depends on Cebule's MOL_MAP task output for this molecule/basis, not a formula. Run Cebule MOL_MAP (schemas.mqsdk_cebule.MolMapInput) to fill in. Cebule QASM_GEN basis-state-pair-grouping measurement scheme. Expected to require fewer or equal distinct circuits per iteration than plain 'pauli' measurement (that's QASM_GEN's whole purpose), but the exact circuit count is an output of a real QASM_GEN/TN_QC_OPT run, not predictable in advance -- see docs.mqs.dk QASM_GEN section.",,
75,H2O,0,1,10,def2-svp,basis_set_exchange,mol_map,,n/a,,,,,,,,pauli,,,,"Not computable offline -- MQS constraint-based encoding qubit count depends on Cebule's MOL_MAP task output for this molecule/basis, not a formula. Run Cebule MOL_MAP (schemas.mqsdk_cebule.MolMapInput) to fill in. Standard per-Pauli-string measurement (baseline).",,
76,H2O,0,1,10,def2-svp,basis_set_exchange,mol_map,,n/a,,,,,,,,qasm_gen_grouped,,,,"Not computable offline -- MQS constraint-based encoding qubit count depends on Cebule's MOL_MAP task output for this molecule/basis, not a formula. Run Cebule MOL_MAP (schemas.mqsdk_cebule.MolMapInput) to fill in. Cebule QASM_GEN basis-state-pair-grouping measurement scheme. Expected to require fewer or equal distinct circuits per iteration than plain 'pauli' measurement (that's QASM_GEN's whole purpose), but the exact circuit count is an output of a real QASM_GEN/TN_QC_OPT run, not predictable in advance -- see docs.mqs.dk QASM_GEN section.",,
79,H2O,0,1,10,def2-tzvp,basis_set_exchange,mol_map,,n/a,,,,,,,,pauli,,,,"Not computable offline -- MQS constraint-based encoding qubit count depends on Cebule's MOL_MAP task output for this molecule/basis, not a formula. Run Cebule MOL_MAP (schemas.mqsdk_cebule.MolMapInput) to fill in. Standard per-Pauli-string measurement (baseline).",,
80,H2O,0,1,10,def2-tzvp,basis_set_exchange,mol_map,,n/a,,,,,,,,qasm_gen_grouped,,,,"Not computable offline -- MQS constraint-based encoding qubit count depends on Cebule's MOL_MAP task output for this molecule/basis, not a formula. Run Cebule MOL_MAP (schemas.mqsdk_cebule.MolMapInput) to fill in. Cebule QASM_GEN basis-state-pair-grouping measurement scheme. Expected to require fewer or equal distinct circuits per iteration than plain 'pauli' measurement (that's QASM_GEN's whole purpose), but the exact circuit count is an output of a real QASM_GEN/TN_QC_OPT run, not predictable in advance -- see docs.mqs.dk QASM_GEN section.",,
83,H2O,0,1,10,qvSZP,grimme_qvszp,mol_map,,n/a,,,,,,,,pauli,,,,"Not computable offline -- MQS constraint-based encoding qubit count depends on Cebule's MOL_MAP task output for this molecule/basis, not a formula. Run Cebule MOL_MAP (schemas.mqsdk_cebule.MolMapInput) to fill in. Standard per-Pauli-string measurement (baseline).",,
84,H2O,0,1,10,qvSZP,grimme_qvszp,mol_map,,n/a,,,,,,,,qasm_gen_grouped,,,,"Not computable offline -- MQS constraint-based encoding qubit count depends on Cebule's MOL_MAP task output for this molecule/basis, not a formula. Run Cebule MOL_MAP (schemas.mqsdk_cebule.MolMapInput) to fill in. Cebule QASM_GEN basis-state-pair-grouping measurement scheme. Expected to require fewer or equal distinct circuits per iteration than plain 'pauli' measurement (that's QASM_GEN's whole purpose), but the exact circuit count is an output of a real QASM_GEN/TN_QC_OPT run, not predictable in advance -- see docs.mqs.dk QASM_GEN section.",,
589,H2,0,1,2,def2-svp,basis_set_exchange,tn_qc_opt+mol_map,,n/a,TN_QC_OPT (Cebule),COBYLA,,,0,1,n/a (no TN layers),pauli,,,,N_Qubit unknown: requires a real Cebule MOL_MAP run for this molecule/basis (see mol_map row's note). TN_Layers_Network=0 is the paper's 'circuit only' baseline -- equivalent to plain VQE with this Hamiltonian encoding and no TN preprocessing. Standard per-Pauli-string measurement (baseline).,,
590,H2,0,1,2,def2-svp,basis_set_exchange,tn_qc_opt+mol_map,,n/a,TN_QC_OPT (Cebule),COBYLA,,,0,1,n/a (no TN layers),qasm_gen_grouped,,,,"N_Qubit unknown: requires a real Cebule MOL_MAP run for this molecule/basis (see mol_map row's note). TN_Layers_Network=0 is the paper's 'circuit only' baseline -- equivalent to plain VQE with this Hamiltonian encoding and no TN preprocessing. Cebule QASM_GEN basis-state-pair-grouping measurement scheme. Expected to require fewer or equal distinct circuits per iteration than plain 'pauli' measurement (that's QASM_GEN's whole purpose), but the exact circuit count is an output of a real QASM_GEN/TN_QC_OPT run, not predictable in advance -- see docs.mqs.dk QASM_GEN section.",,
591,H2,0,1,2,def2-svp,basis_set_exchange,tn_qc_opt+mol_map,,n/a,TN_QC_OPT (Cebule),COBYLA,,,0,2,n/a (no TN layers),pauli,,,,N_Qubit unknown: requires a real Cebule MOL_MAP run for this molecule/basis (see mol_map row's note). TN_Layers_Network=0 is the paper's 'circuit only' baseline -- equivalent to plain VQE with this Hamiltonian encoding and no TN preprocessing. Standard per-Pauli-string measurement (baseline).,,
592,H2,0,1,2,def2-svp,basis_set_exchange,tn_qc_opt+mol_map,,n/a,TN_QC_OPT (Cebule),COBYLA,,,0,2,n/a (no TN layers),qasm_gen_grouped,,,,"N_Qubit unknown: requires a real Cebule MOL_MAP run for this molecule/basis (see mol_map row's note). TN_Layers_Network=0 is the paper's 'circuit only' baseline -- equivalent to plain VQE with this Hamiltonian encoding and no TN preprocessing. Cebule QASM_GEN basis-state-pair-grouping measurement scheme. Expected to require fewer or equal distinct circuits per iteration than plain 'pauli' measurement (that's QASM_GEN's whole purpose), but the exact circuit count is an output of a real QASM_GEN/TN_QC_OPT run, not predictable in advance -- see docs.mqs.dk QASM_GEN section.",,
593,H2,0,1,2,def2-svp,basis_set_exchange,tn_qc_opt+mol_map,,n/a,TN_QC_OPT (Cebule),COBYLA,,,0,3,n/a (no TN layers),pauli,,,,N_Qubit unknown: requires a real Cebule MOL_MAP run for this molecule/basis (see mol_map row's note). TN_Layers_Network=0 is the paper's 'circuit only' baseline -- equivalent to plain VQE with this Hamiltonian encoding and no TN preprocessing. Standard per-Pauli-string measurement (baseline).,,
594,H2,0,1,2,def2-svp,basis_set_exchange,tn_qc_opt+mol_map,,n/a,TN_QC_OPT (Cebule),COBYLA,,,0,3,n/a (no TN layers),qasm_gen_grouped,,,,"N_Qubit unknown: requires a real Cebule MOL_MAP run for this molecule/basis (see mol_map row's note). TN_Layers_Network=0 is the paper's 'circuit only' baseline -- equivalent to plain VQE with this Hamiltonian encoding and no TN preprocessing. Cebule QASM_GEN basis-state-pair-grouping measurement scheme. Expected to require fewer or equal distinct circuits per iteration than plain 'pauli' measurement (that's QASM_GEN's whole purpose), but the exact circuit count is an output of a real QASM_GEN/TN_QC_OPT run, not predictable in advance -- see docs.mqs.dk QASM_GEN section.",,
595,H2,0,1,2,def2-svp,basis_set_exchange,tn_qc_opt+mol_map,,n/a,TN_QC_OPT (Cebule),COBYLA,,,0,4,n/a (no TN layers),pauli,,,,N_Qubit unknown: requires a real Cebule MOL_MAP run for this molecule/basis (see mol_map row's note). TN_Layers_Network=0 is the paper's 'circuit only' baseline -- equivalent to plain VQE with this Hamiltonian encoding and no TN preprocessing. Standard per-Pauli-string measurement (baseline).,,
596,H2,0,1,2,def2-svp,basis_set_exchange,tn_qc_opt+mol_map,,n/a,TN_QC_OPT (Cebule),COBYLA,,,0,4,n/a (no TN layers),qasm_gen_grouped,,,,"N_Qubit unknown: requires a real Cebule MOL_MAP run for this molecule/basis (see mol_map row's note). TN_Layers_Network=0 is the paper's 'circuit only' baseline -- equivalent to plain VQE with this Hamiltonian encoding and no TN preprocessing. Cebule QASM_GEN basis-state-pair-grouping measurement scheme. Expected to require fewer or equal distinct circuits per iteration than plain 'pauli' measurement (that's QASM_GEN's whole purpose), but the exact circuit count is an output of a real QASM_GEN/TN_QC_OPT run, not predictable in advance -- see docs.mqs.dk QASM_GEN section.",,
597,H2,0,1,2,def2-svp,basis_set_exchange,tn_qc_opt+mol_map,,n/a,TN_QC_OPT (Cebule),COBYLA,,,1,1,full,pauli,,,,N_Qubit unknown: requires a real Cebule MOL_MAP run for this molecule/basis (see mol_map row's note). Standard per-Pauli-string measurement (baseline).,,
598,H2,0,1,2,def2-svp,basis_set_exchange,tn_qc_opt+mol_map,,n/a,TN_QC_OPT (Cebule),COBYLA,,,1,1,full,qasm_gen_grouped,,,,"N_Qubit unknown: requires a real Cebule MOL_MAP run for this molecule/basis (see mol_map row's note). Cebule QASM_GEN basis-state-pair-grouping measurement scheme. Expected to require fewer or equal distinct circuits per iteration than plain 'pauli' measurement (that's QASM_GEN's whole purpose), but the exact circuit count is an output of a real QASM_GEN/TN_QC_OPT run, not predictable in advance -- see docs.mqs.dk QASM_GEN section.",,
599,H2,0,1,2,def2-svp,basis_set_exchange,tn_qc_opt+mol_map,,n/a,TN_QC_OPT (Cebule),COBYLA,,,1,1,phase,pauli,,,,N_Qubit unknown: requires a real Cebule MOL_MAP run for this molecule/basis (see mol_map row's note). Standard per-Pauli-string measurement (baseline).,,
600,H2,0,1,2,def2-svp,basis_set_exchange,tn_qc_opt+mol_map,,n/a,TN_QC_OPT (Cebule),COBYLA,,,1,1,phase,qasm_gen_grouped,,,,"N_Qubit unknown: requires a real Cebule MOL_MAP run for this molecule/basis (see mol_map row's note). Cebule QASM_GEN basis-state-pair-grouping measurement scheme. Expected to require fewer or equal distinct circuits per iteration than plain 'pauli' measurement (that's QASM_GEN's whole purpose), but the exact circuit count is an output of a real QASM_GEN/TN_QC_OPT run, not predictable in advance -- see docs.mqs.dk QASM_GEN section.",,
601,H2,0,1,2,def2-svp,basis_set_exchange,tn_qc_opt+mol_map,,n/a,TN_QC_OPT (Cebule),COBYLA,,,1,2,full,pauli,,,,N_Qubit unknown: requires a real Cebule MOL_MAP run for this molecule/basis (see mol_map row's note). Standard per-Pauli-string measurement (baseline).,,
602,H2,0,1,2,def2-svp,basis_set_exchange,tn_qc_opt+mol_map,,n/a,TN_QC_OPT (Cebule),COBYLA,,,1,2,full,qasm_gen_grouped,,,,"N_Qubit unknown: requires a real Cebule MOL_MAP run for this molecule/basis (see mol_map row's note). Cebule QASM_GEN basis-state-pair-grouping measurement scheme. Expected to require fewer or equal distinct circuits per iteration than plain 'pauli' measurement (that's QASM_GEN's whole purpose), but the exact circuit count is an output of a real QASM_GEN/TN_QC_OPT run, not predictable in advance -- see docs.mqs.dk QASM_GEN section.",,
603,H2,0,1,2,def2-svp,basis_set_exchange,tn_qc_opt+mol_map,,n/a,TN_QC_OPT (Cebule),COBYLA,,,1,2,phase,pauli,,,,N_Qubit unknown: requires a real Cebule MOL_MAP run for this molecule/basis (see mol_map row's note). Standard per-Pauli-string measurement (baseline).,,
604,H2,0,1,2,def2-svp,basis_set_exchange,tn_qc_opt+mol_map,,n/a,TN_QC_OPT (Cebule),COBYLA,,,1,2,phase,qasm_gen_grouped,,,,"N_Qubit unknown: requires a real Cebule MOL_MAP run for this molecule/basis (see mol_map row's note). Cebule QASM_GEN basis-state-pair-grouping measurement scheme. Expected to require fewer or equal distinct circuits per iteration than plain 'pauli' measurement (that's QASM_GEN's whole purpose), but the exact circuit count is an output of a real QASM_GEN/TN_QC_OPT run, not predictable in advance -- see docs.mqs.dk QASM_GEN section.",,
605,H2,0,1,2,def2-svp,basis_set_exchange,tn_qc_opt+mol_map,,n/a,TN_QC_OPT (Cebule),COBYLA,,,1,3,full,pauli,,,,N_Qubit unknown: requires a real Cebule MOL_MAP run for this molecule/basis (see mol_map row's note). Standard per-Pauli-string measurement (baseline).,,
606,H2,0,1,2,def2-svp,basis_set_exchange,tn_qc_opt+mol_map,,n/a,TN_QC_OPT (Cebule),COBYLA,,,1,3,full,qasm_gen_grouped,,,,"N_Qubit unknown: requires a real Cebule MOL_MAP run for this molecule/basis (see mol_map row's note). Cebule QASM_GEN basis-state-pair-grouping measurement scheme. Expected to require fewer or equal distinct circuits per iteration than plain 'pauli' measurement (that's QASM_GEN's whole purpose), but the exact circuit count is an output of a real QASM_GEN/TN_QC_OPT run, not predictable in advance -- see docs.mqs.dk QASM_GEN section.",,
607,H2,0,1,2,def2-svp,basis_set_exchange,tn_qc_opt+mol_map,,n/a,TN_QC_OPT (Cebule),COBYLA,,,1,3,phase,pauli,,,,N_Qubit unknown: requires a real Cebule MOL_MAP run for this molecule/basis (see mol_map row's note). Standard per-Pauli-string measurement (baseline).,,
608,H2,0,1,2,def2-svp,basis_set_exchange,tn_qc_opt+mol_map,,n/a,TN_QC_OPT (Cebule),COBYLA,,,1,3,phase,qasm_gen_grouped,,,,"N_Qubit unknown: requires a real Cebule MOL_MAP run for this molecule/basis (see mol_map row's note). Cebule QASM_GEN basis-state-pair-grouping measurement scheme. Expected to require fewer or equal distinct circuits per iteration than plain 'pauli' measurement (that's QASM_GEN's whole purpose), but the exact circuit count is an output of a real QASM_GEN/TN_QC_OPT run, not predictable in advance -- see docs.mqs.dk QASM_GEN section.",,
609,H2,0,1,2,def2-svp,basis_set_exchange,tn_qc_opt+mol_map,,n/a,TN_QC_OPT (Cebule),COBYLA,,,1,4,full,pauli,,,,N_Qubit unknown: requires a real Cebule MOL_MAP run for this molecule/basis (see mol_map row's note). Standard per-Pauli-string measurement (baseline).,,
610,H2,0,1,2,def2-svp,basis_set_exchange,tn_qc_opt+mol_map,,n/a,TN_QC_OPT (Cebule),COBYLA,,,1,4,full,qasm_gen_grouped,,,,"N_Qubit unknown: requires a real Cebule MOL_MAP run for this molecule/basis (see mol_map row's note). Cebule QASM_GEN basis-state-pair-grouping measurement scheme. Expected to require fewer or equal distinct circuits per iteration than plain 'pauli' measurement (that's QASM_GEN's whole purpose), but the exact circuit count is an output of a real QASM_GEN/TN_QC_OPT run, not predictable in advance -- see docs.mqs.dk QASM_GEN section.",,
611,H2,0,1,2,def2-svp,basis_set_exchange,tn_qc_opt+mol_map,,n/a,TN_QC_OPT (Cebule),COBYLA,,,1,4,phase,pauli,,,,N_Qubit unknown: requires a real Cebule MOL_MAP run for this molecule/basis (see mol_map row's note). Standard per-Pauli-string measurement (baseline).,,
612,H2,0,1,2,def2-svp,basis_set_exchange,tn_qc_opt+mol_map,,n/a,TN_QC_OPT (Cebule),COBYLA,,,1,4,phase,qasm_gen_grouped,,,,"N_Qubit unknown: requires a real Cebule MOL_MAP run for this molecule/basis (see mol_map row's note). Cebule QASM_GEN basis-state-pair-grouping measurement scheme. Expected to require fewer or equal distinct circuits per iteration than plain 'pauli' measurement (that's QASM_GEN's whole purpose), but the exact circuit count is an output of a real QASM_GEN/TN_QC_OPT run, not predictable in advance -- see docs.mqs.dk QASM_GEN section.",,
613,H2,0,1,2,def2-svp,basis_set_exchange,tn_qc_opt+mol_map,,n/a,TN_QC_OPT (Cebule),COBYLA,,,2,1,full,pauli,,,,N_Qubit unknown: requires a real Cebule MOL_MAP run for this molecule/basis (see mol_map row's note). Standard per-Pauli-string measurement (baseline).,,
614,H2,0,1,2,def2-svp,basis_set_exchange,tn_qc_opt+mol_map,,n/a,TN_QC_OPT (Cebule),COBYLA,,,2,1,full,qasm_gen_grouped,,,,"N_Qubit unknown: requires a real Cebule MOL_MAP run for this molecule/basis (see mol_map row's note). Cebule QASM_GEN basis-state-pair-grouping measurement scheme. Expected to require fewer or equal distinct circuits per iteration than plain 'pauli' measurement (that's QASM_GEN's whole purpose), but the exact circuit count is an output of a real QASM_GEN/TN_QC_OPT run, not predictable in advance -- see docs.mqs.dk QASM_GEN section.",,
615,H2,0,1,2,def2-svp,basis_set_exchange,tn_qc_opt+mol_map,,n/a,TN_QC_OPT (Cebule),COBYLA,,,2,1,phase,pauli,,,,N_Qubit unknown: requires a real Cebule MOL_MAP run for this molecule/basis (see mol_map row's note). Standard per-Pauli-string measurement (baseline).,,
616,H2,0,1,2,def2-svp,basis_set_exchange,tn_qc_opt+mol_map,,n/a,TN_QC_OPT (Cebule),COBYLA,,,2,1,phase,qasm_gen_grouped,,,,"N_Qubit unknown: requires a real Cebule MOL_MAP run for this molecule/basis (see mol_map row's note). Cebule QASM_GEN basis-state-pair-grouping measurement scheme. Expected to require fewer or equal distinct circuits per iteration than plain 'pauli' measurement (that's QASM_GEN's whole purpose), but the exact circuit count is an output of a real QASM_GEN/TN_QC_OPT run, not predictable in advance -- see docs.mqs.dk QASM_GEN section.",,
617,H2,0,1,2,def2-svp,basis_set_exchange,tn_qc_opt+mol_map,,n/a,TN_QC_OPT (Cebule),COBYLA,,,2,2,full,pauli,,,,N_Qubit unknown: requires a real Cebule MOL_MAP run for this molecule/basis (see mol_map row's note). Standard per-Pauli-string measurement (baseline).,,
618,H2,0,1,2,def2-svp,basis_set_exchange,tn_qc_opt+mol_map,,n/a,TN_QC_OPT (Cebule),COBYLA,,,2,2,full,qasm_gen_grouped,,,,"N_Qubit unknown: requires a real Cebule MOL_MAP run for this molecule/basis (see mol_map row's note). Cebule QASM_GEN basis-state-pair-grouping measurement scheme. Expected to require fewer or equal distinct circuits per iteration than plain 'pauli' measurement (that's QASM_GEN's whole purpose), but the exact circuit count is an output of a real QASM_GEN/TN_QC_OPT run, not predictable in advance -- see docs.mqs.dk QASM_GEN section.",,
619,H2,0,1,2,def2-svp,basis_set_exchange,tn_qc_opt+mol_map,,n/a,TN_QC_OPT (Cebule),COBYLA,,,2,2,phase,pauli,,,,N_Qubit unknown: requires a real Cebule MOL_MAP run for this molecule/basis (see mol_map row's note). Standard per-Pauli-string measurement (baseline).,,
620,H2,0,1,2,def2-svp,basis_set_exchange,tn_qc_opt+mol_map,,n/a,TN_QC_OPT (Cebule),COBYLA,,,2,2,phase,qasm_gen_grouped,,,,"N_Qubit unknown: requires a real Cebule MOL_MAP run for this molecule/basis (see mol_map row's note). Cebule QASM_GEN basis-state-pair-grouping measurement scheme. Expected to require fewer or equal distinct circuits per iteration than plain 'pauli' measurement (that's QASM_GEN's whole purpose), but the exact circuit count is an output of a real QASM_GEN/TN_QC_OPT run, not predictable in advance -- see docs.mqs.dk QASM_GEN section.",,
621,H2,0,1,2,def2-svp,basis_set_exchange,tn_qc_opt+mol_map,,n/a,TN_QC_OPT (Cebule),COBYLA,,,2,3,full,pauli,,,,N_Qubit unknown: requires a real Cebule MOL_MAP run for this molecule/basis (see mol_map row's note). Standard per-Pauli-string measurement (baseline).,,
622,H2,0,1,2,def2-svp,basis_set_exchange,tn_qc_opt+mol_map,,n/a,TN_QC_OPT (Cebule),COBYLA,,,2,3,full,qasm_gen_grouped,,,,"N_Qubit unknown: requires a real Cebule MOL_MAP run for this molecule/basis (see mol_map row's note). Cebule QASM_GEN basis-state-pair-grouping measurement scheme. Expected to require fewer or equal distinct circuits per iteration than plain 'pauli' measurement (that's QASM_GEN's whole purpose), but the exact circuit count is an output of a real QASM_GEN/TN_QC_OPT run, not predictable in advance -- see docs.mqs.dk QASM_GEN section.",,
623,H2,0,1,2,def2-svp,basis_set_exchange,tn_qc_opt+mol_map,,n/a,TN_QC_OPT (Cebule),COBYLA,,,2,3,phase,pauli,,,,N_Qubit unknown: requires a real Cebule MOL_MAP run for this molecule/basis (see mol_map row's note). Standard per-Pauli-string measurement (baseline).,,
624,H2,0,1,2,def2-svp,basis_set_exchange,tn_qc_opt+mol_map,,n/a,TN_QC_OPT (Cebule),COBYLA,,,2,3,phase,qasm_gen_grouped,,,,"N_Qubit unknown: requires a real Cebule MOL_MAP run for this molecule/basis (see mol_map row's note). Cebule QASM_GEN basis-state-pair-grouping measurement scheme. Expected to require fewer or equal distinct circuits per iteration than plain 'pauli' measurement (that's QASM_GEN's whole purpose), but the exact circuit count is an output of a real QASM_GEN/TN_QC_OPT run, not predictable in advance -- see docs.mqs.dk QASM_GEN section.",,
625,H2,0,1,2,def2-svp,basis_set_exchange,tn_qc_opt+mol_map,,n/a,TN_QC_OPT (Cebule),COBYLA,,,2,4,full,pauli,,,,N_Qubit unknown: requires a real Cebule MOL_MAP run for this molecule/basis (see mol_map row's note). Standard per-Pauli-string measurement (baseline).,,
626,H2,0,1,2,def2-svp,basis_set_exchange,tn_qc_opt+mol_map,,n/a,TN_QC_OPT (Cebule),COBYLA,,,2,4,full,qasm_gen_grouped,,,,"N_Qubit unknown: requires a real Cebule MOL_MAP run for this molecule/basis (see mol_map row's note). Cebule QASM_GEN basis-state-pair-grouping measurement scheme. Expected to require fewer or equal distinct circuits per iteration than plain 'pauli' measurement (that's QASM_GEN's whole purpose), but the exact circuit count is an output of a real QASM_GEN/TN_QC_OPT run, not predictable in advance -- see docs.mqs.dk QASM_GEN section.",,
627,H2,0,1,2,def2-svp,basis_set_exchange,tn_qc_opt+mol_map,,n/a,TN_QC_OPT (Cebule),COBYLA,,,2,4,phase,pauli,,,,N_Qubit unknown: requires a real Cebule MOL_MAP run for this molecule/basis (see mol_map row's note). Standard per-Pauli-string measurement (baseline).,,
628,H2,0,1,2,def2-svp,basis_set_exchange,tn_qc_opt+mol_map,,n/a,TN_QC_OPT (Cebule),COBYLA,,,2,4,phase,qasm_gen_grouped,,,,"N_Qubit unknown: requires a real Cebule MOL_MAP run for this molecule/basis (see mol_map row's note). Cebule QASM_GEN basis-state-pair-grouping measurement scheme. Expected to require fewer or equal distinct circuits per iteration than plain 'pauli' measurement (that's QASM_GEN's whole purpose), but the exact circuit count is an output of a real QASM_GEN/TN_QC_OPT run, not predictable in advance -- see docs.mqs.dk QASM_GEN section.",,
629,H2,0,1,2,def2-svp,basis_set_exchange,tn_qc_opt+mol_map,,n/a,TN_QC_OPT (Cebule),COBYLA,,,3,1,full,pauli,,,,N_Qubit unknown: requires a real Cebule MOL_MAP run for this molecule/basis (see mol_map row's note). Standard per-Pauli-string measurement (baseline).,,
630,H2,0,1,2,def2-svp,basis_set_exchange,tn_qc_opt+mol_map,,n/a,TN_QC_OPT (Cebule),COBYLA,,,3,1,full,qasm_gen_grouped,,,,"N_Qubit unknown: requires a real Cebule MOL_MAP run for this molecule/basis (see mol_map row's note). Cebule QASM_GEN basis-state-pair-grouping measurement scheme. Expected to require fewer or equal distinct circuits per iteration than plain 'pauli' measurement (that's QASM_GEN's whole purpose), but the exact circuit count is an output of a real QASM_GEN/TN_QC_OPT run, not predictable in advance -- see docs.mqs.dk QASM_GEN section.",,
631,H2,0,1,2,def2-svp,basis_set_exchange,tn_qc_opt+mol_map,,n/a,TN_QC_OPT (Cebule),COBYLA,,,3,1,phase,pauli,,,,N_Qubit unknown: requires a real Cebule MOL_MAP run for this molecule/basis (see mol_map row's note). Standard per-Pauli-string measurement (baseline).,,
632,H2,0,1,2,def2-svp,basis_set_exchange,tn_qc_opt+mol_map,,n/a,TN_QC_OPT (Cebule),COBYLA,,,3,1,phase,qasm_gen_grouped,,,,"N_Qubit unknown: requires a real Cebule MOL_MAP run for this molecule/basis (see mol_map row's note). Cebule QASM_GEN basis-state-pair-grouping measurement scheme. Expected to require fewer or equal distinct circuits per iteration than plain 'pauli' measurement (that's QASM_GEN's whole purpose), but the exact circuit count is an output of a real QASM_GEN/TN_QC_OPT run, not predictable in advance -- see docs.mqs.dk QASM_GEN section.",,
633,H2,0,1,2,def2-svp,basis_set_exchange,tn_qc_opt+mol_map,,n/a,TN_QC_OPT (Cebule),COBYLA,,,3,2,full,pauli,,,,N_Qubit unknown: requires a real Cebule MOL_MAP run for this molecule/basis (see mol_map row's note). Standard per-Pauli-string measurement (baseline).,,
634,H2,0,1,2,def2-svp,basis_set_exchange,tn_qc_opt+mol_map,,n/a,TN_QC_OPT (Cebule),COBYLA,,,3,2,full,qasm_gen_grouped,,,,"N_Qubit unknown: requires a real Cebule MOL_MAP run for this molecule/basis (see mol_map row's note). Cebule QASM_GEN basis-state-pair-grouping measurement scheme. Expected to require fewer or equal distinct circuits per iteration than plain 'pauli' measurement (that's QASM_GEN's whole purpose), but the exact circuit count is an output of a real QASM_GEN/TN_QC_OPT run, not predictable in advance -- see docs.mqs.dk QASM_GEN section.",,
635,H2,0,1,2,def2-svp,basis_set_exchange,tn_qc_opt+mol_map,,n/a,TN_QC_OPT (Cebule),COBYLA,,,3,2,phase,pauli,,,,N_Qubit unknown: requires a real Cebule MOL_MAP run for this molecule/basis (see mol_map row's note). Standard per-Pauli-string measurement (baseline).,,
636,H2,0,1,2,def2-svp,basis_set_exchange,tn_qc_opt+mol_map,,n/a,TN_QC_OPT (Cebule),COBYLA,,,3,2,phase,qasm_gen_grouped,,,,"N_Qubit unknown: requires a real Cebule MOL_MAP run for this molecule/basis (see mol_map row's note). Cebule QASM_GEN basis-state-pair-grouping measurement scheme. Expected to require fewer or equal distinct circuits per iteration than plain 'pauli' measurement (that's QASM_GEN's whole purpose), but the exact circuit count is an output of a real QASM_GEN/TN_QC_OPT run, not predictable in advance -- see docs.mqs.dk QASM_GEN section.",,
637,H2,0,1,2,def2-svp,basis_set_exchange,tn_qc_opt+mol_map,,n/a,TN_QC_OPT (Cebule),COBYLA,,,3,3,full,pauli,,,,N_Qubit unknown: requires a real Cebule MOL_MAP run for this molecule/basis (see mol_map row's note). Standard per-Pauli-string measurement (baseline).,,
638,H2,0,1,2,def2-svp,basis_set_exchange,tn_qc_opt+mol_map,,n/a,TN_QC_OPT (Cebule),COBYLA,,,3,3,full,qasm_gen_grouped,,,,"N_Qubit unknown: requires a real Cebule MOL_MAP run for this molecule/basis (see mol_map row's note). Cebule QASM_GEN basis-state-pair-grouping measurement scheme. Expected to require fewer or equal distinct circuits per iteration than plain 'pauli' measurement (that's QASM_GEN's whole purpose), but the exact circuit count is an output of a real QASM_GEN/TN_QC_OPT run, not predictable in advance -- see docs.mqs.dk QASM_GEN section.",,
639,H2,0,1,2,def2-svp,basis_set_exchange,tn_qc_opt+mol_map,,n/a,TN_QC_OPT (Cebule),COBYLA,,,3,3,phase,pauli,,,,N_Qubit unknown: requires a real Cebule MOL_MAP run for this molecule/basis (see mol_map row's note). Standard per-Pauli-string measurement (baseline).,,
640,H2,0,1,2,def2-svp,basis_set_exchange,tn_qc_opt+mol_map,,n/a,TN_QC_OPT (Cebule),COBYLA,,,3,3,phase,qasm_gen_grouped,,,,"N_Qubit unknown: requires a real Cebule MOL_MAP run for this molecule/basis (see mol_map row's note). Cebule QASM_GEN basis-state-pair-grouping measurement scheme. Expected to require fewer or equal distinct circuits per iteration than plain 'pauli' measurement (that's QASM_GEN's whole purpose), but the exact circuit count is an output of a real QASM_GEN/TN_QC_OPT run, not predictable in advance -- see docs.mqs.dk QASM_GEN section.",,
641,H2,0,1,2,def2-svp,basis_set_exchange,tn_qc_opt+mol_map,,n/a,TN_QC_OPT (Cebule),COBYLA,,,3,4,full,pauli,,,,N_Qubit unknown: requires a real Cebule MOL_MAP run for this molecule/basis (see mol_map row's note). Standard per-Pauli-string measurement (baseline).,,
642,H2,0,1,2,def2-svp,basis_set_exchange,tn_qc_opt+mol_map,,n/a,TN_QC_OPT (Cebule),COBYLA,,,3,4,full,qasm_gen_grouped,,,,"N_Qubit unknown: requires a real Cebule MOL_MAP run for this molecule/basis (see mol_map row's note). Cebule QASM_GEN basis-state-pair-grouping measurement scheme. Expected to require fewer or equal distinct circuits per iteration than plain 'pauli' measurement (that's QASM_GEN's whole purpose), but the exact circuit count is an output of a real QASM_GEN/TN_QC_OPT run, not predictable in advance -- see docs.mqs.dk QASM_GEN section.",,
643,H2,0,1,2,def2-svp,basis_set_exchange,tn_qc_opt+mol_map,,n/a,TN_QC_OPT (Cebule),COBYLA,,,3,4,phase,pauli,,,,N_Qubit unknown: requires a real Cebule MOL_MAP run for this molecule/basis (see mol_map row's note). Standard per-Pauli-string measurement (baseline).,,
644,H2,0,1,2,def2-svp,basis_set_exchange,tn_qc_opt+mol_map,,n/a,TN_QC_OPT (Cebule),COBYLA,,,3,4,phase,qasm_gen_grouped,,,,"N_Qubit unknown: requires a real Cebule MOL_MAP run for this molecule/basis (see mol_map row's note). Cebule QASM_GEN basis-state-pair-grouping measurement scheme. Expected to require fewer or equal distinct circuits per iteration than plain 'pauli' measurement (that's QASM_GEN's whole purpose), but the exact circuit count is an output of a real QASM_GEN/TN_QC_OPT run, not predictable in advance -- see docs.mqs.dk QASM_GEN section.",,
701,H2,0,1,2,def2-tzvp,basis_set_exchange,tn_qc_opt+mol_map,,n/a,TN_QC_OPT (Cebule),COBYLA,,,0,1,n/a (no TN layers),pauli,,,,N_Qubit unknown: requires a real Cebule MOL_MAP run for this molecule/basis (see mol_map row's note). TN_Layers_Network=0 is the paper's 'circuit only' baseline -- equivalent to plain VQE with this Hamiltonian encoding and no TN preprocessing. Standard per-Pauli-string measurement (baseline).,,
702,H2,0,1,2,def2-tzvp,basis_set_exchange,tn_qc_opt+mol_map,,n/a,TN_QC_OPT (Cebule),COBYLA,,,0,1,n/a (no TN layers),qasm_gen_grouped,,,,"N_Qubit unknown: requires a real Cebule MOL_MAP run for this molecule/basis (see mol_map row's note). TN_Layers_Network=0 is the paper's 'circuit only' baseline -- equivalent to plain VQE with this Hamiltonian encoding and no TN preprocessing. Cebule QASM_GEN basis-state-pair-grouping measurement scheme. Expected to require fewer or equal distinct circuits per iteration than plain 'pauli' measurement (that's QASM_GEN's whole purpose), but the exact circuit count is an output of a real QASM_GEN/TN_QC_OPT run, not predictable in advance -- see docs.mqs.dk QASM_GEN section.",,
703,H2,0,1,2,def2-tzvp,basis_set_exchange,tn_qc_opt+mol_map,,n/a,TN_QC_OPT (Cebule),COBYLA,,,0,2,n/a (no TN layers),pauli,,,,N_Qubit unknown: requires a real Cebule MOL_MAP run for this molecule/basis (see mol_map row's note). TN_Layers_Network=0 is the paper's 'circuit only' baseline -- equivalent to plain VQE with this Hamiltonian encoding and no TN preprocessing. Standard per-Pauli-string measurement (baseline).,,
704,H2,0,1,2,def2-tzvp,basis_set_exchange,tn_qc_opt+mol_map,,n/a,TN_QC_OPT (Cebule),COBYLA,,,0,2,n/a (no TN layers),qasm_gen_grouped,,,,"N_Qubit unknown: requires a real Cebule MOL_MAP run for this molecule/basis (see mol_map row's note). TN_Layers_Network=0 is the paper's 'circuit only' baseline -- equivalent to plain VQE with this Hamiltonian encoding and no TN preprocessing. Cebule QASM_GEN basis-state-pair-grouping measurement scheme. Expected to require fewer or equal distinct circuits per iteration than plain 'pauli' measurement (that's QASM_GEN's whole purpose), but the exact circuit count is an output of a real QASM_GEN/TN_QC_OPT run, not predictable in advance -- see docs.mqs.dk QASM_GEN section.",,
705,H2,0,1,2,def2-tzvp,basis_set_exchange,tn_qc_opt+mol_map,,n/a,TN_QC_OPT (Cebule),COBYLA,,,0,3,n/a (no TN layers),pauli,,,,N_Qubit unknown: requires a real Cebule MOL_MAP run for this molecule/basis (see mol_map row's note). TN_Layers_Network=0 is the paper's 'circuit only' baseline -- equivalent to plain VQE with this Hamiltonian encoding and no TN preprocessing. Standard per-Pauli-string measurement (baseline).,,
706,H2,0,1,2,def2-tzvp,basis_set_exchange,tn_qc_opt+mol_map,,n/a,TN_QC_OPT (Cebule),COBYLA,,,0,3,n/a (no TN layers),qasm_gen_grouped,,,,"N_Qubit unknown: requires a real Cebule MOL_MAP run for this molecule/basis (see mol_map row's note). TN_Layers_Network=0 is the paper's 'circuit only' baseline -- equivalent to plain VQE with this Hamiltonian encoding and no TN preprocessing. Cebule QASM_GEN basis-state-pair-grouping measurement scheme. Expected to require fewer or equal distinct circuits per iteration than plain 'pauli' measurement (that's QASM_GEN's whole purpose), but the exact circuit count is an output of a real QASM_GEN/TN_QC_OPT run, not predictable in advance -- see docs.mqs.dk QASM_GEN section.",,
707,H2,0,1,2,def2-tzvp,basis_set_exchange,tn_qc_opt+mol_map,,n/a,TN_QC_OPT (Cebule),COBYLA,,,0,4,n/a (no TN layers),pauli,,,,N_Qubit unknown: requires a real Cebule MOL_MAP run for this molecule/basis (see mol_map row's note). TN_Layers_Network=0 is the paper's 'circuit only' baseline -- equivalent to plain VQE with this Hamiltonian encoding and no TN preprocessing. Standard per-Pauli-string measurement (baseline).,,
708,H2,0,1,2,def2-tzvp,basis_set_exchange,tn_qc_opt+mol_map,,n/a,TN_QC_OPT (Cebule),COBYLA,,,0,4,n/a (no TN layers),qasm_gen_grouped,,,,"N_Qubit unknown: requires a real Cebule MOL_MAP run for this molecule/basis (see mol_map row's note). TN_Layers_Network=0 is the paper's 'circuit only' baseline -- equivalent to plain VQE with this Hamiltonian encoding and no TN preprocessing. Cebule QASM_GEN basis-state-pair-grouping measurement scheme. Expected to require fewer or equal distinct circuits per iteration than plain 'pauli' measurement (that's QASM_GEN's whole purpose), but the exact circuit count is an output of a real QASM_GEN/TN_QC_OPT run, not predictable in advance -- see docs.mqs.dk QASM_GEN section.",,
709,H2,0,1,2,def2-tzvp,basis_set_exchange,tn_qc_opt+mol_map,,n/a,TN_QC_OPT (Cebule),COBYLA,,,1,1,full,pauli,,,,N_Qubit unknown: requires a real Cebule MOL_MAP run for this molecule/basis (see mol_map row's note). Standard per-Pauli-string measurement (baseline).,,
710,H2,0,1,2,def2-tzvp,basis_set_exchange,tn_qc_opt+mol_map,,n/a,TN_QC_OPT (Cebule),COBYLA,,,1,1,full,qasm_gen_grouped,,,,"N_Qubit unknown: requires a real Cebule MOL_MAP run for this molecule/basis (see mol_map row's note). Cebule QASM_GEN basis-state-pair-grouping measurement scheme. Expected to require fewer or equal distinct circuits per iteration than plain 'pauli' measurement (that's QASM_GEN's whole purpose), but the exact circuit count is an output of a real QASM_GEN/TN_QC_OPT run, not predictable in advance -- see docs.mqs.dk QASM_GEN section.",,
711,H2,0,1,2,def2-tzvp,basis_set_exchange,tn_qc_opt+mol_map,,n/a,TN_QC_OPT (Cebule),COBYLA,,,1,1,phase,pauli,,,,N_Qubit unknown: requires a real Cebule MOL_MAP run for this molecule/basis (see mol_map row's note). Standard per-Pauli-string measurement (baseline).,,
712,H2,0,1,2,def2-tzvp,basis_set_exchange,tn_qc_opt+mol_map,,n/a,TN_QC_OPT (Cebule),COBYLA,,,1,1,phase,qasm_gen_grouped,,,,"N_Qubit unknown: requires a real Cebule MOL_MAP run for this molecule/basis (see mol_map row's note). Cebule QASM_GEN basis-state-pair-grouping measurement scheme. Expected to require fewer or equal distinct circuits per iteration than plain 'pauli' measurement (that's QASM_GEN's whole purpose), but the exact circuit count is an output of a real QASM_GEN/TN_QC_OPT run, not predictable in advance -- see docs.mqs.dk QASM_GEN section.",,
713,H2,0,1,2,def2-tzvp,basis_set_exchange,tn_qc_opt+mol_map,,n/a,TN_QC_OPT (Cebule),COBYLA,,,1,2,full,pauli,,,,N_Qubit unknown: requires a real Cebule MOL_MAP run for this molecule/basis (see mol_map row's note). Standard per-Pauli-string measurement (baseline).,,
714,H2,0,1,2,def2-tzvp,basis_set_exchange,tn_qc_opt+mol_map,,n/a,TN_QC_OPT (Cebule),COBYLA,,,1,2,full,qasm_gen_grouped,,,,"N_Qubit unknown: requires a real Cebule MOL_MAP run for this molecule/basis (see mol_map row's note). Cebule QASM_GEN basis-state-pair-grouping measurement scheme. Expected to require fewer or equal distinct circuits per iteration than plain 'pauli' measurement (that's QASM_GEN's whole purpose), but the exact circuit count is an output of a real QASM_GEN/TN_QC_OPT run, not predictable in advance -- see docs.mqs.dk QASM_GEN section.",,
715,H2,0,1,2,def2-tzvp,basis_set_exchange,tn_qc_opt+mol_map,,n/a,TN_QC_OPT (Cebule),COBYLA,,,1,2,phase,pauli,,,,N_Qubit unknown: requires a real Cebule MOL_MAP run for this molecule/basis (see mol_map row's note). Standard per-Pauli-string measurement (baseline).,,
716,H2,0,1,2,def2-tzvp,basis_set_exchange,tn_qc_opt+mol_map,,n/a,TN_QC_OPT (Cebule),COBYLA,,,1,2,phase,qasm_gen_grouped,,,,"N_Qubit unknown: requires a real Cebule MOL_MAP run for this molecule/basis (see mol_map row's note). Cebule QASM_GEN basis-state-pair-grouping measurement scheme. Expected to require fewer or equal distinct circuits per iteration than plain 'pauli' measurement (that's QASM_GEN's whole purpose), but the exact circuit count is an output of a real QASM_GEN/TN_QC_OPT run, not predictable in advance -- see docs.mqs.dk QASM_GEN section.",,
717,H2,0,1,2,def2-tzvp,basis_set_exchange,tn_qc_opt+mol_map,,n/a,TN_QC_OPT (Cebule),COBYLA,,,1,3,full,pauli,,,,N_Qubit unknown: requires a real Cebule MOL_MAP run for this molecule/basis (see mol_map row's note). Standard per-Pauli-string measurement (baseline).,,
718,H2,0,1,2,def2-tzvp,basis_set_exchange,tn_qc_opt+mol_map,,n/a,TN_QC_OPT (Cebule),COBYLA,,,1,3,full,qasm_gen_grouped,,,,"N_Qubit unknown: requires a real Cebule MOL_MAP run for this molecule/basis (see mol_map row's note). Cebule QASM_GEN basis-state-pair-grouping measurement scheme. Expected to require fewer or equal distinct circuits per iteration than plain 'pauli' measurement (that's QASM_GEN's whole purpose), but the exact circuit count is an output of a real QASM_GEN/TN_QC_OPT run, not predictable in advance -- see docs.mqs.dk QASM_GEN section.",,
719,H2,0,1,2,def2-tzvp,basis_set_exchange,tn_qc_opt+mol_map,,n/a,TN_QC_OPT (Cebule),COBYLA,,,1,3,phase,pauli,,,,N_Qubit unknown: requires a real Cebule MOL_MAP run for this molecule/basis (see mol_map row's note). Standard per-Pauli-string measurement (baseline).,,
720,H2,0,1,2,def2-tzvp,basis_set_exchange,tn_qc_opt+mol_map,,n/a,TN_QC_OPT (Cebule),COBYLA,,,1,3,phase,qasm_gen_grouped,,,,"N_Qubit unknown: requires a real Cebule MOL_MAP run for this molecule/basis (see mol_map row's note). Cebule QASM_GEN basis-state-pair-grouping measurement scheme. Expected to require fewer or equal distinct circuits per iteration than plain 'pauli' measurement (that's QASM_GEN's whole purpose), but the exact circuit count is an output of a real QASM_GEN/TN_QC_OPT run, not predictable in advance -- see docs.mqs.dk QASM_GEN section.",,
721,H2,0,1,2,def2-tzvp,basis_set_exchange,tn_qc_opt+mol_map,,n/a,TN_QC_OPT (Cebule),COBYLA,,,1,4,full,pauli,,,,N_Qubit unknown: requires a real Cebule MOL_MAP run for this molecule/basis (see mol_map row's note). Standard per-Pauli-string measurement (baseline).,,
722,H2,0,1,2,def2-tzvp,basis_set_exchange,tn_qc_opt+mol_map,,n/a,TN_QC_OPT (Cebule),COBYLA,,,1,4,full,qasm_gen_grouped,,,,"N_Qubit unknown: requires a real Cebule MOL_MAP run for this molecule/basis (see mol_map row's note). Cebule QASM_GEN basis-state-pair-grouping measurement scheme. Expected to require fewer or equal distinct circuits per iteration than plain 'pauli' measurement (that's QASM_GEN's whole purpose), but the exact circuit count is an output of a real QASM_GEN/TN_QC_OPT run, not predictable in advance -- see docs.mqs.dk QASM_GEN section.",,
723,H2,0,1,2,def2-tzvp,basis_set_exchange,tn_qc_opt+mol_map,,n/a,TN_QC_OPT (Cebule),COBYLA,,,1,4,phase,pauli,,,,N_Qubit unknown: requires a real Cebule MOL_MAP run for this molecule/basis (see mol_map row's note). Standard per-Pauli-string measurement (baseline).,,
724,H2,0,1,2,def2-tzvp,basis_set_exchange,tn_qc_opt+mol_map,,n/a,TN_QC_OPT (Cebule),COBYLA,,,1,4,phase,qasm_gen_grouped,,,,"N_Qubit unknown: requires a real Cebule MOL_MAP run for this molecule/basis (see mol_map row's note). Cebule QASM_GEN basis-state-pair-grouping measurement scheme. Expected to require fewer or equal distinct circuits per iteration than plain 'pauli' measurement (that's QASM_GEN's whole purpose), but the exact circuit count is an output of a real QASM_GEN/TN_QC_OPT run, not predictable in advance -- see docs.mqs.dk QASM_GEN section.",,
725,H2,0,1,2,def2-tzvp,basis_set_exchange,tn_qc_opt+mol_map,,n/a,TN_QC_OPT (Cebule),COBYLA,,,2,1,full,pauli,,,,N_Qubit unknown: requires a real Cebule MOL_MAP run for this molecule/basis (see mol_map row's note). Standard per-Pauli-string measurement (baseline).,,
726,H2,0,1,2,def2-tzvp,basis_set_exchange,tn_qc_opt+mol_map,,n/a,TN_QC_OPT (Cebule),COBYLA,,,2,1,full,qasm_gen_grouped,,,,"N_Qubit unknown: requires a real Cebule MOL_MAP run for this molecule/basis (see mol_map row's note). Cebule QASM_GEN basis-state-pair-grouping measurement scheme. Expected to require fewer or equal distinct circuits per iteration than plain 'pauli' measurement (that's QASM_GEN's whole purpose), but the exact circuit count is an output of a real QASM_GEN/TN_QC_OPT run, not predictable in advance -- see docs.mqs.dk QASM_GEN section.",,
727,H2,0,1,2,def2-tzvp,basis_set_exchange,tn_qc_opt+mol_map,,n/a,TN_QC_OPT (Cebule),COBYLA,,,2,1,phase,pauli,,,,N_Qubit unknown: requires a real Cebule MOL_MAP run for this molecule/basis (see mol_map row's note). Standard per-Pauli-string measurement (baseline).,,
728,H2,0,1,2,def2-tzvp,basis_set_exchange,tn_qc_opt+mol_map,,n/a,TN_QC_OPT (Cebule),COBYLA,,,2,1,phase,qasm_gen_grouped,,,,"N_Qubit unknown: requires a real Cebule MOL_MAP run for this molecule/basis (see mol_map row's note). Cebule QASM_GEN basis-state-pair-grouping measurement scheme. Expected to require fewer or equal distinct circuits per iteration than plain 'pauli' measurement (that's QASM_GEN's whole purpose), but the exact circuit count is an output of a real QASM_GEN/TN_QC_OPT run, not predictable in advance -- see docs.mqs.dk QASM_GEN section.",,
729,H2,0,1,2,def2-tzvp,basis_set_exchange,tn_qc_opt+mol_map,,n/a,TN_QC_OPT (Cebule),COBYLA,,,2,2,full,pauli,,,,N_Qubit unknown: requires a real Cebule MOL_MAP run for this molecule/basis (see mol_map row's note). Standard per-Pauli-string measurement (baseline).,,
730,H2,0,1,2,def2-tzvp,basis_set_exchange,tn_qc_opt+mol_map,,n/a,TN_QC_OPT (Cebule),COBYLA,,,2,2,full,qasm_gen_grouped,,,,"N_Qubit unknown: requires a real Cebule MOL_MAP run for this molecule/basis (see mol_map row's note). Cebule QASM_GEN basis-state-pair-grouping measurement scheme. Expected to require fewer or equal distinct circuits per iteration than plain 'pauli' measurement (that's QASM_GEN's whole purpose), but the exact circuit count is an output of a real QASM_GEN/TN_QC_OPT run, not predictable in advance -- see docs.mqs.dk QASM_GEN section.",,
731,H2,0,1,2,def2-tzvp,basis_set_exchange,tn_qc_opt+mol_map,,n/a,TN_QC_OPT (Cebule),COBYLA,,,2,2,phase,pauli,,,,N_Qubit unknown: requires a real Cebule MOL_MAP run for this molecule/basis (see mol_map row's note). Standard per-Pauli-string measurement (baseline).,,
732,H2,0,1,2,def2-tzvp,basis_set_exchange,tn_qc_opt+mol_map,,n/a,TN_QC_OPT (Cebule),COBYLA,,,2,2,phase,qasm_gen_grouped,,,,"N_Qubit unknown: requires a real Cebule MOL_MAP run for this molecule/basis (see mol_map row's note). Cebule QASM_GEN basis-state-pair-grouping measurement scheme. Expected to require fewer or equal distinct circuits per iteration than plain 'pauli' measurement (that's QASM_GEN's whole purpose), but the exact circuit count is an output of a real QASM_GEN/TN_QC_OPT run, not predictable in advance -- see docs.mqs.dk QASM_GEN section.",,
733,H2,0,1,2,def2-tzvp,basis_set_exchange,tn_qc_opt+mol_map,,n/a,TN_QC_OPT (Cebule),COBYLA,,,2,3,full,pauli,,,,N_Qubit unknown: requires a real Cebule MOL_MAP run for this molecule/basis (see mol_map row's note). Standard per-Pauli-string measurement (baseline).,,
734,H2,0,1,2,def2-tzvp,basis_set_exchange,tn_qc_opt+mol_map,,n/a,TN_QC_OPT (Cebule),COBYLA,,,2,3,full,qasm_gen_grouped,,,,"N_Qubit unknown: requires a real Cebule MOL_MAP run for this molecule/basis (see mol_map row's note). Cebule QASM_GEN basis-state-pair-grouping measurement scheme. Expected to require fewer or equal distinct circuits per iteration than plain 'pauli' measurement (that's QASM_GEN's whole purpose), but the exact circuit count is an output of a real QASM_GEN/TN_QC_OPT run, not predictable in advance -- see docs.mqs.dk QASM_GEN section.",,
735,H2,0,1,2,def2-tzvp,basis_set_exchange,tn_qc_opt+mol_map,,n/a,TN_QC_OPT (Cebule),COBYLA,,,2,3,phase,pauli,,,,N_Qubit unknown: requires a real Cebule MOL_MAP run for this molecule/basis (see mol_map row's note). Standard per-Pauli-string measurement (baseline).,,
736,H2,0,1,2,def2-tzvp,basis_set_exchange,tn_qc_opt+mol_map,,n/a,TN_QC_OPT (Cebule),COBYLA,,,2,3,phase,qasm_gen_grouped,,,,"N_Qubit unknown: requires a real Cebule MOL_MAP run for this molecule/basis (see mol_map row's note). Cebule QASM_GEN basis-state-pair-grouping measurement scheme. Expected to require fewer or equal distinct circuits per iteration than plain 'pauli' measurement (that's QASM_GEN's whole purpose), but the exact circuit count is an output of a real QASM_GEN/TN_QC_OPT run, not predictable in advance -- see docs.mqs.dk QASM_GEN section.",,
737,H2,0,1,2,def2-tzvp,basis_set_exchange,tn_qc_opt+mol_map,,n/a,TN_QC_OPT (Cebule),COBYLA,,,2,4,full,pauli,,,,N_Qubit unknown: requires a real Cebule MOL_MAP run for this molecule/basis (see mol_map row's note). Standard per-Pauli-string measurement (baseline).,,
738,H2,0,1,2,def2-tzvp,basis_set_exchange,tn_qc_opt+mol_map,,n/a,TN_QC_OPT (Cebule),COBYLA,,,2,4,full,qasm_gen_grouped,,,,"N_Qubit unknown: requires a real Cebule MOL_MAP run for this molecule/basis (see mol_map row's note). Cebule QASM_GEN basis-state-pair-grouping measurement scheme. Expected to require fewer or equal distinct circuits per iteration than plain 'pauli' measurement (that's QASM_GEN's whole purpose), but the exact circuit count is an output of a real QASM_GEN/TN_QC_OPT run, not predictable in advance -- see docs.mqs.dk QASM_GEN section.",,
739,H2,0,1,2,def2-tzvp,basis_set_exchange,tn_qc_opt+mol_map,,n/a,TN_QC_OPT (Cebule),COBYLA,,,2,4,phase,pauli,,,,N_Qubit unknown: requires a real Cebule MOL_MAP run for this molecule/basis (see mol_map row's note). Standard per-Pauli-string measurement (baseline).,,
740,H2,0,1,2,def2-tzvp,basis_set_exchange,tn_qc_opt+mol_map,,n/a,TN_QC_OPT (Cebule),COBYLA,,,2,4,phase,qasm_gen_grouped,,,,"N_Qubit unknown: requires a real Cebule MOL_MAP run for this molecule/basis (see mol_map row's note). Cebule QASM_GEN basis-state-pair-grouping measurement scheme. Expected to require fewer or equal distinct circuits per iteration than plain 'pauli' measurement (that's QASM_GEN's whole purpose), but the exact circuit count is an output of a real QASM_GEN/TN_QC_OPT run, not predictable in advance -- see docs.mqs.dk QASM_GEN section.",,
741,H2,0,1,2,def2-tzvp,basis_set_exchange,tn_qc_opt+mol_map,,n/a,TN_QC_OPT (Cebule),COBYLA,,,3,1,full,pauli,,,,N_Qubit unknown: requires a real Cebule MOL_MAP run for this molecule/basis (see mol_map row's note). Standard per-Pauli-string measurement (baseline).,,
742,H2,0,1,2,def2-tzvp,basis_set_exchange,tn_qc_opt+mol_map,,n/a,TN_QC_OPT (Cebule),COBYLA,,,3,1,full,qasm_gen_grouped,,,,"N_Qubit unknown: requires a real Cebule MOL_MAP run for this molecule/basis (see mol_map row's note). Cebule QASM_GEN basis-state-pair-grouping measurement scheme. Expected to require fewer or equal distinct circuits per iteration than plain 'pauli' measurement (that's QASM_GEN's whole purpose), but the exact circuit count is an output of a real QASM_GEN/TN_QC_OPT run, not predictable in advance -- see docs.mqs.dk QASM_GEN section.",,
743,H2,0,1,2,def2-tzvp,basis_set_exchange,tn_qc_opt+mol_map,,n/a,TN_QC_OPT (Cebule),COBYLA,,,3,1,phase,pauli,,,,N_Qubit unknown: requires a real Cebule MOL_MAP run for this molecule/basis (see mol_map row's note). Standard per-Pauli-string measurement (baseline).,,
744,H2,0,1,2,def2-tzvp,basis_set_exchange,tn_qc_opt+mol_map,,n/a,TN_QC_OPT (Cebule),COBYLA,,,3,1,phase,qasm_gen_grouped,,,,"N_Qubit unknown: requires a real Cebule MOL_MAP run for this molecule/basis (see mol_map row's note). Cebule QASM_GEN basis-state-pair-grouping measurement scheme. Expected to require fewer or equal distinct circuits per iteration than plain 'pauli' measurement (that's QASM_GEN's whole purpose), but the exact circuit count is an output of a real QASM_GEN/TN_QC_OPT run, not predictable in advance -- see docs.mqs.dk QASM_GEN section.",,
745,H2,0,1,2,def2-tzvp,basis_set_exchange,tn_qc_opt+mol_map,,n/a,TN_QC_OPT (Cebule),COBYLA,,,3,2,full,pauli,,,,N_Qubit unknown: requires a real Cebule MOL_MAP run for this molecule/basis (see mol_map row's note). Standard per-Pauli-string measurement (baseline).,,
746,H2,0,1,2,def2-tzvp,basis_set_exchange,tn_qc_opt+mol_map,,n/a,TN_QC_OPT (Cebule),COBYLA,,,3,2,full,qasm_gen_grouped,,,,"N_Qubit unknown: requires a real Cebule MOL_MAP run for this molecule/basis (see mol_map row's note). Cebule QASM_GEN basis-state-pair-grouping measurement scheme. Expected to require fewer or equal distinct circuits per iteration than plain 'pauli' measurement (that's QASM_GEN's whole purpose), but the exact circuit count is an output of a real QASM_GEN/TN_QC_OPT run, not predictable in advance -- see docs.mqs.dk QASM_GEN section.",,
747,H2,0,1,2,def2-tzvp,basis_set_exchange,tn_qc_opt+mol_map,,n/a,TN_QC_OPT (Cebule),COBYLA,,,3,2,phase,pauli,,,,N_Qubit unknown: requires a real Cebule MOL_MAP run for this molecule/basis (see mol_map row's note). Standard per-Pauli-string measurement (baseline).,,
748,H2,0,1,2,def2-tzvp,basis_set_exchange,tn_qc_opt+mol_map,,n/a,TN_QC_OPT (Cebule),COBYLA,,,3,2,phase,qasm_gen_grouped,,,,"N_Qubit unknown: requires a real Cebule MOL_MAP run for this molecule/basis (see mol_map row's note). Cebule QASM_GEN basis-state-pair-grouping measurement scheme. Expected to require fewer or equal distinct circuits per iteration than plain 'pauli' measurement (that's QASM_GEN's whole purpose), but the exact circuit count is an output of a real QASM_GEN/TN_QC_OPT run, not predictable in advance -- see docs.mqs.dk QASM_GEN section.",,
749,H2,0,1,2,def2-tzvp,basis_set_exchange,tn_qc_opt+mol_map,,n/a,TN_QC_OPT (Cebule),COBYLA,,,3,3,full,pauli,,,,N_Qubit unknown: requires a real Cebule MOL_MAP run for this molecule/basis (see mol_map row's note). Standard per-Pauli-string measurement (baseline).,,
750,H2,0,1,2,def2-tzvp,basis_set_exchange,tn_qc_opt+mol_map,,n/a,TN_QC_OPT (Cebule),COBYLA,,,3,3,full,qasm_gen_grouped,,,,"N_Qubit unknown: requires a real Cebule MOL_MAP run for this molecule/basis (see mol_map row's note). Cebule QASM_GEN basis-state-pair-grouping measurement scheme. Expected to require fewer or equal distinct circuits per iteration than plain 'pauli' measurement (that's QASM_GEN's whole purpose), but the exact circuit count is an output of a real QASM_GEN/TN_QC_OPT run, not predictable in advance -- see docs.mqs.dk QASM_GEN section.",,
751,H2,0,1,2,def2-tzvp,basis_set_exchange,tn_qc_opt+mol_map,,n/a,TN_QC_OPT (Cebule),COBYLA,,,3,3,phase,pauli,,,,N_Qubit unknown: requires a real Cebule MOL_MAP run for this molecule/basis (see mol_map row's note). Standard per-Pauli-string measurement (baseline).,,
752,H2,0,1,2,def2-tzvp,basis_set_exchange,tn_qc_opt+mol_map,,n/a,TN_QC_OPT (Cebule),COBYLA,,,3,3,phase,qasm_gen_grouped,,,,"N_Qubit unknown: requires a real Cebule MOL_MAP run for this molecule/basis (see mol_map row's note). Cebule QASM_GEN basis-state-pair-grouping measurement scheme. Expected to require fewer or equal distinct circuits per iteration than plain 'pauli' measurement (that's QASM_GEN's whole purpose), but the exact circuit count is an output of a real QASM_GEN/TN_QC_OPT run, not predictable in advance -- see docs.mqs.dk QASM_GEN section.",,
753,H2,0,1,2,def2-tzvp,basis_set_exchange,tn_qc_opt+mol_map,,n/a,TN_QC_OPT (Cebule),COBYLA,,,3,4,full,pauli,,,,N_Qubit unknown: requires a real Cebule MOL_MAP run for this molecule/basis (see mol_map row's note). Standard per-Pauli-string measurement (baseline).,,
754,H2,0,1,2,def2-tzvp,basis_set_exchange,tn_qc_opt+mol_map,,n/a,TN_QC_OPT (Cebule),COBYLA,,,3,4,full,qasm_gen_grouped,,,,"N_Qubit unknown: requires a real Cebule MOL_MAP run for this molecule/basis (see mol_map row's note). Cebule QASM_GEN basis-state-pair-grouping measurement scheme. Expected to require fewer or equal distinct circuits per iteration than plain 'pauli' measurement (that's QASM_GEN's whole purpose), but the exact circuit count is an output of a real QASM_GEN/TN_QC_OPT run, not predictable in advance -- see docs.mqs.dk QASM_GEN section.",,
755,H2,0,1,2,def2-tzvp,basis_set_exchange,tn_qc_opt+mol_map,,n/a,TN_QC_OPT (Cebule),COBYLA,,,3,4,phase,pauli,,,,N_Qubit unknown: requires a real Cebule MOL_MAP run for this molecule/basis (see mol_map row's note). Standard per-Pauli-string measurement (baseline).,,
756,H2,0,1,2,def2-tzvp,basis_set_exchange,tn_qc_opt+mol_map,,n/a,TN_QC_OPT (Cebule),COBYLA,,,3,4,phase,qasm_gen_grouped,,,,"N_Qubit unknown: requires a real Cebule MOL_MAP run for this molecule/basis (see mol_map row's note). Cebule QASM_GEN basis-state-pair-grouping measurement scheme. Expected to require fewer or equal distinct circuits per iteration than plain 'pauli' measurement (that's QASM_GEN's whole purpose), but the exact circuit count is an output of a real QASM_GEN/TN_QC_OPT run, not predictable in advance -- see docs.mqs.dk QASM_GEN section.",,
813,H2,0,1,2,qvSZP,grimme_qvszp,tn_qc_opt+mol_map,,n/a,TN_QC_OPT (Cebule),COBYLA,,,0,1,n/a (no TN layers),pauli,,,,N_Qubit unknown: requires a real Cebule MOL_MAP run for this molecule/basis (see mol_map row's note). TN_Layers_Network=0 is the paper's 'circuit only' baseline -- equivalent to plain VQE with this Hamiltonian encoding and no TN preprocessing. Standard per-Pauli-string measurement (baseline).,,
814,H2,0,1,2,qvSZP,grimme_qvszp,tn_qc_opt+mol_map,,n/a,TN_QC_OPT (Cebule),COBYLA,,,0,1,n/a (no TN layers),qasm_gen_grouped,,,,"N_Qubit unknown: requires a real Cebule MOL_MAP run for this molecule/basis (see mol_map row's note). TN_Layers_Network=0 is the paper's 'circuit only' baseline -- equivalent to plain VQE with this Hamiltonian encoding and no TN preprocessing. Cebule QASM_GEN basis-state-pair-grouping measurement scheme. Expected to require fewer or equal distinct circuits per iteration than plain 'pauli' measurement (that's QASM_GEN's whole purpose), but the exact circuit count is an output of a real QASM_GEN/TN_QC_OPT run, not predictable in advance -- see docs.mqs.dk QASM_GEN section.",,
815,H2,0,1,2,qvSZP,grimme_qvszp,tn_qc_opt+mol_map,,n/a,TN_QC_OPT (Cebule),COBYLA,,,0,2,n/a (no TN layers),pauli,,,,N_Qubit unknown: requires a real Cebule MOL_MAP run for this molecule/basis (see mol_map row's note). TN_Layers_Network=0 is the paper's 'circuit only' baseline -- equivalent to plain VQE with this Hamiltonian encoding and no TN preprocessing. Standard per-Pauli-string measurement (baseline).,,
816,H2,0,1,2,qvSZP,grimme_qvszp,tn_qc_opt+mol_map,,n/a,TN_QC_OPT (Cebule),COBYLA,,,0,2,n/a (no TN layers),qasm_gen_grouped,,,,"N_Qubit unknown: requires a real Cebule MOL_MAP run for this molecule/basis (see mol_map row's note). TN_Layers_Network=0 is the paper's 'circuit only' baseline -- equivalent to plain VQE with this Hamiltonian encoding and no TN preprocessing. Cebule QASM_GEN basis-state-pair-grouping measurement scheme. Expected to require fewer or equal distinct circuits per iteration than plain 'pauli' measurement (that's QASM_GEN's whole purpose), but the exact circuit count is an output of a real QASM_GEN/TN_QC_OPT run, not predictable in advance -- see docs.mqs.dk QASM_GEN section.",,
817,H2,0,1,2,qvSZP,grimme_qvszp,tn_qc_opt+mol_map,,n/a,TN_QC_OPT (Cebule),COBYLA,,,0,3,n/a (no TN layers),pauli,,,,N_Qubit unknown: requires a real Cebule MOL_MAP run for this molecule/basis (see mol_map row's note). TN_Layers_Network=0 is the paper's 'circuit only' baseline -- equivalent to plain VQE with this Hamiltonian encoding and no TN preprocessing. Standard per-Pauli-string measurement (baseline).,,
818,H2,0,1,2,qvSZP,grimme_qvszp,tn_qc_opt+mol_map,,n/a,TN_QC_OPT (Cebule),COBYLA,,,0,3,n/a (no TN layers),qasm_gen_grouped,,,,"N_Qubit unknown: requires a real Cebule MOL_MAP run for this molecule/basis (see mol_map row's note). TN_Layers_Network=0 is the paper's 'circuit only' baseline -- equivalent to plain VQE with this Hamiltonian encoding and no TN preprocessing. Cebule QASM_GEN basis-state-pair-grouping measurement scheme. Expected to require fewer or equal distinct circuits per iteration than plain 'pauli' measurement (that's QASM_GEN's whole purpose), but the exact circuit count is an output of a real QASM_GEN/TN_QC_OPT run, not predictable in advance -- see docs.mqs.dk QASM_GEN section.",,
819,H2,0,1,2,qvSZP,grimme_qvszp,tn_qc_opt+mol_map,,n/a,TN_QC_OPT (Cebule),COBYLA,,,0,4,n/a (no TN layers),pauli,,,,N_Qubit unknown: requires a real Cebule MOL_MAP run for this molecule/basis (see mol_map row's note). TN_Layers_Network=0 is the paper's 'circuit only' baseline -- equivalent to plain VQE with this Hamiltonian encoding and no TN preprocessing. Standard per-Pauli-string measurement (baseline).,,
820,H2,0,1,2,qvSZP,grimme_qvszp,tn_qc_opt+mol_map,,n/a,TN_QC_OPT (Cebule),COBYLA,,,0,4,n/a (no TN layers),qasm_gen_grouped,,,,"N_Qubit unknown: requires a real Cebule MOL_MAP run for this molecule/basis (see mol_map row's note). TN_Layers_Network=0 is the paper's 'circuit only' baseline -- equivalent to plain VQE with this Hamiltonian encoding and no TN preprocessing. Cebule QASM_GEN basis-state-pair-grouping measurement scheme. Expected to require fewer or equal distinct circuits per iteration than plain 'pauli' measurement (that's QASM_GEN's whole purpose), but the exact circuit count is an output of a real QASM_GEN/TN_QC_OPT run, not predictable in advance -- see docs.mqs.dk QASM_GEN section.",,
821,H2,0,1,2,qvSZP,grimme_qvszp,tn_qc_opt+mol_map,,n/a,TN_QC_OPT (Cebule),COBYLA,,,1,1,full,pauli,,,,N_Qubit unknown: requires a real Cebule MOL_MAP run for this molecule/basis (see mol_map row's note). Standard per-Pauli-string measurement (baseline).,,
822,H2,0,1,2,qvSZP,grimme_qvszp,tn_qc_opt+mol_map,,n/a,TN_QC_OPT (Cebule),COBYLA,,,1,1,full,qasm_gen_grouped,,,,"N_Qubit unknown: requires a real Cebule MOL_MAP run for this molecule/basis (see mol_map row's note). Cebule QASM_GEN basis-state-pair-grouping measurement scheme. Expected to require fewer or equal distinct circuits per iteration than plain 'pauli' measurement (that's QASM_GEN's whole purpose), but the exact circuit count is an output of a real QASM_GEN/TN_QC_OPT run, not predictable in advance -- see docs.mqs.dk QASM_GEN section.",,
823,H2,0,1,2,qvSZP,grimme_qvszp,tn_qc_opt+mol_map,,n/a,TN_QC_OPT (Cebule),COBYLA,,,1,1,phase,pauli,,,,N_Qubit unknown: requires a real Cebule MOL_MAP run for this molecule/basis (see mol_map row's note). Standard per-Pauli-string measurement (baseline).,,
824,H2,0,1,2,qvSZP,grimme_qvszp,tn_qc_opt+mol_map,,n/a,TN_QC_OPT (Cebule),COBYLA,,,1,1,phase,qasm_gen_grouped,,,,"N_Qubit unknown: requires a real Cebule MOL_MAP run for this molecule/basis (see mol_map row's note). Cebule QASM_GEN basis-state-pair-grouping measurement scheme. Expected to require fewer or equal distinct circuits per iteration than plain 'pauli' measurement (that's QASM_GEN's whole purpose), but the exact circuit count is an output of a real QASM_GEN/TN_QC_OPT run, not predictable in advance -- see docs.mqs.dk QASM_GEN section.",,
825,H2,0,1,2,qvSZP,grimme_qvszp,tn_qc_opt+mol_map,,n/a,TN_QC_OPT (Cebule),COBYLA,,,1,2,full,pauli,,,,N_Qubit unknown: requires a real Cebule MOL_MAP run for this molecule/basis (see mol_map row's note). Standard per-Pauli-string measurement (baseline).,,
826,H2,0,1,2,qvSZP,grimme_qvszp,tn_qc_opt+mol_map,,n/a,TN_QC_OPT (Cebule),COBYLA,,,1,2,full,qasm_gen_grouped,,,,"N_Qubit unknown: requires a real Cebule MOL_MAP run for this molecule/basis (see mol_map row's note). Cebule QASM_GEN basis-state-pair-grouping measurement scheme. Expected to require fewer or equal distinct circuits per iteration than plain 'pauli' measurement (that's QASM_GEN's whole purpose), but the exact circuit count is an output of a real QASM_GEN/TN_QC_OPT run, not predictable in advance -- see docs.mqs.dk QASM_GEN section.",,
827,H2,0,1,2,qvSZP,grimme_qvszp,tn_qc_opt+mol_map,,n/a,TN_QC_OPT (Cebule),COBYLA,,,1,2,phase,pauli,,,,N_Qubit unknown: requires a real Cebule MOL_MAP run for this molecule/basis (see mol_map row's note). Standard per-Pauli-string measurement (baseline).,,
828,H2,0,1,2,qvSZP,grimme_qvszp,tn_qc_opt+mol_map,,n/a,TN_QC_OPT (Cebule),COBYLA,,,1,2,phase,qasm_gen_grouped,,,,"N_Qubit unknown: requires a real Cebule MOL_MAP run for this molecule/basis (see mol_map row's note). Cebule QASM_GEN basis-state-pair-grouping measurement scheme. Expected to require fewer or equal distinct circuits per iteration than plain 'pauli' measurement (that's QASM_GEN's whole purpose), but the exact circuit count is an output of a real QASM_GEN/TN_QC_OPT run, not predictable in advance -- see docs.mqs.dk QASM_GEN section.",,
829,H2,0,1,2,qvSZP,grimme_qvszp,tn_qc_opt+mol_map,,n/a,TN_QC_OPT (Cebule),COBYLA,,,1,3,full,pauli,,,,N_Qubit unknown: requires a real Cebule MOL_MAP run for this molecule/basis (see mol_map row's note). Standard per-Pauli-string measurement (baseline).,,
830,H2,0,1,2,qvSZP,grimme_qvszp,tn_qc_opt+mol_map,,n/a,TN_QC_OPT (Cebule),COBYLA,,,1,3,full,qasm_gen_grouped,,,,"N_Qubit unknown: requires a real Cebule MOL_MAP run for this molecule/basis (see mol_map row's note). Cebule QASM_GEN basis-state-pair-grouping measurement scheme. Expected to require fewer or equal distinct circuits per iteration than plain 'pauli' measurement (that's QASM_GEN's whole purpose), but the exact circuit count is an output of a real QASM_GEN/TN_QC_OPT run, not predictable in advance -- see docs.mqs.dk QASM_GEN section.",,
831,H2,0,1,2,qvSZP,grimme_qvszp,tn_qc_opt+mol_map,,n/a,TN_QC_OPT (Cebule),COBYLA,,,1,3,phase,pauli,,,,N_Qubit unknown: requires a real Cebule MOL_MAP run for this molecule/basis (see mol_map row's note). Standard per-Pauli-string measurement (baseline).,,
832,H2,0,1,2,qvSZP,grimme_qvszp,tn_qc_opt+mol_map,,n/a,TN_QC_OPT (Cebule),COBYLA,,,1,3,phase,qasm_gen_grouped,,,,"N_Qubit unknown: requires a real Cebule MOL_MAP run for this molecule/basis (see mol_map row's note). Cebule QASM_GEN basis-state-pair-grouping measurement scheme. Expected to require fewer or equal distinct circuits per iteration than plain 'pauli' measurement (that's QASM_GEN's whole purpose), but the exact circuit count is an output of a real QASM_GEN/TN_QC_OPT run, not predictable in advance -- see docs.mqs.dk QASM_GEN section.",,
833,H2,0,1,2,qvSZP,grimme_qvszp,tn_qc_opt+mol_map,,n/a,TN_QC_OPT (Cebule),COBYLA,,,1,4,full,pauli,,,,N_Qubit unknown: requires a real Cebule MOL_MAP run for this molecule/basis (see mol_map row's note). Standard per-Pauli-string measurement (baseline).,,
834,H2,0,1,2,qvSZP,grimme_qvszp,tn_qc_opt+mol_map,,n/a,TN_QC_OPT (Cebule),COBYLA,,,1,4,full,qasm_gen_grouped,,,,"N_Qubit unknown: requires a real Cebule MOL_MAP run for this molecule/basis (see mol_map row's note). Cebule QASM_GEN basis-state-pair-grouping measurement scheme. Expected to require fewer or equal distinct circuits per iteration than plain 'pauli' measurement (that's QASM_GEN's whole purpose), but the exact circuit count is an output of a real QASM_GEN/TN_QC_OPT run, not predictable in advance -- see docs.mqs.dk QASM_GEN section.",,
835,H2,0,1,2,qvSZP,grimme_qvszp,tn_qc_opt+mol_map,,n/a,TN_QC_OPT (Cebule),COBYLA,,,1,4,phase,pauli,,,,N_Qubit unknown: requires a real Cebule MOL_MAP run for this molecule/basis (see mol_map row's note). Standard per-Pauli-string measurement (baseline).,,
836,H2,0,1,2,qvSZP,grimme_qvszp,tn_qc_opt+mol_map,,n/a,TN_QC_OPT (Cebule),COBYLA,,,1,4,phase,qasm_gen_grouped,,,,"N_Qubit unknown: requires a real Cebule MOL_MAP run for this molecule/basis (see mol_map row's note). Cebule QASM_GEN basis-state-pair-grouping measurement scheme. Expected to require fewer or equal distinct circuits per iteration than plain 'pauli' measurement (that's QASM_GEN's whole purpose), but the exact circuit count is an output of a real QASM_GEN/TN_QC_OPT run, not predictable in advance -- see docs.mqs.dk QASM_GEN section.",,
837,H2,0,1,2,qvSZP,grimme_qvszp,tn_qc_opt+mol_map,,n/a,TN_QC_OPT (Cebule),COBYLA,,,2,1,full,pauli,,,,N_Qubit unknown: requires a real Cebule MOL_MAP run for this molecule/basis (see mol_map row's note). Standard per-Pauli-string measurement (baseline).,,
838,H2,0,1,2,qvSZP,grimme_qvszp,tn_qc_opt+mol_map,,n/a,TN_QC_OPT (Cebule),COBYLA,,,2,1,full,qasm_gen_grouped,,,,"N_Qubit unknown: requires a real Cebule MOL_MAP run for this molecule/basis (see mol_map row's note). Cebule QASM_GEN basis-state-pair-grouping measurement scheme. Expected to require fewer or equal distinct circuits per iteration than plain 'pauli' measurement (that's QASM_GEN's whole purpose), but the exact circuit count is an output of a real QASM_GEN/TN_QC_OPT run, not predictable in advance -- see docs.mqs.dk QASM_GEN section.",,
839,H2,0,1,2,qvSZP,grimme_qvszp,tn_qc_opt+mol_map,,n/a,TN_QC_OPT (Cebule),COBYLA,,,2,1,phase,pauli,,,,N_Qubit unknown: requires a real Cebule MOL_MAP run for this molecule/basis (see mol_map row's note). Standard per-Pauli-string measurement (baseline).,,
840,H2,0,1,2,qvSZP,grimme_qvszp,tn_qc_opt+mol_map,,n/a,TN_QC_OPT (Cebule),COBYLA,,,2,1,phase,qasm_gen_grouped,,,,"N_Qubit unknown: requires a real Cebule MOL_MAP run for this molecule/basis (see mol_map row's note). Cebule QASM_GEN basis-state-pair-grouping measurement scheme. Expected to require fewer or equal distinct circuits per iteration than plain 'pauli' measurement (that's QASM_GEN's whole purpose), but the exact circuit count is an output of a real QASM_GEN/TN_QC_OPT run, not predictable in advance -- see docs.mqs.dk QASM_GEN section.",,
841,H2,0,1,2,qvSZP,grimme_qvszp,tn_qc_opt+mol_map,,n/a,TN_QC_OPT (Cebule),COBYLA,,,2,2,full,pauli,,,,N_Qubit unknown: requires a real Cebule MOL_MAP run for this molecule/basis (see mol_map row's note). Standard per-Pauli-string measurement (baseline).,,
842,H2,0,1,2,qvSZP,grimme_qvszp,tn_qc_opt+mol_map,,n/a,TN_QC_OPT (Cebule),COBYLA,,,2,2,full,qasm_gen_grouped,,,,"N_Qubit unknown: requires a real Cebule MOL_MAP run for this molecule/basis (see mol_map row's note). Cebule QASM_GEN basis-state-pair-grouping measurement scheme. Expected to require fewer or equal distinct circuits per iteration than plain 'pauli' measurement (that's QASM_GEN's whole purpose), but the exact circuit count is an output of a real QASM_GEN/TN_QC_OPT run, not predictable in advance -- see docs.mqs.dk QASM_GEN section.",,
843,H2,0,1,2,qvSZP,grimme_qvszp,tn_qc_opt+mol_map,,n/a,TN_QC_OPT (Cebule),COBYLA,,,2,2,phase,pauli,,,,N_Qubit unknown: requires a real Cebule MOL_MAP run for this molecule/basis (see mol_map row's note). Standard per-Pauli-string measurement (baseline).,,
844,H2,0,1,2,qvSZP,grimme_qvszp,tn_qc_opt+mol_map,,n/a,TN_QC_OPT (Cebule),COBYLA,,,2,2,phase,qasm_gen_grouped,,,,"N_Qubit unknown: requires a real Cebule MOL_MAP run for this molecule/basis (see mol_map row's note). Cebule QASM_GEN basis-state-pair-grouping measurement scheme. Expected to require fewer or equal distinct circuits per iteration than plain 'pauli' measurement (that's QASM_GEN's whole purpose), but the exact circuit count is an output of a real QASM_GEN/TN_QC_OPT run, not predictable in advance -- see docs.mqs.dk QASM_GEN section.",,
845,H2,0,1,2,qvSZP,grimme_qvszp,tn_qc_opt+mol_map,,n/a,TN_QC_OPT (Cebule),COBYLA,,,2,3,full,pauli,,,,N_Qubit unknown: requires a real Cebule MOL_MAP run for this molecule/basis (see mol_map row's note). Standard per-Pauli-string measurement (baseline).,,
846,H2,0,1,2,qvSZP,grimme_qvszp,tn_qc_opt+mol_map,,n/a,TN_QC_OPT (Cebule),COBYLA,,,2,3,full,qasm_gen_grouped,,,,"N_Qubit unknown: requires a real Cebule MOL_MAP run for this molecule/basis (see mol_map row's note). Cebule QASM_GEN basis-state-pair-grouping measurement scheme. Expected to require fewer or equal distinct circuits per iteration than plain 'pauli' measurement (that's QASM_GEN's whole purpose), but the exact circuit count is an output of a real QASM_GEN/TN_QC_OPT run, not predictable in advance -- see docs.mqs.dk QASM_GEN section.",,
847,H2,0,1,2,qvSZP,grimme_qvszp,tn_qc_opt+mol_map,,n/a,TN_QC_OPT (Cebule),COBYLA,,,2,3,phase,pauli,,,,N_Qubit unknown: requires a real Cebule MOL_MAP run for this molecule/basis (see mol_map row's note). Standard per-Pauli-string measurement (baseline).,,
848,H2,0,1,2,qvSZP,grimme_qvszp,tn_qc_opt+mol_map,,n/a,TN_QC_OPT (Cebule),COBYLA,,,2,3,phase,qasm_gen_grouped,,,,"N_Qubit unknown: requires a real Cebule MOL_MAP run for this molecule/basis (see mol_map row's note). Cebule QASM_GEN basis-state-pair-grouping measurement scheme. Expected to require fewer or equal distinct circuits per iteration than plain 'pauli' measurement (that's QASM_GEN's whole purpose), but the exact circuit count is an output of a real QASM_GEN/TN_QC_OPT run, not predictable in advance -- see docs.mqs.dk QASM_GEN section.",,
849,H2,0,1,2,qvSZP,grimme_qvszp,tn_qc_opt+mol_map,,n/a,TN_QC_OPT (Cebule),COBYLA,,,2,4,full,pauli,,,,N_Qubit unknown: requires a real Cebule MOL_MAP run for this molecule/basis (see mol_map row's note). Standard per-Pauli-string measurement (baseline).,,
850,H2,0,1,2,qvSZP,grimme_qvszp,tn_qc_opt+mol_map,,n/a,TN_QC_OPT (Cebule),COBYLA,,,2,4,full,qasm_gen_grouped,,,,"N_Qubit unknown: requires a real Cebule MOL_MAP run for this molecule/basis (see mol_map row's note). Cebule QASM_GEN basis-state-pair-grouping measurement scheme. Expected to require fewer or equal distinct circuits per iteration than plain 'pauli' measurement (that's QASM_GEN's whole purpose), but the exact circuit count is an output of a real QASM_GEN/TN_QC_OPT run, not predictable in advance -- see docs.mqs.dk QASM_GEN section.",,
851,H2,0,1,2,qvSZP,grimme_qvszp,tn_qc_opt+mol_map,,n/a,TN_QC_OPT (Cebule),COBYLA,,,2,4,phase,pauli,,,,N_Qubit unknown: requires a real Cebule MOL_MAP run for this molecule/basis (see mol_map row's note). Standard per-Pauli-string measurement (baseline).,,
852,H2,0,1,2,qvSZP,grimme_qvszp,tn_qc_opt+mol_map,,n/a,TN_QC_OPT (Cebule),COBYLA,,,2,4,phase,qasm_gen_grouped,,,,"N_Qubit unknown: requires a real Cebule MOL_MAP run for this molecule/basis (see mol_map row's note). Cebule QASM_GEN basis-state-pair-grouping measurement scheme. Expected to require fewer or equal distinct circuits per iteration than plain 'pauli' measurement (that's QASM_GEN's whole purpose), but the exact circuit count is an output of a real QASM_GEN/TN_QC_OPT run, not predictable in advance -- see docs.mqs.dk QASM_GEN section.",,
853,H2,0,1,2,qvSZP,grimme_qvszp,tn_qc_opt+mol_map,,n/a,TN_QC_OPT (Cebule),COBYLA,,,3,1,full,pauli,,,,N_Qubit unknown: requires a real Cebule MOL_MAP run for this molecule/basis (see mol_map row's note). Standard per-Pauli-string measurement (baseline).,,
854,H2,0,1,2,qvSZP,grimme_qvszp,tn_qc_opt+mol_map,,n/a,TN_QC_OPT (Cebule),COBYLA,,,3,1,full,qasm_gen_grouped,,,,"N_Qubit unknown: requires a real Cebule MOL_MAP run for this molecule/basis (see mol_map row's note). Cebule QASM_GEN basis-state-pair-grouping measurement scheme. Expected to require fewer or equal distinct circuits per iteration than plain 'pauli' measurement (that's QASM_GEN's whole purpose), but the exact circuit count is an output of a real QASM_GEN/TN_QC_OPT run, not predictable in advance -- see docs.mqs.dk QASM_GEN section.",,
855,H2,0,1,2,qvSZP,grimme_qvszp,tn_qc_opt+mol_map,,n/a,TN_QC_OPT (Cebule),COBYLA,,,3,1,phase,pauli,,,,N_Qubit unknown: requires a real Cebule MOL_MAP run for this molecule/basis (see mol_map row's note). Standard per-Pauli-string measurement (baseline).,,
856,H2,0,1,2,qvSZP,grimme_qvszp,tn_qc_opt+mol_map,,n/a,TN_QC_OPT (Cebule),COBYLA,,,3,1,phase,qasm_gen_grouped,,,,"N_Qubit unknown: requires a real Cebule MOL_MAP run for this molecule/basis (see mol_map row's note). Cebule QASM_GEN basis-state-pair-grouping measurement scheme. Expected to require fewer or equal distinct circuits per iteration than plain 'pauli' measurement (that's QASM_GEN's whole purpose), but the exact circuit count is an output of a real QASM_GEN/TN_QC_OPT run, not predictable in advance -- see docs.mqs.dk QASM_GEN section.",,
857,H2,0,1,2,qvSZP,grimme_qvszp,tn_qc_opt+mol_map,,n/a,TN_QC_OPT (Cebule),COBYLA,,,3,2,full,pauli,,,,N_Qubit unknown: requires a real Cebule MOL_MAP run for this molecule/basis (see mol_map row's note). Standard per-Pauli-string measurement (baseline).,,
858,H2,0,1,2,qvSZP,grimme_qvszp,tn_qc_opt+mol_map,,n/a,TN_QC_OPT (Cebule),COBYLA,,,3,2,full,qasm_gen_grouped,,,,"N_Qubit unknown: requires a real Cebule MOL_MAP run for this molecule/basis (see mol_map row's note). Cebule QASM_GEN basis-state-pair-grouping measurement scheme. Expected to require fewer or equal distinct circuits per iteration than plain 'pauli' measurement (that's QASM_GEN's whole purpose), but the exact circuit count is an output of a real QASM_GEN/TN_QC_OPT run, not predictable in advance -- see docs.mqs.dk QASM_GEN section.",,
859,H2,0,1,2,qvSZP,grimme_qvszp,tn_qc_opt+mol_map,,n/a,TN_QC_OPT (Cebule),COBYLA,,,3,2,phase,pauli,,,,N_Qubit unknown: requires a real Cebule MOL_MAP run for this molecule/basis (see mol_map row's note). Standard per-Pauli-string measurement (baseline).,,
860,H2,0,1,2,qvSZP,grimme_qvszp,tn_qc_opt+mol_map,,n/a,TN_QC_OPT (Cebule),COBYLA,,,3,2,phase,qasm_gen_grouped,,,,"N_Qubit unknown: requires a real Cebule MOL_MAP run for this molecule/basis (see mol_map row's note). Cebule QASM_GEN basis-state-pair-grouping measurement scheme. Expected to require fewer or equal distinct circuits per iteration than plain 'pauli' measurement (that's QASM_GEN's whole purpose), but the exact circuit count is an output of a real QASM_GEN/TN_QC_OPT run, not predictable in advance -- see docs.mqs.dk QASM_GEN section.",,
861,H2,0,1,2,qvSZP,grimme_qvszp,tn_qc_opt+mol_map,,n/a,TN_QC_OPT (Cebule),COBYLA,,,3,3,full,pauli,,,,N_Qubit unknown: requires a real Cebule MOL_MAP run for this molecule/basis (see mol_map row's note). Standard per-Pauli-string measurement (baseline).,,
862,H2,0,1,2,qvSZP,grimme_qvszp,tn_qc_opt+mol_map,,n/a,TN_QC_OPT (Cebule),COBYLA,,,3,3,full,qasm_gen_grouped,,,,"N_Qubit unknown: requires a real Cebule MOL_MAP run for this molecule/basis (see mol_map row's note). Cebule QASM_GEN basis-state-pair-grouping measurement scheme. Expected to require fewer or equal distinct circuits per iteration than plain 'pauli' measurement (that's QASM_GEN's whole purpose), but the exact circuit count is an output of a real QASM_GEN/TN_QC_OPT run, not predictable in advance -- see docs.mqs.dk QASM_GEN section.",,
863,H2,0,1,2,qvSZP,grimme_qvszp,tn_qc_opt+mol_map,,n/a,TN_QC_OPT (Cebule),COBYLA,,,3,3,phase,pauli,,,,N_Qubit unknown: requires a real Cebule MOL_MAP run for this molecule/basis (see mol_map row's note). Standard per-Pauli-string measurement (baseline).,,
864,H2,0,1,2,qvSZP,grimme_qvszp,tn_qc_opt+mol_map,,n/a,TN_QC_OPT (Cebule),COBYLA,,,3,3,phase,qasm_gen_grouped,,,,"N_Qubit unknown: requires a real Cebule MOL_MAP run for this molecule/basis (see mol_map row's note). Cebule QASM_GEN basis-state-pair-grouping measurement scheme. Expected to require fewer or equal distinct circuits per iteration than plain 'pauli' measurement (that's QASM_GEN's whole purpose), but the exact circuit count is an output of a real QASM_GEN/TN_QC_OPT run, not predictable in advance -- see docs.mqs.dk QASM_GEN section.",,
865,H2,0,1,2,qvSZP,grimme_qvszp,tn_qc_opt+mol_map,,n/a,TN_QC_OPT (Cebule),COBYLA,,,3,4,full,pauli,,,,N_Qubit unknown: requires a real Cebule MOL_MAP run for this molecule/basis (see mol_map row's note). Standard per-Pauli-string measurement (baseline).,,
866,H2,0,1,2,qvSZP,grimme_qvszp,tn_qc_opt+mol_map,,n/a,TN_QC_OPT (Cebule),COBYLA,,,3,4,full,qasm_gen_grouped,,,,"N_Qubit unknown: requires a real Cebule MOL_MAP run for this molecule/basis (see mol_map row's note). Cebule QASM_GEN basis-state-pair-grouping measurement scheme. Expected to require fewer or equal distinct circuits per iteration than plain 'pauli' measurement (that's QASM_GEN's whole purpose), but the exact circuit count is an output of a real QASM_GEN/TN_QC_OPT run, not predictable in advance -- see docs.mqs.dk QASM_GEN section.",,
867,H2,0,1,2,qvSZP,grimme_qvszp,tn_qc_opt+mol_map,,n/a,TN_QC_OPT (Cebule),COBYLA,,,3,4,phase,pauli,,,,N_Qubit unknown: requires a real Cebule MOL_MAP run for this molecule/basis (see mol_map row's note). Standard per-Pauli-string measurement (baseline).,,
868,H2,0,1,2,qvSZP,grimme_qvszp,tn_qc_opt+mol_map,,n/a,TN_QC_OPT (Cebule),COBYLA,,,3,4,phase,qasm_gen_grouped,,,,"N_Qubit unknown: requires a real Cebule MOL_MAP run for this molecule/basis (see mol_map row's note). Cebule QASM_GEN basis-state-pair-grouping measurement scheme. Expected to require fewer or equal distinct circuits per iteration than plain 'pauli' measurement (that's QASM_GEN's whole purpose), but the exact circuit count is an output of a real QASM_GEN/TN_QC_OPT run, not predictable in advance -- see docs.mqs.dk QASM_GEN section.",,
1037,Li2,0,1,6,6-31g,basis_set_exchange,tn_qc_opt+mol_map,,n/a,TN_QC_OPT (Cebule),COBYLA,,,0,1,n/a (no TN layers),pauli,,,,N_Qubit unknown: requires a real Cebule MOL_MAP run for this molecule/basis (see mol_map row's note). TN_Layers_Network=0 is the paper's 'circuit only' baseline -- equivalent to plain VQE with this Hamiltonian encoding and no TN preprocessing. Standard per-Pauli-string measurement (baseline).,,
1038,Li2,0,1,6,6-31g,basis_set_exchange,tn_qc_opt+mol_map,,n/a,TN_QC_OPT (Cebule),COBYLA,,,0,1,n/a (no TN layers),qasm_gen_grouped,,,,"N_Qubit unknown: requires a real Cebule MOL_MAP run for this molecule/basis (see mol_map row's note). TN_Layers_Network=0 is the paper's 'circuit only' baseline -- equivalent to plain VQE with this Hamiltonian encoding and no TN preprocessing. Cebule QASM_GEN basis-state-pair-grouping measurement scheme. Expected to require fewer or equal distinct circuits per iteration than plain 'pauli' measurement (that's QASM_GEN's whole purpose), but the exact circuit count is an output of a real QASM_GEN/TN_QC_OPT run, not predictable in advance -- see docs.mqs.dk QASM_GEN section.",,
1039,Li2,0,1,6,6-31g,basis_set_exchange,tn_qc_opt+mol_map,,n/a,TN_QC_OPT (Cebule),COBYLA,,,0,2,n/a (no TN layers),pauli,,,,N_Qubit unknown: requires a real Cebule MOL_MAP run for this molecule/basis (see mol_map row's note). TN_Layers_Network=0 is the paper's 'circuit only' baseline -- equivalent to plain VQE with this Hamiltonian encoding and no TN preprocessing. Standard per-Pauli-string measurement (baseline).,,
1040,Li2,0,1,6,6-31g,basis_set_exchange,tn_qc_opt+mol_map,,n/a,TN_QC_OPT (Cebule),COBYLA,,,0,2,n/a (no TN layers),qasm_gen_grouped,,,,"N_Qubit unknown: requires a real Cebule MOL_MAP run for this molecule/basis (see mol_map row's note). TN_Layers_Network=0 is the paper's 'circuit only' baseline -- equivalent to plain VQE with this Hamiltonian encoding and no TN preprocessing. Cebule QASM_GEN basis-state-pair-grouping measurement scheme. Expected to require fewer or equal distinct circuits per iteration than plain 'pauli' measurement (that's QASM_GEN's whole purpose), but the exact circuit count is an output of a real QASM_GEN/TN_QC_OPT run, not predictable in advance -- see docs.mqs.dk QASM_GEN section.",,
1041,Li2,0,1,6,6-31g,basis_set_exchange,tn_qc_opt+mol_map,,n/a,TN_QC_OPT (Cebule),COBYLA,,,0,3,n/a (no TN layers),pauli,,,,N_Qubit unknown: requires a real Cebule MOL_MAP run for this molecule/basis (see mol_map row's note). TN_Layers_Network=0 is the paper's 'circuit only' baseline -- equivalent to plain VQE with this Hamiltonian encoding and no TN preprocessing. Standard per-Pauli-string measurement (baseline).,,
1042,Li2,0,1,6,6-31g,basis_set_exchange,tn_qc_opt+mol_map,,n/a,TN_QC_OPT (Cebule),COBYLA,,,0,3,n/a (no TN layers),qasm_gen_grouped,,,,"N_Qubit unknown: requires a real Cebule MOL_MAP run for this molecule/basis (see mol_map row's note). TN_Layers_Network=0 is the paper's 'circuit only' baseline -- equivalent to plain VQE with this Hamiltonian encoding and no TN preprocessing. Cebule QASM_GEN basis-state-pair-grouping measurement scheme. Expected to require fewer or equal distinct circuits per iteration than plain 'pauli' measurement (that's QASM_GEN's whole purpose), but the exact circuit count is an output of a real QASM_GEN/TN_QC_OPT run, not predictable in advance -- see docs.mqs.dk QASM_GEN section.",,
1043,Li2,0,1,6,6-31g,basis_set_exchange,tn_qc_opt+mol_map,,n/a,TN_QC_OPT (Cebule),COBYLA,,,0,4,n/a (no TN layers),pauli,,,,N_Qubit unknown: requires a real Cebule MOL_MAP run for this molecule/basis (see mol_map row's note). TN_Layers_Network=0 is the paper's 'circuit only' baseline -- equivalent to plain VQE with this Hamiltonian encoding and no TN preprocessing. Standard per-Pauli-string measurement (baseline).,,
1044,Li2,0,1,6,6-31g,basis_set_exchange,tn_qc_opt+mol_map,,n/a,TN_QC_OPT (Cebule),COBYLA,,,0,4,n/a (no TN layers),qasm_gen_grouped,,,,"N_Qubit unknown: requires a real Cebule MOL_MAP run for this molecule/basis (see mol_map row's note). TN_Layers_Network=0 is the paper's 'circuit only' baseline -- equivalent to plain VQE with this Hamiltonian encoding and no TN preprocessing. Cebule QASM_GEN basis-state-pair-grouping measurement scheme. Expected to require fewer or equal distinct circuits per iteration than plain 'pauli' measurement (that's QASM_GEN's whole purpose), but the exact circuit count is an output of a real QASM_GEN/TN_QC_OPT run, not predictable in advance -- see docs.mqs.dk QASM_GEN section.",,
1045,Li2,0,1,6,6-31g,basis_set_exchange,tn_qc_opt+mol_map,,n/a,TN_QC_OPT (Cebule),COBYLA,,,1,1,full,pauli,,,,N_Qubit unknown: requires a real Cebule MOL_MAP run for this molecule/basis (see mol_map row's note). Standard per-Pauli-string measurement (baseline).,,
1046,Li2,0,1,6,6-31g,basis_set_exchange,tn_qc_opt+mol_map,,n/a,TN_QC_OPT (Cebule),COBYLA,,,1,1,full,qasm_gen_grouped,,,,"N_Qubit unknown: requires a real Cebule MOL_MAP run for this molecule/basis (see mol_map row's note). Cebule QASM_GEN basis-state-pair-grouping measurement scheme. Expected to require fewer or equal distinct circuits per iteration than plain 'pauli' measurement (that's QASM_GEN's whole purpose), but the exact circuit count is an output of a real QASM_GEN/TN_QC_OPT run, not predictable in advance -- see docs.mqs.dk QASM_GEN section.",,
1047,Li2,0,1,6,6-31g,basis_set_exchange,tn_qc_opt+mol_map,,n/a,TN_QC_OPT (Cebule),COBYLA,,,1,1,phase,pauli,,,,N_Qubit unknown: requires a real Cebule MOL_MAP run for this molecule/basis (see mol_map row's note). Standard per-Pauli-string measurement (baseline).,,
1048,Li2,0,1,6,6-31g,basis_set_exchange,tn_qc_opt+mol_map,,n/a,TN_QC_OPT (Cebule),COBYLA,,,1,1,phase,qasm_gen_grouped,,,,"N_Qubit unknown: requires a real Cebule MOL_MAP run for this molecule/basis (see mol_map row's note). Cebule QASM_GEN basis-state-pair-grouping measurement scheme. Expected to require fewer or equal distinct circuits per iteration than plain 'pauli' measurement (that's QASM_GEN's whole purpose), but the exact circuit count is an output of a real QASM_GEN/TN_QC_OPT run, not predictable in advance -- see docs.mqs.dk QASM_GEN section.",,
1049,Li2,0,1,6,6-31g,basis_set_exchange,tn_qc_opt+mol_map,,n/a,TN_QC_OPT (Cebule),COBYLA,,,1,2,full,pauli,,,,N_Qubit unknown: requires a real Cebule MOL_MAP run for this molecule/basis (see mol_map row's note). Standard per-Pauli-string measurement (baseline).,,
1050,Li2,0,1,6,6-31g,basis_set_exchange,tn_qc_opt+mol_map,,n/a,TN_QC_OPT (Cebule),COBYLA,,,1,2,full,qasm_gen_grouped,,,,"N_Qubit unknown: requires a real Cebule MOL_MAP run for this molecule/basis (see mol_map row's note). Cebule QASM_GEN basis-state-pair-grouping measurement scheme. Expected to require fewer or equal distinct circuits per iteration than plain 'pauli' measurement (that's QASM_GEN's whole purpose), but the exact circuit count is an output of a real QASM_GEN/TN_QC_OPT run, not predictable in advance -- see docs.mqs.dk QASM_GEN section.",,
1051,Li2,0,1,6,6-31g,basis_set_exchange,tn_qc_opt+mol_map,,n/a,TN_QC_OPT (Cebule),COBYLA,,,1,2,phase,pauli,,,,N_Qubit unknown: requires a real Cebule MOL_MAP run for this molecule/basis (see mol_map row's note). Standard per-Pauli-string measurement (baseline).,,
1052,Li2,0,1,6,6-31g,basis_set_exchange,tn_qc_opt+mol_map,,n/a,TN_QC_OPT (Cebule),COBYLA,,,1,2,phase,qasm_gen_grouped,,,,"N_Qubit unknown: requires a real Cebule MOL_MAP run for this molecule/basis (see mol_map row's note). Cebule QASM_GEN basis-state-pair-grouping measurement scheme. Expected to require fewer or equal distinct circuits per iteration than plain 'pauli' measurement (that's QASM_GEN's whole purpose), but the exact circuit count is an output of a real QASM_GEN/TN_QC_OPT run, not predictable in advance -- see docs.mqs.dk QASM_GEN section.",,
1053,Li2,0,1,6,6-31g,basis_set_exchange,tn_qc_opt+mol_map,,n/a,TN_QC_OPT (Cebule),COBYLA,,,1,3,full,pauli,,,,N_Qubit unknown: requires a real Cebule MOL_MAP run for this molecule/basis (see mol_map row's note). Standard per-Pauli-string measurement (baseline).,,
1054,Li2,0,1,6,6-31g,basis_set_exchange,tn_qc_opt+mol_map,,n/a,TN_QC_OPT (Cebule),COBYLA,,,1,3,full,qasm_gen_grouped,,,,"N_Qubit unknown: requires a real Cebule MOL_MAP run for this molecule/basis (see mol_map row's note). Cebule QASM_GEN basis-state-pair-grouping measurement scheme. Expected to require fewer or equal distinct circuits per iteration than plain 'pauli' measurement (that's QASM_GEN's whole purpose), but the exact circuit count is an output of a real QASM_GEN/TN_QC_OPT run, not predictable in advance -- see docs.mqs.dk QASM_GEN section.",,
1055,Li2,0,1,6,6-31g,basis_set_exchange,tn_qc_opt+mol_map,,n/a,TN_QC_OPT (Cebule),COBYLA,,,1,3,phase,pauli,,,,N_Qubit unknown: requires a real Cebule MOL_MAP run for this molecule/basis (see mol_map row's note). Standard per-Pauli-string measurement (baseline).,,
1056,Li2,0,1,6,6-31g,basis_set_exchange,tn_qc_opt+mol_map,,n/a,TN_QC_OPT (Cebule),COBYLA,,,1,3,phase,qasm_gen_grouped,,,,"N_Qubit unknown: requires a real Cebule MOL_MAP run for this molecule/basis (see mol_map row's note). Cebule QASM_GEN basis-state-pair-grouping measurement scheme. Expected to require fewer or equal distinct circuits per iteration than plain 'pauli' measurement (that's QASM_GEN's whole purpose), but the exact circuit count is an output of a real QASM_GEN/TN_QC_OPT run, not predictable in advance -- see docs.mqs.dk QASM_GEN section.",,
1057,Li2,0,1,6,6-31g,basis_set_exchange,tn_qc_opt+mol_map,,n/a,TN_QC_OPT (Cebule),COBYLA,,,1,4,full,pauli,,,,N_Qubit unknown: requires a real Cebule MOL_MAP run for this molecule/basis (see mol_map row's note). Standard per-Pauli-string measurement (baseline).,,
1058,Li2,0,1,6,6-31g,basis_set_exchange,tn_qc_opt+mol_map,,n/a,TN_QC_OPT (Cebule),COBYLA,,,1,4,full,qasm_gen_grouped,,,,"N_Qubit unknown: requires a real Cebule MOL_MAP run for this molecule/basis (see mol_map row's note). Cebule QASM_GEN basis-state-pair-grouping measurement scheme. Expected to require fewer or equal distinct circuits per iteration than plain 'pauli' measurement (that's QASM_GEN's whole purpose), but the exact circuit count is an output of a real QASM_GEN/TN_QC_OPT run, not predictable in advance -- see docs.mqs.dk QASM_GEN section.",,
1059,Li2,0,1,6,6-31g,basis_set_exchange,tn_qc_opt+mol_map,,n/a,TN_QC_OPT (Cebule),COBYLA,,,1,4,phase,pauli,,,,N_Qubit unknown: requires a real Cebule MOL_MAP run for this molecule/basis (see mol_map row's note). Standard per-Pauli-string measurement (baseline).,,
1060,Li2,0,1,6,6-31g,basis_set_exchange,tn_qc_opt+mol_map,,n/a,TN_QC_OPT (Cebule),COBYLA,,,1,4,phase,qasm_gen_grouped,,,,"N_Qubit unknown: requires a real Cebule MOL_MAP run for this molecule/basis (see mol_map row's note). Cebule QASM_GEN basis-state-pair-grouping measurement scheme. Expected to require fewer or equal distinct circuits per iteration than plain 'pauli' measurement (that's QASM_GEN's whole purpose), but the exact circuit count is an output of a real QASM_GEN/TN_QC_OPT run, not predictable in advance -- see docs.mqs.dk QASM_GEN section.",,
1061,Li2,0,1,6,6-31g,basis_set_exchange,tn_qc_opt+mol_map,,n/a,TN_QC_OPT (Cebule),COBYLA,,,2,1,full,pauli,,,,N_Qubit unknown: requires a real Cebule MOL_MAP run for this molecule/basis (see mol_map row's note). Standard per-Pauli-string measurement (baseline).,,
1062,Li2,0,1,6,6-31g,basis_set_exchange,tn_qc_opt+mol_map,,n/a,TN_QC_OPT (Cebule),COBYLA,,,2,1,full,qasm_gen_grouped,,,,"N_Qubit unknown: requires a real Cebule MOL_MAP run for this molecule/basis (see mol_map row's note). Cebule QASM_GEN basis-state-pair-grouping measurement scheme. Expected to require fewer or equal distinct circuits per iteration than plain 'pauli' measurement (that's QASM_GEN's whole purpose), but the exact circuit count is an output of a real QASM_GEN/TN_QC_OPT run, not predictable in advance -- see docs.mqs.dk QASM_GEN section.",,
1063,Li2,0,1,6,6-31g,basis_set_exchange,tn_qc_opt+mol_map,,n/a,TN_QC_OPT (Cebule),COBYLA,,,2,1,phase,pauli,,,,N_Qubit unknown: requires a real Cebule MOL_MAP run for this molecule/basis (see mol_map row's note). Standard per-Pauli-string measurement (baseline).,,
1064,Li2,0,1,6,6-31g,basis_set_exchange,tn_qc_opt+mol_map,,n/a,TN_QC_OPT (Cebule),COBYLA,,,2,1,phase,qasm_gen_grouped,,,,"N_Qubit unknown: requires a real Cebule MOL_MAP run for this molecule/basis (see mol_map row's note). Cebule QASM_GEN basis-state-pair-grouping measurement scheme. Expected to require fewer or equal distinct circuits per iteration than plain 'pauli' measurement (that's QASM_GEN's whole purpose), but the exact circuit count is an output of a real QASM_GEN/TN_QC_OPT run, not predictable in advance -- see docs.mqs.dk QASM_GEN section.",,
1065,Li2,0,1,6,6-31g,basis_set_exchange,tn_qc_opt+mol_map,,n/a,TN_QC_OPT (Cebule),COBYLA,,,2,2,full,pauli,,,,N_Qubit unknown: requires a real Cebule MOL_MAP run for this molecule/basis (see mol_map row's note). Standard per-Pauli-string measurement (baseline).,,
1066,Li2,0,1,6,6-31g,basis_set_exchange,tn_qc_opt+mol_map,,n/a,TN_QC_OPT (Cebule),COBYLA,,,2,2,full,qasm_gen_grouped,,,,"N_Qubit unknown: requires a real Cebule MOL_MAP run for this molecule/basis (see mol_map row's note). Cebule QASM_GEN basis-state-pair-grouping measurement scheme. Expected to require fewer or equal distinct circuits per iteration than plain 'pauli' measurement (that's QASM_GEN's whole purpose), but the exact circuit count is an output of a real QASM_GEN/TN_QC_OPT run, not predictable in advance -- see docs.mqs.dk QASM_GEN section.",,
1067,Li2,0,1,6,6-31g,basis_set_exchange,tn_qc_opt+mol_map,,n/a,TN_QC_OPT (Cebule),COBYLA,,,2,2,phase,pauli,,,,N_Qubit unknown: requires a real Cebule MOL_MAP run for this molecule/basis (see mol_map row's note). Standard per-Pauli-string measurement (baseline).,,
1068,Li2,0,1,6,6-31g,basis_set_exchange,tn_qc_opt+mol_map,,n/a,TN_QC_OPT (Cebule),COBYLA,,,2,2,phase,qasm_gen_grouped,,,,"N_Qubit unknown: requires a real Cebule MOL_MAP run for this molecule/basis (see mol_map row's note). Cebule QASM_GEN basis-state-pair-grouping measurement scheme. Expected to require fewer or equal distinct circuits per iteration than plain 'pauli' measurement (that's QASM_GEN's whole purpose), but the exact circuit count is an output of a real QASM_GEN/TN_QC_OPT run, not predictable in advance -- see docs.mqs.dk QASM_GEN section.",,
1069,Li2,0,1,6,6-31g,basis_set_exchange,tn_qc_opt+mol_map,,n/a,TN_QC_OPT (Cebule),COBYLA,,,2,3,full,pauli,,,,N_Qubit unknown: requires a real Cebule MOL_MAP run for this molecule/basis (see mol_map row's note). Standard per-Pauli-string measurement (baseline).,,
1070,Li2,0,1,6,6-31g,basis_set_exchange,tn_qc_opt+mol_map,,n/a,TN_QC_OPT (Cebule),COBYLA,,,2,3,full,qasm_gen_grouped,,,,"N_Qubit unknown: requires a real Cebule MOL_MAP run for this molecule/basis (see mol_map row's note). Cebule QASM_GEN basis-state-pair-grouping measurement scheme. Expected to require fewer or equal distinct circuits per iteration than plain 'pauli' measurement (that's QASM_GEN's whole purpose), but the exact circuit count is an output of a real QASM_GEN/TN_QC_OPT run, not predictable in advance -- see docs.mqs.dk QASM_GEN section.",,
1071,Li2,0,1,6,6-31g,basis_set_exchange,tn_qc_opt+mol_map,,n/a,TN_QC_OPT (Cebule),COBYLA,,,2,3,phase,pauli,,,,N_Qubit unknown: requires a real Cebule MOL_MAP run for this molecule/basis (see mol_map row's note). Standard per-Pauli-string measurement (baseline).,,
1072,Li2,0,1,6,6-31g,basis_set_exchange,tn_qc_opt+mol_map,,n/a,TN_QC_OPT (Cebule),COBYLA,,,2,3,phase,qasm_gen_grouped,,,,"N_Qubit unknown: requires a real Cebule MOL_MAP run for this molecule/basis (see mol_map row's note). Cebule QASM_GEN basis-state-pair-grouping measurement scheme. Expected to require fewer or equal distinct circuits per iteration than plain 'pauli' measurement (that's QASM_GEN's whole purpose), but the exact circuit count is an output of a real QASM_GEN/TN_QC_OPT run, not predictable in advance -- see docs.mqs.dk QASM_GEN section.",,
1073,Li2,0,1,6,6-31g,basis_set_exchange,tn_qc_opt+mol_map,,n/a,TN_QC_OPT (Cebule),COBYLA,,,2,4,full,pauli,,,,N_Qubit unknown: requires a real Cebule MOL_MAP run for this molecule/basis (see mol_map row's note). Standard per-Pauli-string measurement (baseline).,,
1074,Li2,0,1,6,6-31g,basis_set_exchange,tn_qc_opt+mol_map,,n/a,TN_QC_OPT (Cebule),COBYLA,,,2,4,full,qasm_gen_grouped,,,,"N_Qubit unknown: requires a real Cebule MOL_MAP run for this molecule/basis (see mol_map row's note). Cebule QASM_GEN basis-state-pair-grouping measurement scheme. Expected to require fewer or equal distinct circuits per iteration than plain 'pauli' measurement (that's QASM_GEN's whole purpose), but the exact circuit count is an output of a real QASM_GEN/TN_QC_OPT run, not predictable in advance -- see docs.mqs.dk QASM_GEN section.",,
1075,Li2,0,1,6,6-31g,basis_set_exchange,tn_qc_opt+mol_map,,n/a,TN_QC_OPT (Cebule),COBYLA,,,2,4,phase,pauli,,,,N_Qubit unknown: requires a real Cebule MOL_MAP run for this molecule/basis (see mol_map row's note). Standard per-Pauli-string measurement (baseline).,,
1076,Li2,0,1,6,6-31g,basis_set_exchange,tn_qc_opt+mol_map,,n/a,TN_QC_OPT (Cebule),COBYLA,,,2,4,phase,qasm_gen_grouped,,,,"N_Qubit unknown: requires a real Cebule MOL_MAP run for this molecule/basis (see mol_map row's note). Cebule QASM_GEN basis-state-pair-grouping measurement scheme. Expected to require fewer or equal distinct circuits per iteration than plain 'pauli' measurement (that's QASM_GEN's whole purpose), but the exact circuit count is an output of a real QASM_GEN/TN_QC_OPT run, not predictable in advance -- see docs.mqs.dk QASM_GEN section.",,
1077,Li2,0,1,6,6-31g,basis_set_exchange,tn_qc_opt+mol_map,,n/a,TN_QC_OPT (Cebule),COBYLA,,,3,1,full,pauli,,,,N_Qubit unknown: requires a real Cebule MOL_MAP run for this molecule/basis (see mol_map row's note). Standard per-Pauli-string measurement (baseline).,,
1078,Li2,0,1,6,6-31g,basis_set_exchange,tn_qc_opt+mol_map,,n/a,TN_QC_OPT (Cebule),COBYLA,,,3,1,full,qasm_gen_grouped,,,,"N_Qubit unknown: requires a real Cebule MOL_MAP run for this molecule/basis (see mol_map row's note). Cebule QASM_GEN basis-state-pair-grouping measurement scheme. Expected to require fewer or equal distinct circuits per iteration than plain 'pauli' measurement (that's QASM_GEN's whole purpose), but the exact circuit count is an output of a real QASM_GEN/TN_QC_OPT run, not predictable in advance -- see docs.mqs.dk QASM_GEN section.",,
1079,Li2,0,1,6,6-31g,basis_set_exchange,tn_qc_opt+mol_map,,n/a,TN_QC_OPT (Cebule),COBYLA,,,3,1,phase,pauli,,,,N_Qubit unknown: requires a real Cebule MOL_MAP run for this molecule/basis (see mol_map row's note). Standard per-Pauli-string measurement (baseline).,,
1080,Li2,0,1,6,6-31g,basis_set_exchange,tn_qc_opt+mol_map,,n/a,TN_QC_OPT (Cebule),COBYLA,,,3,1,phase,qasm_gen_grouped,,,,"N_Qubit unknown: requires a real Cebule MOL_MAP run for this molecule/basis (see mol_map row's note). Cebule QASM_GEN basis-state-pair-grouping measurement scheme. Expected to require fewer or equal distinct circuits per iteration than plain 'pauli' measurement (that's QASM_GEN's whole purpose), but the exact circuit count is an output of a real QASM_GEN/TN_QC_OPT run, not predictable in advance -- see docs.mqs.dk QASM_GEN section.",,
1081,Li2,0,1,6,6-31g,basis_set_exchange,tn_qc_opt+mol_map,,n/a,TN_QC_OPT (Cebule),COBYLA,,,3,2,full,pauli,,,,N_Qubit unknown: requires a real Cebule MOL_MAP run for this molecule/basis (see mol_map row's note). Standard per-Pauli-string measurement (baseline).,,
1082,Li2,0,1,6,6-31g,basis_set_exchange,tn_qc_opt+mol_map,,n/a,TN_QC_OPT (Cebule),COBYLA,,,3,2,full,qasm_gen_grouped,,,,"N_Qubit unknown: requires a real Cebule MOL_MAP run for this molecule/basis (see mol_map row's note). Cebule QASM_GEN basis-state-pair-grouping measurement scheme. Expected to require fewer or equal distinct circuits per iteration than plain 'pauli' measurement (that's QASM_GEN's whole purpose), but the exact circuit count is an output of a real QASM_GEN/TN_QC_OPT run, not predictable in advance -- see docs.mqs.dk QASM_GEN section.",,
1083,Li2,0,1,6,6-31g,basis_set_exchange,tn_qc_opt+mol_map,,n/a,TN_QC_OPT (Cebule),COBYLA,,,3,2,phase,pauli,,,,N_Qubit unknown: requires a real Cebule MOL_MAP run for this molecule/basis (see mol_map row's note). Standard per-Pauli-string measurement (baseline).,,
1084,Li2,0,1,6,6-31g,basis_set_exchange,tn_qc_opt+mol_map,,n/a,TN_QC_OPT (Cebule),COBYLA,,,3,2,phase,qasm_gen_grouped,,,,"N_Qubit unknown: requires a real Cebule MOL_MAP run for this molecule/basis (see mol_map row's note). Cebule QASM_GEN basis-state-pair-grouping measurement scheme. Expected to require fewer or equal distinct circuits per iteration than plain 'pauli' measurement (that's QASM_GEN's whole purpose), but the exact circuit count is an output of a real QASM_GEN/TN_QC_OPT run, not predictable in advance -- see docs.mqs.dk QASM_GEN section.",,
1085,Li2,0,1,6,6-31g,basis_set_exchange,tn_qc_opt+mol_map,,n/a,TN_QC_OPT (Cebule),COBYLA,,,3,3,full,pauli,,,,N_Qubit unknown: requires a real Cebule MOL_MAP run for this molecule/basis (see mol_map row's note). Standard per-Pauli-string measurement (baseline).,,
1086,Li2,0,1,6,6-31g,basis_set_exchange,tn_qc_opt+mol_map,,n/a,TN_QC_OPT (Cebule),COBYLA,,,3,3,full,qasm_gen_grouped,,,,"N_Qubit unknown: requires a real Cebule MOL_MAP run for this molecule/basis (see mol_map row's note). Cebule QASM_GEN basis-state-pair-grouping measurement scheme. Expected to require fewer or equal distinct circuits per iteration than plain 'pauli' measurement (that's QASM_GEN's whole purpose), but the exact circuit count is an output of a real QASM_GEN/TN_QC_OPT run, not predictable in advance -- see docs.mqs.dk QASM_GEN section.",,
1087,Li2,0,1,6,6-31g,basis_set_exchange,tn_qc_opt+mol_map,,n/a,TN_QC_OPT (Cebule),COBYLA,,,3,3,phase,pauli,,,,N_Qubit unknown: requires a real Cebule MOL_MAP run for this molecule/basis (see mol_map row's note). Standard per-Pauli-string measurement (baseline).,,
1088,Li2,0,1,6,6-31g,basis_set_exchange,tn_qc_opt+mol_map,,n/a,TN_QC_OPT (Cebule),COBYLA,,,3,3,phase,qasm_gen_grouped,,,,"N_Qubit unknown: requires a real Cebule MOL_MAP run for this molecule/basis (see mol_map row's note). Cebule QASM_GEN basis-state-pair-grouping measurement scheme. Expected to require fewer or equal distinct circuits per iteration than plain 'pauli' measurement (that's QASM_GEN's whole purpose), but the exact circuit count is an output of a real QASM_GEN/TN_QC_OPT run, not predictable in advance -- see docs.mqs.dk QASM_GEN section.",,
1089,Li2,0,1,6,6-31g,basis_set_exchange,tn_qc_opt+mol_map,,n/a,TN_QC_OPT (Cebule),COBYLA,,,3,4,full,pauli,,,,N_Qubit unknown: requires a real Cebule MOL_MAP run for this molecule/basis (see mol_map row's note). Standard per-Pauli-string measurement (baseline).,,
1090,Li2,0,1,6,6-31g,basis_set_exchange,tn_qc_opt+mol_map,,n/a,TN_QC_OPT (Cebule),COBYLA,,,3,4,full,qasm_gen_grouped,,,,"N_Qubit unknown: requires a real Cebule MOL_MAP run for this molecule/basis (see mol_map row's note). Cebule QASM_GEN basis-state-pair-grouping measurement scheme. Expected to require fewer or equal distinct circuits per iteration than plain 'pauli' measurement (that's QASM_GEN's whole purpose), but the exact circuit count is an output of a real QASM_GEN/TN_QC_OPT run, not predictable in advance -- see docs.mqs.dk QASM_GEN section.",,
1091,Li2,0,1,6,6-31g,basis_set_exchange,tn_qc_opt+mol_map,,n/a,TN_QC_OPT (Cebule),COBYLA,,,3,4,phase,pauli,,,,N_Qubit unknown: requires a real Cebule MOL_MAP run for this molecule/basis (see mol_map row's note). Standard per-Pauli-string measurement (baseline).,,
1092,Li2,0,1,6,6-31g,basis_set_exchange,tn_qc_opt+mol_map,,n/a,TN_QC_OPT (Cebule),COBYLA,,,3,4,phase,qasm_gen_grouped,,,,"N_Qubit unknown: requires a real Cebule MOL_MAP run for this molecule/basis (see mol_map row's note). Cebule QASM_GEN basis-state-pair-grouping measurement scheme. Expected to require fewer or equal distinct circuits per iteration than plain 'pauli' measurement (that's QASM_GEN's whole purpose), but the exact circuit count is an output of a real QASM_GEN/TN_QC_OPT run, not predictable in advance -- see docs.mqs.dk QASM_GEN section.",,
1149,Li2,0,1,6,cc-pvdz,basis_set_exchange,tn_qc_opt+mol_map,,n/a,TN_QC_OPT (Cebule),COBYLA,,,0,1,n/a (no TN layers),pauli,,,,N_Qubit unknown: requires a real Cebule MOL_MAP run for this molecule/basis (see mol_map row's note). TN_Layers_Network=0 is the paper's 'circuit only' baseline -- equivalent to plain VQE with this Hamiltonian encoding and no TN preprocessing. Standard per-Pauli-string measurement (baseline).,,
1150,Li2,0,1,6,cc-pvdz,basis_set_exchange,tn_qc_opt+mol_map,,n/a,TN_QC_OPT (Cebule),COBYLA,,,0,1,n/a (no TN layers),qasm_gen_grouped,,,,"N_Qubit unknown: requires a real Cebule MOL_MAP run for this molecule/basis (see mol_map row's note). TN_Layers_Network=0 is the paper's 'circuit only' baseline -- equivalent to plain VQE with this Hamiltonian encoding and no TN preprocessing. Cebule QASM_GEN basis-state-pair-grouping measurement scheme. Expected to require fewer or equal distinct circuits per iteration than plain 'pauli' measurement (that's QASM_GEN's whole purpose), but the exact circuit count is an output of a real QASM_GEN/TN_QC_OPT run, not predictable in advance -- see docs.mqs.dk QASM_GEN section.",,
1151,Li2,0,1,6,cc-pvdz,basis_set_exchange,tn_qc_opt+mol_map,,n/a,TN_QC_OPT (Cebule),COBYLA,,,0,2,n/a (no TN layers),pauli,,,,N_Qubit unknown: requires a real Cebule MOL_MAP run for this molecule/basis (see mol_map row's note). TN_Layers_Network=0 is the paper's 'circuit only' baseline -- equivalent to plain VQE with this Hamiltonian encoding and no TN preprocessing. Standard per-Pauli-string measurement (baseline).,,
1152,Li2,0,1,6,cc-pvdz,basis_set_exchange,tn_qc_opt+mol_map,,n/a,TN_QC_OPT (Cebule),COBYLA,,,0,2,n/a (no TN layers),qasm_gen_grouped,,,,"N_Qubit unknown: requires a real Cebule MOL_MAP run for this molecule/basis (see mol_map row's note). TN_Layers_Network=0 is the paper's 'circuit only' baseline -- equivalent to plain VQE with this Hamiltonian encoding and no TN preprocessing. Cebule QASM_GEN basis-state-pair-grouping measurement scheme. Expected to require fewer or equal distinct circuits per iteration than plain 'pauli' measurement (that's QASM_GEN's whole purpose), but the exact circuit count is an output of a real QASM_GEN/TN_QC_OPT run, not predictable in advance -- see docs.mqs.dk QASM_GEN section.",,
1153,Li2,0,1,6,cc-pvdz,basis_set_exchange,tn_qc_opt+mol_map,,n/a,TN_QC_OPT (Cebule),COBYLA,,,0,3,n/a (no TN layers),pauli,,,,N_Qubit unknown: requires a real Cebule MOL_MAP run for this molecule/basis (see mol_map row's note). TN_Layers_Network=0 is the paper's 'circuit only' baseline -- equivalent to plain VQE with this Hamiltonian encoding and no TN preprocessing. Standard per-Pauli-string measurement (baseline).,,
1154,Li2,0,1,6,cc-pvdz,basis_set_exchange,tn_qc_opt+mol_map,,n/a,TN_QC_OPT (Cebule),COBYLA,,,0,3,n/a (no TN layers),qasm_gen_grouped,,,,"N_Qubit unknown: requires a real Cebule MOL_MAP run for this molecule/basis (see mol_map row's note). TN_Layers_Network=0 is the paper's 'circuit only' baseline -- equivalent to plain VQE with this Hamiltonian encoding and no TN preprocessing. Cebule QASM_GEN basis-state-pair-grouping measurement scheme. Expected to require fewer or equal distinct circuits per iteration than plain 'pauli' measurement (that's QASM_GEN's whole purpose), but the exact circuit count is an output of a real QASM_GEN/TN_QC_OPT run, not predictable in advance -- see docs.mqs.dk QASM_GEN section.",,
1155,Li2,0,1,6,cc-pvdz,basis_set_exchange,tn_qc_opt+mol_map,,n/a,TN_QC_OPT (Cebule),COBYLA,,,0,4,n/a (no TN layers),pauli,,,,N_Qubit unknown: requires a real Cebule MOL_MAP run for this molecule/basis (see mol_map row's note). TN_Layers_Network=0 is the paper's 'circuit only' baseline -- equivalent to plain VQE with this Hamiltonian encoding and no TN preprocessing. Standard per-Pauli-string measurement (baseline).,,
1156,Li2,0,1,6,cc-pvdz,basis_set_exchange,tn_qc_opt+mol_map,,n/a,TN_QC_OPT (Cebule),COBYLA,,,0,4,n/a (no TN layers),qasm_gen_grouped,,,,"N_Qubit unknown: requires a real Cebule MOL_MAP run for this molecule/basis (see mol_map row's note). TN_Layers_Network=0 is the paper's 'circuit only' baseline -- equivalent to plain VQE with this Hamiltonian encoding and no TN preprocessing. Cebule QASM_GEN basis-state-pair-grouping measurement scheme. Expected to require fewer or equal distinct circuits per iteration than plain 'pauli' measurement (that's QASM_GEN's whole purpose), but the exact circuit count is an output of a real QASM_GEN/TN_QC_OPT run, not predictable in advance -- see docs.mqs.dk QASM_GEN section.",,
1157,Li2,0,1,6,cc-pvdz,basis_set_exchange,tn_qc_opt+mol_map,,n/a,TN_QC_OPT (Cebule),COBYLA,,,1,1,full,pauli,,,,N_Qubit unknown: requires a real Cebule MOL_MAP run for this molecule/basis (see mol_map row's note). Standard per-Pauli-string measurement (baseline).,,
1158,Li2,0,1,6,cc-pvdz,basis_set_exchange,tn_qc_opt+mol_map,,n/a,TN_QC_OPT (Cebule),COBYLA,,,1,1,full,qasm_gen_grouped,,,,"N_Qubit unknown: requires a real Cebule MOL_MAP run for this molecule/basis (see mol_map row's note). Cebule QASM_GEN basis-state-pair-grouping measurement scheme. Expected to require fewer or equal distinct circuits per iteration than plain 'pauli' measurement (that's QASM_GEN's whole purpose), but the exact circuit count is an output of a real QASM_GEN/TN_QC_OPT run, not predictable in advance -- see docs.mqs.dk QASM_GEN section.",,
1159,Li2,0,1,6,cc-pvdz,basis_set_exchange,tn_qc_opt+mol_map,,n/a,TN_QC_OPT (Cebule),COBYLA,,,1,1,phase,pauli,,,,N_Qubit unknown: requires a real Cebule MOL_MAP run for this molecule/basis (see mol_map row's note). Standard per-Pauli-string measurement (baseline).,,
1160,Li2,0,1,6,cc-pvdz,basis_set_exchange,tn_qc_opt+mol_map,,n/a,TN_QC_OPT (Cebule),COBYLA,,,1,1,phase,qasm_gen_grouped,,,,"N_Qubit unknown: requires a real Cebule MOL_MAP run for this molecule/basis (see mol_map row's note). Cebule QASM_GEN basis-state-pair-grouping measurement scheme. Expected to require fewer or equal distinct circuits per iteration than plain 'pauli' measurement (that's QASM_GEN's whole purpose), but the exact circuit count is an output of a real QASM_GEN/TN_QC_OPT run, not predictable in advance -- see docs.mqs.dk QASM_GEN section.",,
1161,Li2,0,1,6,cc-pvdz,basis_set_exchange,tn_qc_opt+mol_map,,n/a,TN_QC_OPT (Cebule),COBYLA,,,1,2,full,pauli,,,,N_Qubit unknown: requires a real Cebule MOL_MAP run for this molecule/basis (see mol_map row's note). Standard per-Pauli-string measurement (baseline).,,
1162,Li2,0,1,6,cc-pvdz,basis_set_exchange,tn_qc_opt+mol_map,,n/a,TN_QC_OPT (Cebule),COBYLA,,,1,2,full,qasm_gen_grouped,,,,"N_Qubit unknown: requires a real Cebule MOL_MAP run for this molecule/basis (see mol_map row's note). Cebule QASM_GEN basis-state-pair-grouping measurement scheme. Expected to require fewer or equal distinct circuits per iteration than plain 'pauli' measurement (that's QASM_GEN's whole purpose), but the exact circuit count is an output of a real QASM_GEN/TN_QC_OPT run, not predictable in advance -- see docs.mqs.dk QASM_GEN section.",,
1163,Li2,0,1,6,cc-pvdz,basis_set_exchange,tn_qc_opt+mol_map,,n/a,TN_QC_OPT (Cebule),COBYLA,,,1,2,phase,pauli,,,,N_Qubit unknown: requires a real Cebule MOL_MAP run for this molecule/basis (see mol_map row's note). Standard per-Pauli-string measurement (baseline).,,
1164,Li2,0,1,6,cc-pvdz,basis_set_exchange,tn_qc_opt+mol_map,,n/a,TN_QC_OPT (Cebule),COBYLA,,,1,2,phase,qasm_gen_grouped,,,,"N_Qubit unknown: requires a real Cebule MOL_MAP run for this molecule/basis (see mol_map row's note). Cebule QASM_GEN basis-state-pair-grouping measurement scheme. Expected to require fewer or equal distinct circuits per iteration than plain 'pauli' measurement (that's QASM_GEN's whole purpose), but the exact circuit count is an output of a real QASM_GEN/TN_QC_OPT run, not predictable in advance -- see docs.mqs.dk QASM_GEN section.",,
1165,Li2,0,1,6,cc-pvdz,basis_set_exchange,tn_qc_opt+mol_map,,n/a,TN_QC_OPT (Cebule),COBYLA,,,1,3,full,pauli,,,,N_Qubit unknown: requires a real Cebule MOL_MAP run for this molecule/basis (see mol_map row's note). Standard per-Pauli-string measurement (baseline).,,
1166,Li2,0,1,6,cc-pvdz,basis_set_exchange,tn_qc_opt+mol_map,,n/a,TN_QC_OPT (Cebule),COBYLA,,,1,3,full,qasm_gen_grouped,,,,"N_Qubit unknown: requires a real Cebule MOL_MAP run for this molecule/basis (see mol_map row's note). Cebule QASM_GEN basis-state-pair-grouping measurement scheme. Expected to require fewer or equal distinct circuits per iteration than plain 'pauli' measurement (that's QASM_GEN's whole purpose), but the exact circuit count is an output of a real QASM_GEN/TN_QC_OPT run, not predictable in advance -- see docs.mqs.dk QASM_GEN section.",,
1167,Li2,0,1,6,cc-pvdz,basis_set_exchange,tn_qc_opt+mol_map,,n/a,TN_QC_OPT (Cebule),COBYLA,,,1,3,phase,pauli,,,,N_Qubit unknown: requires a real Cebule MOL_MAP run for this molecule/basis (see mol_map row's note). Standard per-Pauli-string measurement (baseline).,,
1168,Li2,0,1,6,cc-pvdz,basis_set_exchange,tn_qc_opt+mol_map,,n/a,TN_QC_OPT (Cebule),COBYLA,,,1,3,phase,qasm_gen_grouped,,,,"N_Qubit unknown: requires a real Cebule MOL_MAP run for this molecule/basis (see mol_map row's note). Cebule QASM_GEN basis-state-pair-grouping measurement scheme. Expected to require fewer or equal distinct circuits per iteration than plain 'pauli' measurement (that's QASM_GEN's whole purpose), but the exact circuit count is an output of a real QASM_GEN/TN_QC_OPT run, not predictable in advance -- see docs.mqs.dk QASM_GEN section.",,
1169,Li2,0,1,6,cc-pvdz,basis_set_exchange,tn_qc_opt+mol_map,,n/a,TN_QC_OPT (Cebule),COBYLA,,,1,4,full,pauli,,,,N_Qubit unknown: requires a real Cebule MOL_MAP run for this molecule/basis (see mol_map row's note). Standard per-Pauli-string measurement (baseline).,,
1170,Li2,0,1,6,cc-pvdz,basis_set_exchange,tn_qc_opt+mol_map,,n/a,TN_QC_OPT (Cebule),COBYLA,,,1,4,full,qasm_gen_grouped,,,,"N_Qubit unknown: requires a real Cebule MOL_MAP run for this molecule/basis (see mol_map row's note). Cebule QASM_GEN basis-state-pair-grouping measurement scheme. Expected to require fewer or equal distinct circuits per iteration than plain 'pauli' measurement (that's QASM_GEN's whole purpose), but the exact circuit count is an output of a real QASM_GEN/TN_QC_OPT run, not predictable in advance -- see docs.mqs.dk QASM_GEN section.",,
1171,Li2,0,1,6,cc-pvdz,basis_set_exchange,tn_qc_opt+mol_map,,n/a,TN_QC_OPT (Cebule),COBYLA,,,1,4,phase,pauli,,,,N_Qubit unknown: requires a real Cebule MOL_MAP run for this molecule/basis (see mol_map row's note). Standard per-Pauli-string measurement (baseline).,,
1172,Li2,0,1,6,cc-pvdz,basis_set_exchange,tn_qc_opt+mol_map,,n/a,TN_QC_OPT (Cebule),COBYLA,,,1,4,phase,qasm_gen_grouped,,,,"N_Qubit unknown: requires a real Cebule MOL_MAP run for this molecule/basis (see mol_map row's note). Cebule QASM_GEN basis-state-pair-grouping measurement scheme. Expected to require fewer or equal distinct circuits per iteration than plain 'pauli' measurement (that's QASM_GEN's whole purpose), but the exact circuit count is an output of a real QASM_GEN/TN_QC_OPT run, not predictable in advance -- see docs.mqs.dk QASM_GEN section.",,
1173,Li2,0,1,6,cc-pvdz,basis_set_exchange,tn_qc_opt+mol_map,,n/a,TN_QC_OPT (Cebule),COBYLA,,,2,1,full,pauli,,,,N_Qubit unknown: requires a real Cebule MOL_MAP run for this molecule/basis (see mol_map row's note). Standard per-Pauli-string measurement (baseline).,,
1174,Li2,0,1,6,cc-pvdz,basis_set_exchange,tn_qc_opt+mol_map,,n/a,TN_QC_OPT (Cebule),COBYLA,,,2,1,full,qasm_gen_grouped,,,,"N_Qubit unknown: requires a real Cebule MOL_MAP run for this molecule/basis (see mol_map row's note). Cebule QASM_GEN basis-state-pair-grouping measurement scheme. Expected to require fewer or equal distinct circuits per iteration than plain 'pauli' measurement (that's QASM_GEN's whole purpose), but the exact circuit count is an output of a real QASM_GEN/TN_QC_OPT run, not predictable in advance -- see docs.mqs.dk QASM_GEN section.",,
1175,Li2,0,1,6,cc-pvdz,basis_set_exchange,tn_qc_opt+mol_map,,n/a,TN_QC_OPT (Cebule),COBYLA,,,2,1,phase,pauli,,,,N_Qubit unknown: requires a real Cebule MOL_MAP run for this molecule/basis (see mol_map row's note). Standard per-Pauli-string measurement (baseline).,,
1176,Li2,0,1,6,cc-pvdz,basis_set_exchange,tn_qc_opt+mol_map,,n/a,TN_QC_OPT (Cebule),COBYLA,,,2,1,phase,qasm_gen_grouped,,,,"N_Qubit unknown: requires a real Cebule MOL_MAP run for this molecule/basis (see mol_map row's note). Cebule QASM_GEN basis-state-pair-grouping measurement scheme. Expected to require fewer or equal distinct circuits per iteration than plain 'pauli' measurement (that's QASM_GEN's whole purpose), but the exact circuit count is an output of a real QASM_GEN/TN_QC_OPT run, not predictable in advance -- see docs.mqs.dk QASM_GEN section.",,
1177,Li2,0,1,6,cc-pvdz,basis_set_exchange,tn_qc_opt+mol_map,,n/a,TN_QC_OPT (Cebule),COBYLA,,,2,2,full,pauli,,,,N_Qubit unknown: requires a real Cebule MOL_MAP run for this molecule/basis (see mol_map row's note). Standard per-Pauli-string measurement (baseline).,,
1178,Li2,0,1,6,cc-pvdz,basis_set_exchange,tn_qc_opt+mol_map,,n/a,TN_QC_OPT (Cebule),COBYLA,,,2,2,full,qasm_gen_grouped,,,,"N_Qubit unknown: requires a real Cebule MOL_MAP run for this molecule/basis (see mol_map row's note). Cebule QASM_GEN basis-state-pair-grouping measurement scheme. Expected to require fewer or equal distinct circuits per iteration than plain 'pauli' measurement (that's QASM_GEN's whole purpose), but the exact circuit count is an output of a real QASM_GEN/TN_QC_OPT run, not predictable in advance -- see docs.mqs.dk QASM_GEN section.",,
1179,Li2,0,1,6,cc-pvdz,basis_set_exchange,tn_qc_opt+mol_map,,n/a,TN_QC_OPT (Cebule),COBYLA,,,2,2,phase,pauli,,,,N_Qubit unknown: requires a real Cebule MOL_MAP run for this molecule/basis (see mol_map row's note). Standard per-Pauli-string measurement (baseline).,,
1180,Li2,0,1,6,cc-pvdz,basis_set_exchange,tn_qc_opt+mol_map,,n/a,TN_QC_OPT (Cebule),COBYLA,,,2,2,phase,qasm_gen_grouped,,,,"N_Qubit unknown: requires a real Cebule MOL_MAP run for this molecule/basis (see mol_map row's note). Cebule QASM_GEN basis-state-pair-grouping measurement scheme. Expected to require fewer or equal distinct circuits per iteration than plain 'pauli' measurement (that's QASM_GEN's whole purpose), but the exact circuit count is an output of a real QASM_GEN/TN_QC_OPT run, not predictable in advance -- see docs.mqs.dk QASM_GEN section.",,
1181,Li2,0,1,6,cc-pvdz,basis_set_exchange,tn_qc_opt+mol_map,,n/a,TN_QC_OPT (Cebule),COBYLA,,,2,3,full,pauli,,,,N_Qubit unknown: requires a real Cebule MOL_MAP run for this molecule/basis (see mol_map row's note). Standard per-Pauli-string measurement (baseline).,,
1182,Li2,0,1,6,cc-pvdz,basis_set_exchange,tn_qc_opt+mol_map,,n/a,TN_QC_OPT (Cebule),COBYLA,,,2,3,full,qasm_gen_grouped,,,,"N_Qubit unknown: requires a real Cebule MOL_MAP run for this molecule/basis (see mol_map row's note). Cebule QASM_GEN basis-state-pair-grouping measurement scheme. Expected to require fewer or equal distinct circuits per iteration than plain 'pauli' measurement (that's QASM_GEN's whole purpose), but the exact circuit count is an output of a real QASM_GEN/TN_QC_OPT run, not predictable in advance -- see docs.mqs.dk QASM_GEN section.",,
1183,Li2,0,1,6,cc-pvdz,basis_set_exchange,tn_qc_opt+mol_map,,n/a,TN_QC_OPT (Cebule),COBYLA,,,2,3,phase,pauli,,,,N_Qubit unknown: requires a real Cebule MOL_MAP run for this molecule/basis (see mol_map row's note). Standard per-Pauli-string measurement (baseline).,,
1184,Li2,0,1,6,cc-pvdz,basis_set_exchange,tn_qc_opt+mol_map,,n/a,TN_QC_OPT (Cebule),COBYLA,,,2,3,phase,qasm_gen_grouped,,,,"N_Qubit unknown: requires a real Cebule MOL_MAP run for this molecule/basis (see mol_map row's note). Cebule QASM_GEN basis-state-pair-grouping measurement scheme. Expected to require fewer or equal distinct circuits per iteration than plain 'pauli' measurement (that's QASM_GEN's whole purpose), but the exact circuit count is an output of a real QASM_GEN/TN_QC_OPT run, not predictable in advance -- see docs.mqs.dk QASM_GEN section.",,
1185,Li2,0,1,6,cc-pvdz,basis_set_exchange,tn_qc_opt+mol_map,,n/a,TN_QC_OPT (Cebule),COBYLA,,,2,4,full,pauli,,,,N_Qubit unknown: requires a real Cebule MOL_MAP run for this molecule/basis (see mol_map row's note). Standard per-Pauli-string measurement (baseline).,,
1186,Li2,0,1,6,cc-pvdz,basis_set_exchange,tn_qc_opt+mol_map,,n/a,TN_QC_OPT (Cebule),COBYLA,,,2,4,full,qasm_gen_grouped,,,,"N_Qubit unknown: requires a real Cebule MOL_MAP run for this molecule/basis (see mol_map row's note). Cebule QASM_GEN basis-state-pair-grouping measurement scheme. Expected to require fewer or equal distinct circuits per iteration than plain 'pauli' measurement (that's QASM_GEN's whole purpose), but the exact circuit count is an output of a real QASM_GEN/TN_QC_OPT run, not predictable in advance -- see docs.mqs.dk QASM_GEN section.",,
1187,Li2,0,1,6,cc-pvdz,basis_set_exchange,tn_qc_opt+mol_map,,n/a,TN_QC_OPT (Cebule),COBYLA,,,2,4,phase,pauli,,,,N_Qubit unknown: requires a real Cebule MOL_MAP run for this molecule/basis (see mol_map row's note). Standard per-Pauli-string measurement (baseline).,,
1188,Li2,0,1,6,cc-pvdz,basis_set_exchange,tn_qc_opt+mol_map,,n/a,TN_QC_OPT (Cebule),COBYLA,,,2,4,phase,qasm_gen_grouped,,,,"N_Qubit unknown: requires a real Cebule MOL_MAP run for this molecule/basis (see mol_map row's note). Cebule QASM_GEN basis-state-pair-grouping measurement scheme. Expected to require fewer or equal distinct circuits per iteration than plain 'pauli' measurement (that's QASM_GEN's whole purpose), but the exact circuit count is an output of a real QASM_GEN/TN_QC_OPT run, not predictable in advance -- see docs.mqs.dk QASM_GEN section.",,
1189,Li2,0,1,6,cc-pvdz,basis_set_exchange,tn_qc_opt+mol_map,,n/a,TN_QC_OPT (Cebule),COBYLA,,,3,1,full,pauli,,,,N_Qubit unknown: requires a real Cebule MOL_MAP run for this molecule/basis (see mol_map row's note). Standard per-Pauli-string measurement (baseline).,,
1190,Li2,0,1,6,cc-pvdz,basis_set_exchange,tn_qc_opt+mol_map,,n/a,TN_QC_OPT (Cebule),COBYLA,,,3,1,full,qasm_gen_grouped,,,,"N_Qubit unknown: requires a real Cebule MOL_MAP run for this molecule/basis (see mol_map row's note). Cebule QASM_GEN basis-state-pair-grouping measurement scheme. Expected to require fewer or equal distinct circuits per iteration than plain 'pauli' measurement (that's QASM_GEN's whole purpose), but the exact circuit count is an output of a real QASM_GEN/TN_QC_OPT run, not predictable in advance -- see docs.mqs.dk QASM_GEN section.",,
1191,Li2,0,1,6,cc-pvdz,basis_set_exchange,tn_qc_opt+mol_map,,n/a,TN_QC_OPT (Cebule),COBYLA,,,3,1,phase,pauli,,,,N_Qubit unknown: requires a real Cebule MOL_MAP run for this molecule/basis (see mol_map row's note). Standard per-Pauli-string measurement (baseline).,,
1192,Li2,0,1,6,cc-pvdz,basis_set_exchange,tn_qc_opt+mol_map,,n/a,TN_QC_OPT (Cebule),COBYLA,,,3,1,phase,qasm_gen_grouped,,,,"N_Qubit unknown: requires a real Cebule MOL_MAP run for this molecule/basis (see mol_map row's note). Cebule QASM_GEN basis-state-pair-grouping measurement scheme. Expected to require fewer or equal distinct circuits per iteration than plain 'pauli' measurement (that's QASM_GEN's whole purpose), but the exact circuit count is an output of a real QASM_GEN/TN_QC_OPT run, not predictable in advance -- see docs.mqs.dk QASM_GEN section.",,
1193,Li2,0,1,6,cc-pvdz,basis_set_exchange,tn_qc_opt+mol_map,,n/a,TN_QC_OPT (Cebule),COBYLA,,,3,2,full,pauli,,,,N_Qubit unknown: requires a real Cebule MOL_MAP run for this molecule/basis (see mol_map row's note). Standard per-Pauli-string measurement (baseline).,,
1194,Li2,0,1,6,cc-pvdz,basis_set_exchange,tn_qc_opt+mol_map,,n/a,TN_QC_OPT (Cebule),COBYLA,,,3,2,full,qasm_gen_grouped,,,,"N_Qubit unknown: requires a real Cebule MOL_MAP run for this molecule/basis (see mol_map row's note). Cebule QASM_GEN basis-state-pair-grouping measurement scheme. Expected to require fewer or equal distinct circuits per iteration than plain 'pauli' measurement (that's QASM_GEN's whole purpose), but the exact circuit count is an output of a real QASM_GEN/TN_QC_OPT run, not predictable in advance -- see docs.mqs.dk QASM_GEN section.",,
1195,Li2,0,1,6,cc-pvdz,basis_set_exchange,tn_qc_opt+mol_map,,n/a,TN_QC_OPT (Cebule),COBYLA,,,3,2,phase,pauli,,,,N_Qubit unknown: requires a real Cebule MOL_MAP run for this molecule/basis (see mol_map row's note). Standard per-Pauli-string measurement (baseline).,,
1196,Li2,0,1,6,cc-pvdz,basis_set_exchange,tn_qc_opt+mol_map,,n/a,TN_QC_OPT (Cebule),COBYLA,,,3,2,phase,qasm_gen_grouped,,,,"N_Qubit unknown: requires a real Cebule MOL_MAP run for this molecule/basis (see mol_map row's note). Cebule QASM_GEN basis-state-pair-grouping measurement scheme. Expected to require fewer or equal distinct circuits per iteration than plain 'pauli' measurement (that's QASM_GEN's whole purpose), but the exact circuit count is an output of a real QASM_GEN/TN_QC_OPT run, not predictable in advance -- see docs.mqs.dk QASM_GEN section.",,
1197,Li2,0,1,6,cc-pvdz,basis_set_exchange,tn_qc_opt+mol_map,,n/a,TN_QC_OPT (Cebule),COBYLA,,,3,3,full,pauli,,,,N_Qubit unknown: requires a real Cebule MOL_MAP run for this molecule/basis (see mol_map row's note). Standard per-Pauli-string measurement (baseline).,,
1198,Li2,0,1,6,cc-pvdz,basis_set_exchange,tn_qc_opt+mol_map,,n/a,TN_QC_OPT (Cebule),COBYLA,,,3,3,full,qasm_gen_grouped,,,,"N_Qubit unknown: requires a real Cebule MOL_MAP run for this molecule/basis (see mol_map row's note). Cebule QASM_GEN basis-state-pair-grouping measurement scheme. Expected to require fewer or equal distinct circuits per iteration than plain 'pauli' measurement (that's QASM_GEN's whole purpose), but the exact circuit count is an output of a real QASM_GEN/TN_QC_OPT run, not predictable in advance -- see docs.mqs.dk QASM_GEN section.",,
1199,Li2,0,1,6,cc-pvdz,basis_set_exchange,tn_qc_opt+mol_map,,n/a,TN_QC_OPT (Cebule),COBYLA,,,3,3,phase,pauli,,,,N_Qubit unknown: requires a real Cebule MOL_MAP run for this molecule/basis (see mol_map row's note). Standard per-Pauli-string measurement (baseline).,,
1200,Li2,0,1,6,cc-pvdz,basis_set_exchange,tn_qc_opt+mol_map,,n/a,TN_QC_OPT (Cebule),COBYLA,,,3,3,phase,qasm_gen_grouped,,,,"N_Qubit unknown: requires a real Cebule MOL_MAP run for this molecule/basis (see mol_map row's note). Cebule QASM_GEN basis-state-pair-grouping measurement scheme. Expected to require fewer or equal distinct circuits per iteration than plain 'pauli' measurement (that's QASM_GEN's whole purpose), but the exact circuit count is an output of a real QASM_GEN/TN_QC_OPT run, not predictable in advance -- see docs.mqs.dk QASM_GEN section.",,
1201,Li2,0,1,6,cc-pvdz,basis_set_exchange,tn_qc_opt+mol_map,,n/a,TN_QC_OPT (Cebule),COBYLA,,,3,4,full,pauli,,,,N_Qubit unknown: requires a real Cebule MOL_MAP run for this molecule/basis (see mol_map row's note). Standard per-Pauli-string measurement (baseline).,,
1202,Li2,0,1,6,cc-pvdz,basis_set_exchange,tn_qc_opt+mol_map,,n/a,TN_QC_OPT (Cebule),COBYLA,,,3,4,full,qasm_gen_grouped,,,,"N_Qubit unknown: requires a real Cebule MOL_MAP run for this molecule/basis (see mol_map row's note). Cebule QASM_GEN basis-state-pair-grouping measurement scheme. Expected to require fewer or equal distinct circuits per iteration than plain 'pauli' measurement (that's QASM_GEN's whole purpose), but the exact circuit count is an output of a real QASM_GEN/TN_QC_OPT run, not predictable in advance -- see docs.mqs.dk QASM_GEN section.",,
1203,Li2,0,1,6,cc-pvdz,basis_set_exchange,tn_qc_opt+mol_map,,n/a,TN_QC_OPT (Cebule),COBYLA,,,3,4,phase,pauli,,,,N_Qubit unknown: requires a real Cebule MOL_MAP run for this molecule/basis (see mol_map row's note). Standard per-Pauli-string measurement (baseline).,,
1204,Li2,0,1,6,cc-pvdz,basis_set_exchange,tn_qc_opt+mol_map,,n/a,TN_QC_OPT (Cebule),COBYLA,,,3,4,phase,qasm_gen_grouped,,,,"N_Qubit unknown: requires a real Cebule MOL_MAP run for this molecule/basis (see mol_map row's note). Cebule QASM_GEN basis-state-pair-grouping measurement scheme. Expected to require fewer or equal distinct circuits per iteration than plain 'pauli' measurement (that's QASM_GEN's whole purpose), but the exact circuit count is an output of a real QASM_GEN/TN_QC_OPT run, not predictable in advance -- see docs.mqs.dk QASM_GEN section.",,
1261,Li2,0,1,6,cc-pvtz,basis_set_exchange,tn_qc_opt+mol_map,,n/a,TN_QC_OPT (Cebule),COBYLA,,,0,1,n/a (no TN layers),pauli,,,,N_Qubit unknown: requires a real Cebule MOL_MAP run for this molecule/basis (see mol_map row's note). TN_Layers_Network=0 is the paper's 'circuit only' baseline -- equivalent to plain VQE with this Hamiltonian encoding and no TN preprocessing. Standard per-Pauli-string measurement (baseline).,,
1262,Li2,0,1,6,cc-pvtz,basis_set_exchange,tn_qc_opt+mol_map,,n/a,TN_QC_OPT (Cebule),COBYLA,,,0,1,n/a (no TN layers),qasm_gen_grouped,,,,"N_Qubit unknown: requires a real Cebule MOL_MAP run for this molecule/basis (see mol_map row's note). TN_Layers_Network=0 is the paper's 'circuit only' baseline -- equivalent to plain VQE with this Hamiltonian encoding and no TN preprocessing. Cebule QASM_GEN basis-state-pair-grouping measurement scheme. Expected to require fewer or equal distinct circuits per iteration than plain 'pauli' measurement (that's QASM_GEN's whole purpose), but the exact circuit count is an output of a real QASM_GEN/TN_QC_OPT run, not predictable in advance -- see docs.mqs.dk QASM_GEN section.",,
1263,Li2,0,1,6,cc-pvtz,basis_set_exchange,tn_qc_opt+mol_map,,n/a,TN_QC_OPT (Cebule),COBYLA,,,0,2,n/a (no TN layers),pauli,,,,N_Qubit unknown: requires a real Cebule MOL_MAP run for this molecule/basis (see mol_map row's note). TN_Layers_Network=0 is the paper's 'circuit only' baseline -- equivalent to plain VQE with this Hamiltonian encoding and no TN preprocessing. Standard per-Pauli-string measurement (baseline).,,
1264,Li2,0,1,6,cc-pvtz,basis_set_exchange,tn_qc_opt+mol_map,,n/a,TN_QC_OPT (Cebule),COBYLA,,,0,2,n/a (no TN layers),qasm_gen_grouped,,,,"N_Qubit unknown: requires a real Cebule MOL_MAP run for this molecule/basis (see mol_map row's note). TN_Layers_Network=0 is the paper's 'circuit only' baseline -- equivalent to plain VQE with this Hamiltonian encoding and no TN preprocessing. Cebule QASM_GEN basis-state-pair-grouping measurement scheme. Expected to require fewer or equal distinct circuits per iteration than plain 'pauli' measurement (that's QASM_GEN's whole purpose), but the exact circuit count is an output of a real QASM_GEN/TN_QC_OPT run, not predictable in advance -- see docs.mqs.dk QASM_GEN section.",,
1265,Li2,0,1,6,cc-pvtz,basis_set_exchange,tn_qc_opt+mol_map,,n/a,TN_QC_OPT (Cebule),COBYLA,,,0,3,n/a (no TN layers),pauli,,,,N_Qubit unknown: requires a real Cebule MOL_MAP run for this molecule/basis (see mol_map row's note). TN_Layers_Network=0 is the paper's 'circuit only' baseline -- equivalent to plain VQE with this Hamiltonian encoding and no TN preprocessing. Standard per-Pauli-string measurement (baseline).,,
1266,Li2,0,1,6,cc-pvtz,basis_set_exchange,tn_qc_opt+mol_map,,n/a,TN_QC_OPT (Cebule),COBYLA,,,0,3,n/a (no TN layers),qasm_gen_grouped,,,,"N_Qubit unknown: requires a real Cebule MOL_MAP run for this molecule/basis (see mol_map row's note). TN_Layers_Network=0 is the paper's 'circuit only' baseline -- equivalent to plain VQE with this Hamiltonian encoding and no TN preprocessing. Cebule QASM_GEN basis-state-pair-grouping measurement scheme. Expected to require fewer or equal distinct circuits per iteration than plain 'pauli' measurement (that's QASM_GEN's whole purpose), but the exact circuit count is an output of a real QASM_GEN/TN_QC_OPT run, not predictable in advance -- see docs.mqs.dk QASM_GEN section.",,
1267,Li2,0,1,6,cc-pvtz,basis_set_exchange,tn_qc_opt+mol_map,,n/a,TN_QC_OPT (Cebule),COBYLA,,,0,4,n/a (no TN layers),pauli,,,,N_Qubit unknown: requires a real Cebule MOL_MAP run for this molecule/basis (see mol_map row's note). TN_Layers_Network=0 is the paper's 'circuit only' baseline -- equivalent to plain VQE with this Hamiltonian encoding and no TN preprocessing. Standard per-Pauli-string measurement (baseline).,,
1268,Li2,0,1,6,cc-pvtz,basis_set_exchange,tn_qc_opt+mol_map,,n/a,TN_QC_OPT (Cebule),COBYLA,,,0,4,n/a (no TN layers),qasm_gen_grouped,,,,"N_Qubit unknown: requires a real Cebule MOL_MAP run for this molecule/basis (see mol_map row's note). TN_Layers_Network=0 is the paper's 'circuit only' baseline -- equivalent to plain VQE with this Hamiltonian encoding and no TN preprocessing. Cebule QASM_GEN basis-state-pair-grouping measurement scheme. Expected to require fewer or equal distinct circuits per iteration than plain 'pauli' measurement (that's QASM_GEN's whole purpose), but the exact circuit count is an output of a real QASM_GEN/TN_QC_OPT run, not predictable in advance -- see docs.mqs.dk QASM_GEN section.",,
1269,Li2,0,1,6,cc-pvtz,basis_set_exchange,tn_qc_opt+mol_map,,n/a,TN_QC_OPT (Cebule),COBYLA,,,1,1,full,pauli,,,,N_Qubit unknown: requires a real Cebule MOL_MAP run for this molecule/basis (see mol_map row's note). Standard per-Pauli-string measurement (baseline).,,
1270,Li2,0,1,6,cc-pvtz,basis_set_exchange,tn_qc_opt+mol_map,,n/a,TN_QC_OPT (Cebule),COBYLA,,,1,1,full,qasm_gen_grouped,,,,"N_Qubit unknown: requires a real Cebule MOL_MAP run for this molecule/basis (see mol_map row's note). Cebule QASM_GEN basis-state-pair-grouping measurement scheme. Expected to require fewer or equal distinct circuits per iteration than plain 'pauli' measurement (that's QASM_GEN's whole purpose), but the exact circuit count is an output of a real QASM_GEN/TN_QC_OPT run, not predictable in advance -- see docs.mqs.dk QASM_GEN section.",,
1271,Li2,0,1,6,cc-pvtz,basis_set_exchange,tn_qc_opt+mol_map,,n/a,TN_QC_OPT (Cebule),COBYLA,,,1,1,phase,pauli,,,,N_Qubit unknown: requires a real Cebule MOL_MAP run for this molecule/basis (see mol_map row's note). Standard per-Pauli-string measurement (baseline).,,
1272,Li2,0,1,6,cc-pvtz,basis_set_exchange,tn_qc_opt+mol_map,,n/a,TN_QC_OPT (Cebule),COBYLA,,,1,1,phase,qasm_gen_grouped,,,,"N_Qubit unknown: requires a real Cebule MOL_MAP run for this molecule/basis (see mol_map row's note). Cebule QASM_GEN basis-state-pair-grouping measurement scheme. Expected to require fewer or equal distinct circuits per iteration than plain 'pauli' measurement (that's QASM_GEN's whole purpose), but the exact circuit count is an output of a real QASM_GEN/TN_QC_OPT run, not predictable in advance -- see docs.mqs.dk QASM_GEN section.",,
1273,Li2,0,1,6,cc-pvtz,basis_set_exchange,tn_qc_opt+mol_map,,n/a,TN_QC_OPT (Cebule),COBYLA,,,1,2,full,pauli,,,,N_Qubit unknown: requires a real Cebule MOL_MAP run for this molecule/basis (see mol_map row's note). Standard per-Pauli-string measurement (baseline).,,
1274,Li2,0,1,6,cc-pvtz,basis_set_exchange,tn_qc_opt+mol_map,,n/a,TN_QC_OPT (Cebule),COBYLA,,,1,2,full,qasm_gen_grouped,,,,"N_Qubit unknown: requires a real Cebule MOL_MAP run for this molecule/basis (see mol_map row's note). Cebule QASM_GEN basis-state-pair-grouping measurement scheme. Expected to require fewer or equal distinct circuits per iteration than plain 'pauli' measurement (that's QASM_GEN's whole purpose), but the exact circuit count is an output of a real QASM_GEN/TN_QC_OPT run, not predictable in advance -- see docs.mqs.dk QASM_GEN section.",,
1275,Li2,0,1,6,cc-pvtz,basis_set_exchange,tn_qc_opt+mol_map,,n/a,TN_QC_OPT (Cebule),COBYLA,,,1,2,phase,pauli,,,,N_Qubit unknown: requires a real Cebule MOL_MAP run for this molecule/basis (see mol_map row's note). Standard per-Pauli-string measurement (baseline).,,
1276,Li2,0,1,6,cc-pvtz,basis_set_exchange,tn_qc_opt+mol_map,,n/a,TN_QC_OPT (Cebule),COBYLA,,,1,2,phase,qasm_gen_grouped,,,,"N_Qubit unknown: requires a real Cebule MOL_MAP run for this molecule/basis (see mol_map row's note). Cebule QASM_GEN basis-state-pair-grouping measurement scheme. Expected to require fewer or equal distinct circuits per iteration than plain 'pauli' measurement (that's QASM_GEN's whole purpose), but the exact circuit count is an output of a real QASM_GEN/TN_QC_OPT run, not predictable in advance -- see docs.mqs.dk QASM_GEN section.",,
1277,Li2,0,1,6,cc-pvtz,basis_set_exchange,tn_qc_opt+mol_map,,n/a,TN_QC_OPT (Cebule),COBYLA,,,1,3,full,pauli,,,,N_Qubit unknown: requires a real Cebule MOL_MAP run for this molecule/basis (see mol_map row's note). Standard per-Pauli-string measurement (baseline).,,
1278,Li2,0,1,6,cc-pvtz,basis_set_exchange,tn_qc_opt+mol_map,,n/a,TN_QC_OPT (Cebule),COBYLA,,,1,3,full,qasm_gen_grouped,,,,"N_Qubit unknown: requires a real Cebule MOL_MAP run for this molecule/basis (see mol_map row's note). Cebule QASM_GEN basis-state-pair-grouping measurement scheme. Expected to require fewer or equal distinct circuits per iteration than plain 'pauli' measurement (that's QASM_GEN's whole purpose), but the exact circuit count is an output of a real QASM_GEN/TN_QC_OPT run, not predictable in advance -- see docs.mqs.dk QASM_GEN section.",,
1279,Li2,0,1,6,cc-pvtz,basis_set_exchange,tn_qc_opt+mol_map,,n/a,TN_QC_OPT (Cebule),COBYLA,,,1,3,phase,pauli,,,,N_Qubit unknown: requires a real Cebule MOL_MAP run for this molecule/basis (see mol_map row's note). Standard per-Pauli-string measurement (baseline).,,
1280,Li2,0,1,6,cc-pvtz,basis_set_exchange,tn_qc_opt+mol_map,,n/a,TN_QC_OPT (Cebule),COBYLA,,,1,3,phase,qasm_gen_grouped,,,,"N_Qubit unknown: requires a real Cebule MOL_MAP run for this molecule/basis (see mol_map row's note). Cebule QASM_GEN basis-state-pair-grouping measurement scheme. Expected to require fewer or equal distinct circuits per iteration than plain 'pauli' measurement (that's QASM_GEN's whole purpose), but the exact circuit count is an output of a real QASM_GEN/TN_QC_OPT run, not predictable in advance -- see docs.mqs.dk QASM_GEN section.",,
1281,Li2,0,1,6,cc-pvtz,basis_set_exchange,tn_qc_opt+mol_map,,n/a,TN_QC_OPT (Cebule),COBYLA,,,1,4,full,pauli,,,,N_Qubit unknown: requires a real Cebule MOL_MAP run for this molecule/basis (see mol_map row's note). Standard per-Pauli-string measurement (baseline).,,
1282,Li2,0,1,6,cc-pvtz,basis_set_exchange,tn_qc_opt+mol_map,,n/a,TN_QC_OPT (Cebule),COBYLA,,,1,4,full,qasm_gen_grouped,,,,"N_Qubit unknown: requires a real Cebule MOL_MAP run for this molecule/basis (see mol_map row's note). Cebule QASM_GEN basis-state-pair-grouping measurement scheme. Expected to require fewer or equal distinct circuits per iteration than plain 'pauli' measurement (that's QASM_GEN's whole purpose), but the exact circuit count is an output of a real QASM_GEN/TN_QC_OPT run, not predictable in advance -- see docs.mqs.dk QASM_GEN section.",,
1283,Li2,0,1,6,cc-pvtz,basis_set_exchange,tn_qc_opt+mol_map,,n/a,TN_QC_OPT (Cebule),COBYLA,,,1,4,phase,pauli,,,,N_Qubit unknown: requires a real Cebule MOL_MAP run for this molecule/basis (see mol_map row's note). Standard per-Pauli-string measurement (baseline).,,
1284,Li2,0,1,6,cc-pvtz,basis_set_exchange,tn_qc_opt+mol_map,,n/a,TN_QC_OPT (Cebule),COBYLA,,,1,4,phase,qasm_gen_grouped,,,,"N_Qubit unknown: requires a real Cebule MOL_MAP run for this molecule/basis (see mol_map row's note). Cebule QASM_GEN basis-state-pair-grouping measurement scheme. Expected to require fewer or equal distinct circuits per iteration than plain 'pauli' measurement (that's QASM_GEN's whole purpose), but the exact circuit count is an output of a real QASM_GEN/TN_QC_OPT run, not predictable in advance -- see docs.mqs.dk QASM_GEN section.",,
1285,Li2,0,1,6,cc-pvtz,basis_set_exchange,tn_qc_opt+mol_map,,n/a,TN_QC_OPT (Cebule),COBYLA,,,2,1,full,pauli,,,,N_Qubit unknown: requires a real Cebule MOL_MAP run for this molecule/basis (see mol_map row's note). Standard per-Pauli-string measurement (baseline).,,
1286,Li2,0,1,6,cc-pvtz,basis_set_exchange,tn_qc_opt+mol_map,,n/a,TN_QC_OPT (Cebule),COBYLA,,,2,1,full,qasm_gen_grouped,,,,"N_Qubit unknown: requires a real Cebule MOL_MAP run for this molecule/basis (see mol_map row's note). Cebule QASM_GEN basis-state-pair-grouping measurement scheme. Expected to require fewer or equal distinct circuits per iteration than plain 'pauli' measurement (that's QASM_GEN's whole purpose), but the exact circuit count is an output of a real QASM_GEN/TN_QC_OPT run, not predictable in advance -- see docs.mqs.dk QASM_GEN section.",,
1287,Li2,0,1,6,cc-pvtz,basis_set_exchange,tn_qc_opt+mol_map,,n/a,TN_QC_OPT (Cebule),COBYLA,,,2,1,phase,pauli,,,,N_Qubit unknown: requires a real Cebule MOL_MAP run for this molecule/basis (see mol_map row's note). Standard per-Pauli-string measurement (baseline).,,
1288,Li2,0,1,6,cc-pvtz,basis_set_exchange,tn_qc_opt+mol_map,,n/a,TN_QC_OPT (Cebule),COBYLA,,,2,1,phase,qasm_gen_grouped,,,,"N_Qubit unknown: requires a real Cebule MOL_MAP run for this molecule/basis (see mol_map row's note). Cebule QASM_GEN basis-state-pair-grouping measurement scheme. Expected to require fewer or equal distinct circuits per iteration than plain 'pauli' measurement (that's QASM_GEN's whole purpose), but the exact circuit count is an output of a real QASM_GEN/TN_QC_OPT run, not predictable in advance -- see docs.mqs.dk QASM_GEN section.",,
1289,Li2,0,1,6,cc-pvtz,basis_set_exchange,tn_qc_opt+mol_map,,n/a,TN_QC_OPT (Cebule),COBYLA,,,2,2,full,pauli,,,,N_Qubit unknown: requires a real Cebule MOL_MAP run for this molecule/basis (see mol_map row's note). Standard per-Pauli-string measurement (baseline).,,
1290,Li2,0,1,6,cc-pvtz,basis_set_exchange,tn_qc_opt+mol_map,,n/a,TN_QC_OPT (Cebule),COBYLA,,,2,2,full,qasm_gen_grouped,,,,"N_Qubit unknown: requires a real Cebule MOL_MAP run for this molecule/basis (see mol_map row's note). Cebule QASM_GEN basis-state-pair-grouping measurement scheme. Expected to require fewer or equal distinct circuits per iteration than plain 'pauli' measurement (that's QASM_GEN's whole purpose), but the exact circuit count is an output of a real QASM_GEN/TN_QC_OPT run, not predictable in advance -- see docs.mqs.dk QASM_GEN section.",,
1291,Li2,0,1,6,cc-pvtz,basis_set_exchange,tn_qc_opt+mol_map,,n/a,TN_QC_OPT (Cebule),COBYLA,,,2,2,phase,pauli,,,,N_Qubit unknown: requires a real Cebule MOL_MAP run for this molecule/basis (see mol_map row's note). Standard per-Pauli-string measurement (baseline).,,
1292,Li2,0,1,6,cc-pvtz,basis_set_exchange,tn_qc_opt+mol_map,,n/a,TN_QC_OPT (Cebule),COBYLA,,,2,2,phase,qasm_gen_grouped,,,,"N_Qubit unknown: requires a real Cebule MOL_MAP run for this molecule/basis (see mol_map row's note). Cebule QASM_GEN basis-state-pair-grouping measurement scheme. Expected to require fewer or equal distinct circuits per iteration than plain 'pauli' measurement (that's QASM_GEN's whole purpose), but the exact circuit count is an output of a real QASM_GEN/TN_QC_OPT run, not predictable in advance -- see docs.mqs.dk QASM_GEN section.",,
1293,Li2,0,1,6,cc-pvtz,basis_set_exchange,tn_qc_opt+mol_map,,n/a,TN_QC_OPT (Cebule),COBYLA,,,2,3,full,pauli,,,,N_Qubit unknown: requires a real Cebule MOL_MAP run for this molecule/basis (see mol_map row's note). Standard per-Pauli-string measurement (baseline).,,
1294,Li2,0,1,6,cc-pvtz,basis_set_exchange,tn_qc_opt+mol_map,,n/a,TN_QC_OPT (Cebule),COBYLA,,,2,3,full,qasm_gen_grouped,,,,"N_Qubit unknown: requires a real Cebule MOL_MAP run for this molecule/basis (see mol_map row's note). Cebule QASM_GEN basis-state-pair-grouping measurement scheme. Expected to require fewer or equal distinct circuits per iteration than plain 'pauli' measurement (that's QASM_GEN's whole purpose), but the exact circuit count is an output of a real QASM_GEN/TN_QC_OPT run, not predictable in advance -- see docs.mqs.dk QASM_GEN section.",,
1295,Li2,0,1,6,cc-pvtz,basis_set_exchange,tn_qc_opt+mol_map,,n/a,TN_QC_OPT (Cebule),COBYLA,,,2,3,phase,pauli,,,,N_Qubit unknown: requires a real Cebule MOL_MAP run for this molecule/basis (see mol_map row's note). Standard per-Pauli-string measurement (baseline).,,
1296,Li2,0,1,6,cc-pvtz,basis_set_exchange,tn_qc_opt+mol_map,,n/a,TN_QC_OPT (Cebule),COBYLA,,,2,3,phase,qasm_gen_grouped,,,,"N_Qubit unknown: requires a real Cebule MOL_MAP run for this molecule/basis (see mol_map row's note). Cebule QASM_GEN basis-state-pair-grouping measurement scheme. Expected to require fewer or equal distinct circuits per iteration than plain 'pauli' measurement (that's QASM_GEN's whole purpose), but the exact circuit count is an output of a real QASM_GEN/TN_QC_OPT run, not predictable in advance -- see docs.mqs.dk QASM_GEN section.",,
1297,Li2,0,1,6,cc-pvtz,basis_set_exchange,tn_qc_opt+mol_map,,n/a,TN_QC_OPT (Cebule),COBYLA,,,2,4,full,pauli,,,,N_Qubit unknown: requires a real Cebule MOL_MAP run for this molecule/basis (see mol_map row's note). Standard per-Pauli-string measurement (baseline).,,
1298,Li2,0,1,6,cc-pvtz,basis_set_exchange,tn_qc_opt+mol_map,,n/a,TN_QC_OPT (Cebule),COBYLA,,,2,4,full,qasm_gen_grouped,,,,"N_Qubit unknown: requires a real Cebule MOL_MAP run for this molecule/basis (see mol_map row's note). Cebule QASM_GEN basis-state-pair-grouping measurement scheme. Expected to require fewer or equal distinct circuits per iteration than plain 'pauli' measurement (that's QASM_GEN's whole purpose), but the exact circuit count is an output of a real QASM_GEN/TN_QC_OPT run, not predictable in advance -- see docs.mqs.dk QASM_GEN section.",,
1299,Li2,0,1,6,cc-pvtz,basis_set_exchange,tn_qc_opt+mol_map,,n/a,TN_QC_OPT (Cebule),COBYLA,,,2,4,phase,pauli,,,,N_Qubit unknown: requires a real Cebule MOL_MAP run for this molecule/basis (see mol_map row's note). Standard per-Pauli-string measurement (baseline).,,
1300,Li2,0,1,6,cc-pvtz,basis_set_exchange,tn_qc_opt+mol_map,,n/a,TN_QC_OPT (Cebule),COBYLA,,,2,4,phase,qasm_gen_grouped,,,,"N_Qubit unknown: requires a real Cebule MOL_MAP run for this molecule/basis (see mol_map row's note). Cebule QASM_GEN basis-state-pair-grouping measurement scheme. Expected to require fewer or equal distinct circuits per iteration than plain 'pauli' measurement (that's QASM_GEN's whole purpose), but the exact circuit count is an output of a real QASM_GEN/TN_QC_OPT run, not predictable in advance -- see docs.mqs.dk QASM_GEN section.",,
1301,Li2,0,1,6,cc-pvtz,basis_set_exchange,tn_qc_opt+mol_map,,n/a,TN_QC_OPT (Cebule),COBYLA,,,3,1,full,pauli,,,,N_Qubit unknown: requires a real Cebule MOL_MAP run for this molecule/basis (see mol_map row's note). Standard per-Pauli-string measurement (baseline).,,
1302,Li2,0,1,6,cc-pvtz,basis_set_exchange,tn_qc_opt+mol_map,,n/a,TN_QC_OPT (Cebule),COBYLA,,,3,1,full,qasm_gen_grouped,,,,"N_Qubit unknown: requires a real Cebule MOL_MAP run for this molecule/basis (see mol_map row's note). Cebule QASM_GEN basis-state-pair-grouping measurement scheme. Expected to require fewer or equal distinct circuits per iteration than plain 'pauli' measurement (that's QASM_GEN's whole purpose), but the exact circuit count is an output of a real QASM_GEN/TN_QC_OPT run, not predictable in advance -- see docs.mqs.dk QASM_GEN section.",,
1303,Li2,0,1,6,cc-pvtz,basis_set_exchange,tn_qc_opt+mol_map,,n/a,TN_QC_OPT (Cebule),COBYLA,,,3,1,phase,pauli,,,,N_Qubit unknown: requires a real Cebule MOL_MAP run for this molecule/basis (see mol_map row's note). Standard per-Pauli-string measurement (baseline).,,
1304,Li2,0,1,6,cc-pvtz,basis_set_exchange,tn_qc_opt+mol_map,,n/a,TN_QC_OPT (Cebule),COBYLA,,,3,1,phase,qasm_gen_grouped,,,,"N_Qubit unknown: requires a real Cebule MOL_MAP run for this molecule/basis (see mol_map row's note). Cebule QASM_GEN basis-state-pair-grouping measurement scheme. Expected to require fewer or equal distinct circuits per iteration than plain 'pauli' measurement (that's QASM_GEN's whole purpose), but the exact circuit count is an output of a real QASM_GEN/TN_QC_OPT run, not predictable in advance -- see docs.mqs.dk QASM_GEN section.",,
1305,Li2,0,1,6,cc-pvtz,basis_set_exchange,tn_qc_opt+mol_map,,n/a,TN_QC_OPT (Cebule),COBYLA,,,3,2,full,pauli,,,,N_Qubit unknown: requires a real Cebule MOL_MAP run for this molecule/basis (see mol_map row's note). Standard per-Pauli-string measurement (baseline).,,
1306,Li2,0,1,6,cc-pvtz,basis_set_exchange,tn_qc_opt+mol_map,,n/a,TN_QC_OPT (Cebule),COBYLA,,,3,2,full,qasm_gen_grouped,,,,"N_Qubit unknown: requires a real Cebule MOL_MAP run for this molecule/basis (see mol_map row's note). Cebule QASM_GEN basis-state-pair-grouping measurement scheme. Expected to require fewer or equal distinct circuits per iteration than plain 'pauli' measurement (that's QASM_GEN's whole purpose), but the exact circuit count is an output of a real QASM_GEN/TN_QC_OPT run, not predictable in advance -- see docs.mqs.dk QASM_GEN section.",,
1307,Li2,0,1,6,cc-pvtz,basis_set_exchange,tn_qc_opt+mol_map,,n/a,TN_QC_OPT (Cebule),COBYLA,,,3,2,phase,pauli,,,,N_Qubit unknown: requires a real Cebule MOL_MAP run for this molecule/basis (see mol_map row's note). Standard per-Pauli-string measurement (baseline).,,
1308,Li2,0,1,6,cc-pvtz,basis_set_exchange,tn_qc_opt+mol_map,,n/a,TN_QC_OPT (Cebule),COBYLA,,,3,2,phase,qasm_gen_grouped,,,,"N_Qubit unknown: requires a real Cebule MOL_MAP run for this molecule/basis (see mol_map row's note). Cebule QASM_GEN basis-state-pair-grouping measurement scheme. Expected to require fewer or equal distinct circuits per iteration than plain 'pauli' measurement (that's QASM_GEN's whole purpose), but the exact circuit count is an output of a real QASM_GEN/TN_QC_OPT run, not predictable in advance -- see docs.mqs.dk QASM_GEN section.",,
1309,Li2,0,1,6,cc-pvtz,basis_set_exchange,tn_qc_opt+mol_map,,n/a,TN_QC_OPT (Cebule),COBYLA,,,3,3,full,pauli,,,,N_Qubit unknown: requires a real Cebule MOL_MAP run for this molecule/basis (see mol_map row's note). Standard per-Pauli-string measurement (baseline).,,
1310,Li2,0,1,6,cc-pvtz,basis_set_exchange,tn_qc_opt+mol_map,,n/a,TN_QC_OPT (Cebule),COBYLA,,,3,3,full,qasm_gen_grouped,,,,"N_Qubit unknown: requires a real Cebule MOL_MAP run for this molecule/basis (see mol_map row's note). Cebule QASM_GEN basis-state-pair-grouping measurement scheme. Expected to require fewer or equal distinct circuits per iteration than plain 'pauli' measurement (that's QASM_GEN's whole purpose), but the exact circuit count is an output of a real QASM_GEN/TN_QC_OPT run, not predictable in advance -- see docs.mqs.dk QASM_GEN section.",,
1311,Li2,0,1,6,cc-pvtz,basis_set_exchange,tn_qc_opt+mol_map,,n/a,TN_QC_OPT (Cebule),COBYLA,,,3,3,phase,pauli,,,,N_Qubit unknown: requires a real Cebule MOL_MAP run for this molecule/basis (see mol_map row's note). Standard per-Pauli-string measurement (baseline).,,
1312,Li2,0,1,6,cc-pvtz,basis_set_exchange,tn_qc_opt+mol_map,,n/a,TN_QC_OPT (Cebule),COBYLA,,,3,3,phase,qasm_gen_grouped,,,,"N_Qubit unknown: requires a real Cebule MOL_MAP run for this molecule/basis (see mol_map row's note). Cebule QASM_GEN basis-state-pair-grouping measurement scheme. Expected to require fewer or equal distinct circuits per iteration than plain 'pauli' measurement (that's QASM_GEN's whole purpose), but the exact circuit count is an output of a real QASM_GEN/TN_QC_OPT run, not predictable in advance -- see docs.mqs.dk QASM_GEN section.",,
1313,Li2,0,1,6,cc-pvtz,basis_set_exchange,tn_qc_opt+mol_map,,n/a,TN_QC_OPT (Cebule),COBYLA,,,3,4,full,pauli,,,,N_Qubit unknown: requires a real Cebule MOL_MAP run for this molecule/basis (see mol_map row's note). Standard per-Pauli-string measurement (baseline).,,
1314,Li2,0,1,6,cc-pvtz,basis_set_exchange,tn_qc_opt+mol_map,,n/a,TN_QC_OPT (Cebule),COBYLA,,,3,4,full,qasm_gen_grouped,,,,"N_Qubit unknown: requires a real Cebule MOL_MAP run for this molecule/basis (see mol_map row's note). Cebule QASM_GEN basis-state-pair-grouping measurement scheme. Expected to require fewer or equal distinct circuits per iteration than plain 'pauli' measurement (that's QASM_GEN's whole purpose), but the exact circuit count is an output of a real QASM_GEN/TN_QC_OPT run, not predictable in advance -- see docs.mqs.dk QASM_GEN section.",,
1315,Li2,0,1,6,cc-pvtz,basis_set_exchange,tn_qc_opt+mol_map,,n/a,TN_QC_OPT (Cebule),COBYLA,,,3,4,phase,pauli,,,,N_Qubit unknown: requires a real Cebule MOL_MAP run for this molecule/basis (see mol_map row's note). Standard per-Pauli-string measurement (baseline).,,
1316,Li2,0,1,6,cc-pvtz,basis_set_exchange,tn_qc_opt+mol_map,,n/a,TN_QC_OPT (Cebule),COBYLA,,,3,4,phase,qasm_gen_grouped,,,,"N_Qubit unknown: requires a real Cebule MOL_MAP run for this molecule/basis (see mol_map row's note). Cebule QASM_GEN basis-state-pair-grouping measurement scheme. Expected to require fewer or equal distinct circuits per iteration than plain 'pauli' measurement (that's QASM_GEN's whole purpose), but the exact circuit count is an output of a real QASM_GEN/TN_QC_OPT run, not predictable in advance -- see docs.mqs.dk QASM_GEN section.",,
1373,Li2,0,1,6,def2-svp,basis_set_exchange,tn_qc_opt+mol_map,,n/a,TN_QC_OPT (Cebule),COBYLA,,,0,1,n/a (no TN layers),pauli,,,,N_Qubit unknown: requires a real Cebule MOL_MAP run for this molecule/basis (see mol_map row's note). TN_Layers_Network=0 is the paper's 'circuit only' baseline -- equivalent to plain VQE with this Hamiltonian encoding and no TN preprocessing. Standard per-Pauli-string measurement (baseline).,,
1374,Li2,0,1,6,def2-svp,basis_set_exchange,tn_qc_opt+mol_map,,n/a,TN_QC_OPT (Cebule),COBYLA,,,0,1,n/a (no TN layers),qasm_gen_grouped,,,,"N_Qubit unknown: requires a real Cebule MOL_MAP run for this molecule/basis (see mol_map row's note). TN_Layers_Network=0 is the paper's 'circuit only' baseline -- equivalent to plain VQE with this Hamiltonian encoding and no TN preprocessing. Cebule QASM_GEN basis-state-pair-grouping measurement scheme. Expected to require fewer or equal distinct circuits per iteration than plain 'pauli' measurement (that's QASM_GEN's whole purpose), but the exact circuit count is an output of a real QASM_GEN/TN_QC_OPT run, not predictable in advance -- see docs.mqs.dk QASM_GEN section.",,
1375,Li2,0,1,6,def2-svp,basis_set_exchange,tn_qc_opt+mol_map,,n/a,TN_QC_OPT (Cebule),COBYLA,,,0,2,n/a (no TN layers),pauli,,,,N_Qubit unknown: requires a real Cebule MOL_MAP run for this molecule/basis (see mol_map row's note). TN_Layers_Network=0 is the paper's 'circuit only' baseline -- equivalent to plain VQE with this Hamiltonian encoding and no TN preprocessing. Standard per-Pauli-string measurement (baseline).,,
1376,Li2,0,1,6,def2-svp,basis_set_exchange,tn_qc_opt+mol_map,,n/a,TN_QC_OPT (Cebule),COBYLA,,,0,2,n/a (no TN layers),qasm_gen_grouped,,,,"N_Qubit unknown: requires a real Cebule MOL_MAP run for this molecule/basis (see mol_map row's note). TN_Layers_Network=0 is the paper's 'circuit only' baseline -- equivalent to plain VQE with this Hamiltonian encoding and no TN preprocessing. Cebule QASM_GEN basis-state-pair-grouping measurement scheme. Expected to require fewer or equal distinct circuits per iteration than plain 'pauli' measurement (that's QASM_GEN's whole purpose), but the exact circuit count is an output of a real QASM_GEN/TN_QC_OPT run, not predictable in advance -- see docs.mqs.dk QASM_GEN section.",,
1377,Li2,0,1,6,def2-svp,basis_set_exchange,tn_qc_opt+mol_map,,n/a,TN_QC_OPT (Cebule),COBYLA,,,0,3,n/a (no TN layers),pauli,,,,N_Qubit unknown: requires a real Cebule MOL_MAP run for this molecule/basis (see mol_map row's note). TN_Layers_Network=0 is the paper's 'circuit only' baseline -- equivalent to plain VQE with this Hamiltonian encoding and no TN preprocessing. Standard per-Pauli-string measurement (baseline).,,
1378,Li2,0,1,6,def2-svp,basis_set_exchange,tn_qc_opt+mol_map,,n/a,TN_QC_OPT (Cebule),COBYLA,,,0,3,n/a (no TN layers),qasm_gen_grouped,,,,"N_Qubit unknown: requires a real Cebule MOL_MAP run for this molecule/basis (see mol_map row's note). TN_Layers_Network=0 is the paper's 'circuit only' baseline -- equivalent to plain VQE with this Hamiltonian encoding and no TN preprocessing. Cebule QASM_GEN basis-state-pair-grouping measurement scheme. Expected to require fewer or equal distinct circuits per iteration than plain 'pauli' measurement (that's QASM_GEN's whole purpose), but the exact circuit count is an output of a real QASM_GEN/TN_QC_OPT run, not predictable in advance -- see docs.mqs.dk QASM_GEN section.",,
1379,Li2,0,1,6,def2-svp,basis_set_exchange,tn_qc_opt+mol_map,,n/a,TN_QC_OPT (Cebule),COBYLA,,,0,4,n/a (no TN layers),pauli,,,,N_Qubit unknown: requires a real Cebule MOL_MAP run for this molecule/basis (see mol_map row's note). TN_Layers_Network=0 is the paper's 'circuit only' baseline -- equivalent to plain VQE with this Hamiltonian encoding and no TN preprocessing. Standard per-Pauli-string measurement (baseline).,,
1380,Li2,0,1,6,def2-svp,basis_set_exchange,tn_qc_opt+mol_map,,n/a,TN_QC_OPT (Cebule),COBYLA,,,0,4,n/a (no TN layers),qasm_gen_grouped,,,,"N_Qubit unknown: requires a real Cebule MOL_MAP run for this molecule/basis (see mol_map row's note). TN_Layers_Network=0 is the paper's 'circuit only' baseline -- equivalent to plain VQE with this Hamiltonian encoding and no TN preprocessing. Cebule QASM_GEN basis-state-pair-grouping measurement scheme. Expected to require fewer or equal distinct circuits per iteration than plain 'pauli' measurement (that's QASM_GEN's whole purpose), but the exact circuit count is an output of a real QASM_GEN/TN_QC_OPT run, not predictable in advance -- see docs.mqs.dk QASM_GEN section.",,
1381,Li2,0,1,6,def2-svp,basis_set_exchange,tn_qc_opt+mol_map,,n/a,TN_QC_OPT (Cebule),COBYLA,,,1,1,full,pauli,,,,N_Qubit unknown: requires a real Cebule MOL_MAP run for this molecule/basis (see mol_map row's note). Standard per-Pauli-string measurement (baseline).,,
1382,Li2,0,1,6,def2-svp,basis_set_exchange,tn_qc_opt+mol_map,,n/a,TN_QC_OPT (Cebule),COBYLA,,,1,1,full,qasm_gen_grouped,,,,"N_Qubit unknown: requires a real Cebule MOL_MAP run for this molecule/basis (see mol_map row's note). Cebule QASM_GEN basis-state-pair-grouping measurement scheme. Expected to require fewer or equal distinct circuits per iteration than plain 'pauli' measurement (that's QASM_GEN's whole purpose), but the exact circuit count is an output of a real QASM_GEN/TN_QC_OPT run, not predictable in advance -- see docs.mqs.dk QASM_GEN section.",,
1383,Li2,0,1,6,def2-svp,basis_set_exchange,tn_qc_opt+mol_map,,n/a,TN_QC_OPT (Cebule),COBYLA,,,1,1,phase,pauli,,,,N_Qubit unknown: requires a real Cebule MOL_MAP run for this molecule/basis (see mol_map row's note). Standard per-Pauli-string measurement (baseline).,,
1384,Li2,0,1,6,def2-svp,basis_set_exchange,tn_qc_opt+mol_map,,n/a,TN_QC_OPT (Cebule),COBYLA,,,1,1,phase,qasm_gen_grouped,,,,"N_Qubit unknown: requires a real Cebule MOL_MAP run for this molecule/basis (see mol_map row's note). Cebule QASM_GEN basis-state-pair-grouping measurement scheme. Expected to require fewer or equal distinct circuits per iteration than plain 'pauli' measurement (that's QASM_GEN's whole purpose), but the exact circuit count is an output of a real QASM_GEN/TN_QC_OPT run, not predictable in advance -- see docs.mqs.dk QASM_GEN section.",,
1385,Li2,0,1,6,def2-svp,basis_set_exchange,tn_qc_opt+mol_map,,n/a,TN_QC_OPT (Cebule),COBYLA,,,1,2,full,pauli,,,,N_Qubit unknown: requires a real Cebule MOL_MAP run for this molecule/basis (see mol_map row's note). Standard per-Pauli-string measurement (baseline).,,
1386,Li2,0,1,6,def2-svp,basis_set_exchange,tn_qc_opt+mol_map,,n/a,TN_QC_OPT (Cebule),COBYLA,,,1,2,full,qasm_gen_grouped,,,,"N_Qubit unknown: requires a real Cebule MOL_MAP run for this molecule/basis (see mol_map row's note). Cebule QASM_GEN basis-state-pair-grouping measurement scheme. Expected to require fewer or equal distinct circuits per iteration than plain 'pauli' measurement (that's QASM_GEN's whole purpose), but the exact circuit count is an output of a real QASM_GEN/TN_QC_OPT run, not predictable in advance -- see docs.mqs.dk QASM_GEN section.",,
1387,Li2,0,1,6,def2-svp,basis_set_exchange,tn_qc_opt+mol_map,,n/a,TN_QC_OPT (Cebule),COBYLA,,,1,2,phase,pauli,,,,N_Qubit unknown: requires a real Cebule MOL_MAP run for this molecule/basis (see mol_map row's note). Standard per-Pauli-string measurement (baseline).,,
1388,Li2,0,1,6,def2-svp,basis_set_exchange,tn_qc_opt+mol_map,,n/a,TN_QC_OPT (Cebule),COBYLA,,,1,2,phase,qasm_gen_grouped,,,,"N_Qubit unknown: requires a real Cebule MOL_MAP run for this molecule/basis (see mol_map row's note). Cebule QASM_GEN basis-state-pair-grouping measurement scheme. Expected to require fewer or equal distinct circuits per iteration than plain 'pauli' measurement (that's QASM_GEN's whole purpose), but the exact circuit count is an output of a real QASM_GEN/TN_QC_OPT run, not predictable in advance -- see docs.mqs.dk QASM_GEN section.",,
1389,Li2,0,1,6,def2-svp,basis_set_exchange,tn_qc_opt+mol_map,,n/a,TN_QC_OPT (Cebule),COBYLA,,,1,3,full,pauli,,,,N_Qubit unknown: requires a real Cebule MOL_MAP run for this molecule/basis (see mol_map row's note). Standard per-Pauli-string measurement (baseline).,,
1390,Li2,0,1,6,def2-svp,basis_set_exchange,tn_qc_opt+mol_map,,n/a,TN_QC_OPT (Cebule),COBYLA,,,1,3,full,qasm_gen_grouped,,,,"N_Qubit unknown: requires a real Cebule MOL_MAP run for this molecule/basis (see mol_map row's note). Cebule QASM_GEN basis-state-pair-grouping measurement scheme. Expected to require fewer or equal distinct circuits per iteration than plain 'pauli' measurement (that's QASM_GEN's whole purpose), but the exact circuit count is an output of a real QASM_GEN/TN_QC_OPT run, not predictable in advance -- see docs.mqs.dk QASM_GEN section.",,
1391,Li2,0,1,6,def2-svp,basis_set_exchange,tn_qc_opt+mol_map,,n/a,TN_QC_OPT (Cebule),COBYLA,,,1,3,phase,pauli,,,,N_Qubit unknown: requires a real Cebule MOL_MAP run for this molecule/basis (see mol_map row's note). Standard per-Pauli-string measurement (baseline).,,
1392,Li2,0,1,6,def2-svp,basis_set_exchange,tn_qc_opt+mol_map,,n/a,TN_QC_OPT (Cebule),COBYLA,,,1,3,phase,qasm_gen_grouped,,,,"N_Qubit unknown: requires a real Cebule MOL_MAP run for this molecule/basis (see mol_map row's note). Cebule QASM_GEN basis-state-pair-grouping measurement scheme. Expected to require fewer or equal distinct circuits per iteration than plain 'pauli' measurement (that's QASM_GEN's whole purpose), but the exact circuit count is an output of a real QASM_GEN/TN_QC_OPT run, not predictable in advance -- see docs.mqs.dk QASM_GEN section.",,
1393,Li2,0,1,6,def2-svp,basis_set_exchange,tn_qc_opt+mol_map,,n/a,TN_QC_OPT (Cebule),COBYLA,,,1,4,full,pauli,,,,N_Qubit unknown: requires a real Cebule MOL_MAP run for this molecule/basis (see mol_map row's note). Standard per-Pauli-string measurement (baseline).,,
1394,Li2,0,1,6,def2-svp,basis_set_exchange,tn_qc_opt+mol_map,,n/a,TN_QC_OPT (Cebule),COBYLA,,,1,4,full,qasm_gen_grouped,,,,"N_Qubit unknown: requires a real Cebule MOL_MAP run for this molecule/basis (see mol_map row's note). Cebule QASM_GEN basis-state-pair-grouping measurement scheme. Expected to require fewer or equal distinct circuits per iteration than plain 'pauli' measurement (that's QASM_GEN's whole purpose), but the exact circuit count is an output of a real QASM_GEN/TN_QC_OPT run, not predictable in advance -- see docs.mqs.dk QASM_GEN section.",,
1395,Li2,0,1,6,def2-svp,basis_set_exchange,tn_qc_opt+mol_map,,n/a,TN_QC_OPT (Cebule),COBYLA,,,1,4,phase,pauli,,,,N_Qubit unknown: requires a real Cebule MOL_MAP run for this molecule/basis (see mol_map row's note). Standard per-Pauli-string measurement (baseline).,,
1396,Li2,0,1,6,def2-svp,basis_set_exchange,tn_qc_opt+mol_map,,n/a,TN_QC_OPT (Cebule),COBYLA,,,1,4,phase,qasm_gen_grouped,,,,"N_Qubit unknown: requires a real Cebule MOL_MAP run for this molecule/basis (see mol_map row's note). Cebule QASM_GEN basis-state-pair-grouping measurement scheme. Expected to require fewer or equal distinct circuits per iteration than plain 'pauli' measurement (that's QASM_GEN's whole purpose), but the exact circuit count is an output of a real QASM_GEN/TN_QC_OPT run, not predictable in advance -- see docs.mqs.dk QASM_GEN section.",,
1397,Li2,0,1,6,def2-svp,basis_set_exchange,tn_qc_opt+mol_map,,n/a,TN_QC_OPT (Cebule),COBYLA,,,2,1,full,pauli,,,,N_Qubit unknown: requires a real Cebule MOL_MAP run for this molecule/basis (see mol_map row's note). Standard per-Pauli-string measurement (baseline).,,
1398,Li2,0,1,6,def2-svp,basis_set_exchange,tn_qc_opt+mol_map,,n/a,TN_QC_OPT (Cebule),COBYLA,,,2,1,full,qasm_gen_grouped,,,,"N_Qubit unknown: requires a real Cebule MOL_MAP run for this molecule/basis (see mol_map row's note). Cebule QASM_GEN basis-state-pair-grouping measurement scheme. Expected to require fewer or equal distinct circuits per iteration than plain 'pauli' measurement (that's QASM_GEN's whole purpose), but the exact circuit count is an output of a real QASM_GEN/TN_QC_OPT run, not predictable in advance -- see docs.mqs.dk QASM_GEN section.",,
1399,Li2,0,1,6,def2-svp,basis_set_exchange,tn_qc_opt+mol_map,,n/a,TN_QC_OPT (Cebule),COBYLA,,,2,1,phase,pauli,,,,N_Qubit unknown: requires a real Cebule MOL_MAP run for this molecule/basis (see mol_map row's note). Standard per-Pauli-string measurement (baseline).,,
1400,Li2,0,1,6,def2-svp,basis_set_exchange,tn_qc_opt+mol_map,,n/a,TN_QC_OPT (Cebule),COBYLA,,,2,1,phase,qasm_gen_grouped,,,,"N_Qubit unknown: requires a real Cebule MOL_MAP run for this molecule/basis (see mol_map row's note). Cebule QASM_GEN basis-state-pair-grouping measurement scheme. Expected to require fewer or equal distinct circuits per iteration than plain 'pauli' measurement (that's QASM_GEN's whole purpose), but the exact circuit count is an output of a real QASM_GEN/TN_QC_OPT run, not predictable in advance -- see docs.mqs.dk QASM_GEN section.",,
1401,Li2,0,1,6,def2-svp,basis_set_exchange,tn_qc_opt+mol_map,,n/a,TN_QC_OPT (Cebule),COBYLA,,,2,2,full,pauli,,,,N_Qubit unknown: requires a real Cebule MOL_MAP run for this molecule/basis (see mol_map row's note). Standard per-Pauli-string measurement (baseline).,,
1402,Li2,0,1,6,def2-svp,basis_set_exchange,tn_qc_opt+mol_map,,n/a,TN_QC_OPT (Cebule),COBYLA,,,2,2,full,qasm_gen_grouped,,,,"N_Qubit unknown: requires a real Cebule MOL_MAP run for this molecule/basis (see mol_map row's note). Cebule QASM_GEN basis-state-pair-grouping measurement scheme. Expected to require fewer or equal distinct circuits per iteration than plain 'pauli' measurement (that's QASM_GEN's whole purpose), but the exact circuit count is an output of a real QASM_GEN/TN_QC_OPT run, not predictable in advance -- see docs.mqs.dk QASM_GEN section.",,
1403,Li2,0,1,6,def2-svp,basis_set_exchange,tn_qc_opt+mol_map,,n/a,TN_QC_OPT (Cebule),COBYLA,,,2,2,phase,pauli,,,,N_Qubit unknown: requires a real Cebule MOL_MAP run for this molecule/basis (see mol_map row's note). Standard per-Pauli-string measurement (baseline).,,
1404,Li2,0,1,6,def2-svp,basis_set_exchange,tn_qc_opt+mol_map,,n/a,TN_QC_OPT (Cebule),COBYLA,,,2,2,phase,qasm_gen_grouped,,,,"N_Qubit unknown: requires a real Cebule MOL_MAP run for this molecule/basis (see mol_map row's note). Cebule QASM_GEN basis-state-pair-grouping measurement scheme. Expected to require fewer or equal distinct circuits per iteration than plain 'pauli' measurement (that's QASM_GEN's whole purpose), but the exact circuit count is an output of a real QASM_GEN/TN_QC_OPT run, not predictable in advance -- see docs.mqs.dk QASM_GEN section.",,
1405,Li2,0,1,6,def2-svp,basis_set_exchange,tn_qc_opt+mol_map,,n/a,TN_QC_OPT (Cebule),COBYLA,,,2,3,full,pauli,,,,N_Qubit unknown: requires a real Cebule MOL_MAP run for this molecule/basis (see mol_map row's note). Standard per-Pauli-string measurement (baseline).,,
1406,Li2,0,1,6,def2-svp,basis_set_exchange,tn_qc_opt+mol_map,,n/a,TN_QC_OPT (Cebule),COBYLA,,,2,3,full,qasm_gen_grouped,,,,"N_Qubit unknown: requires a real Cebule MOL_MAP run for this molecule/basis (see mol_map row's note). Cebule QASM_GEN basis-state-pair-grouping measurement scheme. Expected to require fewer or equal distinct circuits per iteration than plain 'pauli' measurement (that's QASM_GEN's whole purpose), but the exact circuit count is an output of a real QASM_GEN/TN_QC_OPT run, not predictable in advance -- see docs.mqs.dk QASM_GEN section.",,
1407,Li2,0,1,6,def2-svp,basis_set_exchange,tn_qc_opt+mol_map,,n/a,TN_QC_OPT (Cebule),COBYLA,,,2,3,phase,pauli,,,,N_Qubit unknown: requires a real Cebule MOL_MAP run for this molecule/basis (see mol_map row's note). Standard per-Pauli-string measurement (baseline).,,
1408,Li2,0,1,6,def2-svp,basis_set_exchange,tn_qc_opt+mol_map,,n/a,TN_QC_OPT (Cebule),COBYLA,,,2,3,phase,qasm_gen_grouped,,,,"N_Qubit unknown: requires a real Cebule MOL_MAP run for this molecule/basis (see mol_map row's note). Cebule QASM_GEN basis-state-pair-grouping measurement scheme. Expected to require fewer or equal distinct circuits per iteration than plain 'pauli' measurement (that's QASM_GEN's whole purpose), but the exact circuit count is an output of a real QASM_GEN/TN_QC_OPT run, not predictable in advance -- see docs.mqs.dk QASM_GEN section.",,
1409,Li2,0,1,6,def2-svp,basis_set_exchange,tn_qc_opt+mol_map,,n/a,TN_QC_OPT (Cebule),COBYLA,,,2,4,full,pauli,,,,N_Qubit unknown: requires a real Cebule MOL_MAP run for this molecule/basis (see mol_map row's note). Standard per-Pauli-string measurement (baseline).,,
1410,Li2,0,1,6,def2-svp,basis_set_exchange,tn_qc_opt+mol_map,,n/a,TN_QC_OPT (Cebule),COBYLA,,,2,4,full,qasm_gen_grouped,,,,"N_Qubit unknown: requires a real Cebule MOL_MAP run for this molecule/basis (see mol_map row's note). Cebule QASM_GEN basis-state-pair-grouping measurement scheme. Expected to require fewer or equal distinct circuits per iteration than plain 'pauli' measurement (that's QASM_GEN's whole purpose), but the exact circuit count is an output of a real QASM_GEN/TN_QC_OPT run, not predictable in advance -- see docs.mqs.dk QASM_GEN section.",,
1411,Li2,0,1,6,def2-svp,basis_set_exchange,tn_qc_opt+mol_map,,n/a,TN_QC_OPT (Cebule),COBYLA,,,2,4,phase,pauli,,,,N_Qubit unknown: requires a real Cebule MOL_MAP run for this molecule/basis (see mol_map row's note). Standard per-Pauli-string measurement (baseline).,,
1412,Li2,0,1,6,def2-svp,basis_set_exchange,tn_qc_opt+mol_map,,n/a,TN_QC_OPT (Cebule),COBYLA,,,2,4,phase,qasm_gen_grouped,,,,"N_Qubit unknown: requires a real Cebule MOL_MAP run for this molecule/basis (see mol_map row's note). Cebule QASM_GEN basis-state-pair-grouping measurement scheme. Expected to require fewer or equal distinct circuits per iteration than plain 'pauli' measurement (that's QASM_GEN's whole purpose), but the exact circuit count is an output of a real QASM_GEN/TN_QC_OPT run, not predictable in advance -- see docs.mqs.dk QASM_GEN section.",,
1413,Li2,0,1,6,def2-svp,basis_set_exchange,tn_qc_opt+mol_map,,n/a,TN_QC_OPT (Cebule),COBYLA,,,3,1,full,pauli,,,,N_Qubit unknown: requires a real Cebule MOL_MAP run for this molecule/basis (see mol_map row's note). Standard per-Pauli-string measurement (baseline).,,
1414,Li2,0,1,6,def2-svp,basis_set_exchange,tn_qc_opt+mol_map,,n/a,TN_QC_OPT (Cebule),COBYLA,,,3,1,full,qasm_gen_grouped,,,,"N_Qubit unknown: requires a real Cebule MOL_MAP run for this molecule/basis (see mol_map row's note). Cebule QASM_GEN basis-state-pair-grouping measurement scheme. Expected to require fewer or equal distinct circuits per iteration than plain 'pauli' measurement (that's QASM_GEN's whole purpose), but the exact circuit count is an output of a real QASM_GEN/TN_QC_OPT run, not predictable in advance -- see docs.mqs.dk QASM_GEN section.",,
1415,Li2,0,1,6,def2-svp,basis_set_exchange,tn_qc_opt+mol_map,,n/a,TN_QC_OPT (Cebule),COBYLA,,,3,1,phase,pauli,,,,N_Qubit unknown: requires a real Cebule MOL_MAP run for this molecule/basis (see mol_map row's note). Standard per-Pauli-string measurement (baseline).,,
1416,Li2,0,1,6,def2-svp,basis_set_exchange,tn_qc_opt+mol_map,,n/a,TN_QC_OPT (Cebule),COBYLA,,,3,1,phase,qasm_gen_grouped,,,,"N_Qubit unknown: requires a real Cebule MOL_MAP run for this molecule/basis (see mol_map row's note). Cebule QASM_GEN basis-state-pair-grouping measurement scheme. Expected to require fewer or equal distinct circuits per iteration than plain 'pauli' measurement (that's QASM_GEN's whole purpose), but the exact circuit count is an output of a real QASM_GEN/TN_QC_OPT run, not predictable in advance -- see docs.mqs.dk QASM_GEN section.",,
1417,Li2,0,1,6,def2-svp,basis_set_exchange,tn_qc_opt+mol_map,,n/a,TN_QC_OPT (Cebule),COBYLA,,,3,2,full,pauli,,,,N_Qubit unknown: requires a real Cebule MOL_MAP run for this molecule/basis (see mol_map row's note). Standard per-Pauli-string measurement (baseline).,,
1418,Li2,0,1,6,def2-svp,basis_set_exchange,tn_qc_opt+mol_map,,n/a,TN_QC_OPT (Cebule),COBYLA,,,3,2,full,qasm_gen_grouped,,,,"N_Qubit unknown: requires a real Cebule MOL_MAP run for this molecule/basis (see mol_map row's note). Cebule QASM_GEN basis-state-pair-grouping measurement scheme. Expected to require fewer or equal distinct circuits per iteration than plain 'pauli' measurement (that's QASM_GEN's whole purpose), but the exact circuit count is an output of a real QASM_GEN/TN_QC_OPT run, not predictable in advance -- see docs.mqs.dk QASM_GEN section.",,
1419,Li2,0,1,6,def2-svp,basis_set_exchange,tn_qc_opt+mol_map,,n/a,TN_QC_OPT (Cebule),COBYLA,,,3,2,phase,pauli,,,,N_Qubit unknown: requires a real Cebule MOL_MAP run for this molecule/basis (see mol_map row's note). Standard per-Pauli-string measurement (baseline).,,
1420,Li2,0,1,6,def2-svp,basis_set_exchange,tn_qc_opt+mol_map,,n/a,TN_QC_OPT (Cebule),COBYLA,,,3,2,phase,qasm_gen_grouped,,,,"N_Qubit unknown: requires a real Cebule MOL_MAP run for this molecule/basis (see mol_map row's note). Cebule QASM_GEN basis-state-pair-grouping measurement scheme. Expected to require fewer or equal distinct circuits per iteration than plain 'pauli' measurement (that's QASM_GEN's whole purpose), but the exact circuit count is an output of a real QASM_GEN/TN_QC_OPT run, not predictable in advance -- see docs.mqs.dk QASM_GEN section.",,
1421,Li2,0,1,6,def2-svp,basis_set_exchange,tn_qc_opt+mol_map,,n/a,TN_QC_OPT (Cebule),COBYLA,,,3,3,full,pauli,,,,N_Qubit unknown: requires a real Cebule MOL_MAP run for this molecule/basis (see mol_map row's note). Standard per-Pauli-string measurement (baseline).,,
1422,Li2,0,1,6,def2-svp,basis_set_exchange,tn_qc_opt+mol_map,,n/a,TN_QC_OPT (Cebule),COBYLA,,,3,3,full,qasm_gen_grouped,,,,"N_Qubit unknown: requires a real Cebule MOL_MAP run for this molecule/basis (see mol_map row's note). Cebule QASM_GEN basis-state-pair-grouping measurement scheme. Expected to require fewer or equal distinct circuits per iteration than plain 'pauli' measurement (that's QASM_GEN's whole purpose), but the exact circuit count is an output of a real QASM_GEN/TN_QC_OPT run, not predictable in advance -- see docs.mqs.dk QASM_GEN section.",,
1423,Li2,0,1,6,def2-svp,basis_set_exchange,tn_qc_opt+mol_map,,n/a,TN_QC_OPT (Cebule),COBYLA,,,3,3,phase,pauli,,,,N_Qubit unknown: requires a real Cebule MOL_MAP run for this molecule/basis (see mol_map row's note). Standard per-Pauli-string measurement (baseline).,,
1424,Li2,0,1,6,def2-svp,basis_set_exchange,tn_qc_opt+mol_map,,n/a,TN_QC_OPT (Cebule),COBYLA,,,3,3,phase,qasm_gen_grouped,,,,"N_Qubit unknown: requires a real Cebule MOL_MAP run for this molecule/basis (see mol_map row's note). Cebule QASM_GEN basis-state-pair-grouping measurement scheme. Expected to require fewer or equal distinct circuits per iteration than plain 'pauli' measurement (that's QASM_GEN's whole purpose), but the exact circuit count is an output of a real QASM_GEN/TN_QC_OPT run, not predictable in advance -- see docs.mqs.dk QASM_GEN section.",,
1425,Li2,0,1,6,def2-svp,basis_set_exchange,tn_qc_opt+mol_map,,n/a,TN_QC_OPT (Cebule),COBYLA,,,3,4,full,pauli,,,,N_Qubit unknown: requires a real Cebule MOL_MAP run for this molecule/basis (see mol_map row's note). Standard per-Pauli-string measurement (baseline).,,
1426,Li2,0,1,6,def2-svp,basis_set_exchange,tn_qc_opt+mol_map,,n/a,TN_QC_OPT (Cebule),COBYLA,,,3,4,full,qasm_gen_grouped,,,,"N_Qubit unknown: requires a real Cebule MOL_MAP run for this molecule/basis (see mol_map row's note). Cebule QASM_GEN basis-state-pair-grouping measurement scheme. Expected to require fewer or equal distinct circuits per iteration than plain 'pauli' measurement (that's QASM_GEN's whole purpose), but the exact circuit count is an output of a real QASM_GEN/TN_QC_OPT run, not predictable in advance -- see docs.mqs.dk QASM_GEN section.",,
1427,Li2,0,1,6,def2-svp,basis_set_exchange,tn_qc_opt+mol_map,,n/a,TN_QC_OPT (Cebule),COBYLA,,,3,4,phase,pauli,,,,N_Qubit unknown: requires a real Cebule MOL_MAP run for this molecule/basis (see mol_map row's note). Standard per-Pauli-string measurement (baseline).,,
1428,Li2,0,1,6,def2-svp,basis_set_exchange,tn_qc_opt+mol_map,,n/a,TN_QC_OPT (Cebule),COBYLA,,,3,4,phase,qasm_gen_grouped,,,,"N_Qubit unknown: requires a real Cebule MOL_MAP run for this molecule/basis (see mol_map row's note). Cebule QASM_GEN basis-state-pair-grouping measurement scheme. Expected to require fewer or equal distinct circuits per iteration than plain 'pauli' measurement (that's QASM_GEN's whole purpose), but the exact circuit count is an output of a real QASM_GEN/TN_QC_OPT run, not predictable in advance -- see docs.mqs.dk QASM_GEN section.",,
1485,Li2,0,1,6,def2-tzvp,basis_set_exchange,tn_qc_opt+mol_map,,n/a,TN_QC_OPT (Cebule),COBYLA,,,0,1,n/a (no TN layers),pauli,,,,N_Qubit unknown: requires a real Cebule MOL_MAP run for this molecule/basis (see mol_map row's note). TN_Layers_Network=0 is the paper's 'circuit only' baseline -- equivalent to plain VQE with this Hamiltonian encoding and no TN preprocessing. Standard per-Pauli-string measurement (baseline).,,
1486,Li2,0,1,6,def2-tzvp,basis_set_exchange,tn_qc_opt+mol_map,,n/a,TN_QC_OPT (Cebule),COBYLA,,,0,1,n/a (no TN layers),qasm_gen_grouped,,,,"N_Qubit unknown: requires a real Cebule MOL_MAP run for this molecule/basis (see mol_map row's note). TN_Layers_Network=0 is the paper's 'circuit only' baseline -- equivalent to plain VQE with this Hamiltonian encoding and no TN preprocessing. Cebule QASM_GEN basis-state-pair-grouping measurement scheme. Expected to require fewer or equal distinct circuits per iteration than plain 'pauli' measurement (that's QASM_GEN's whole purpose), but the exact circuit count is an output of a real QASM_GEN/TN_QC_OPT run, not predictable in advance -- see docs.mqs.dk QASM_GEN section.",,
1487,Li2,0,1,6,def2-tzvp,basis_set_exchange,tn_qc_opt+mol_map,,n/a,TN_QC_OPT (Cebule),COBYLA,,,0,2,n/a (no TN layers),pauli,,,,N_Qubit unknown: requires a real Cebule MOL_MAP run for this molecule/basis (see mol_map row's note). TN_Layers_Network=0 is the paper's 'circuit only' baseline -- equivalent to plain VQE with this Hamiltonian encoding and no TN preprocessing. Standard per-Pauli-string measurement (baseline).,,
1488,Li2,0,1,6,def2-tzvp,basis_set_exchange,tn_qc_opt+mol_map,,n/a,TN_QC_OPT (Cebule),COBYLA,,,0,2,n/a (no TN layers),qasm_gen_grouped,,,,"N_Qubit unknown: requires a real Cebule MOL_MAP run for this molecule/basis (see mol_map row's note). TN_Layers_Network=0 is the paper's 'circuit only' baseline -- equivalent to plain VQE with this Hamiltonian encoding and no TN preprocessing. Cebule QASM_GEN basis-state-pair-grouping measurement scheme. Expected to require fewer or equal distinct circuits per iteration than plain 'pauli' measurement (that's QASM_GEN's whole purpose), but the exact circuit count is an output of a real QASM_GEN/TN_QC_OPT run, not predictable in advance -- see docs.mqs.dk QASM_GEN section.",,
1489,Li2,0,1,6,def2-tzvp,basis_set_exchange,tn_qc_opt+mol_map,,n/a,TN_QC_OPT (Cebule),COBYLA,,,0,3,n/a (no TN layers),pauli,,,,N_Qubit unknown: requires a real Cebule MOL_MAP run for this molecule/basis (see mol_map row's note). TN_Layers_Network=0 is the paper's 'circuit only' baseline -- equivalent to plain VQE with this Hamiltonian encoding and no TN preprocessing. Standard per-Pauli-string measurement (baseline).,,
1490,Li2,0,1,6,def2-tzvp,basis_set_exchange,tn_qc_opt+mol_map,,n/a,TN_QC_OPT (Cebule),COBYLA,,,0,3,n/a (no TN layers),qasm_gen_grouped,,,,"N_Qubit unknown: requires a real Cebule MOL_MAP run for this molecule/basis (see mol_map row's note). TN_Layers_Network=0 is the paper's 'circuit only' baseline -- equivalent to plain VQE with this Hamiltonian encoding and no TN preprocessing. Cebule QASM_GEN basis-state-pair-grouping measurement scheme. Expected to require fewer or equal distinct circuits per iteration than plain 'pauli' measurement (that's QASM_GEN's whole purpose), but the exact circuit count is an output of a real QASM_GEN/TN_QC_OPT run, not predictable in advance -- see docs.mqs.dk QASM_GEN section.",,
1491,Li2,0,1,6,def2-tzvp,basis_set_exchange,tn_qc_opt+mol_map,,n/a,TN_QC_OPT (Cebule),COBYLA,,,0,4,n/a (no TN layers),pauli,,,,N_Qubit unknown: requires a real Cebule MOL_MAP run for this molecule/basis (see mol_map row's note). TN_Layers_Network=0 is the paper's 'circuit only' baseline -- equivalent to plain VQE with this Hamiltonian encoding and no TN preprocessing. Standard per-Pauli-string measurement (baseline).,,
1492,Li2,0,1,6,def2-tzvp,basis_set_exchange,tn_qc_opt+mol_map,,n/a,TN_QC_OPT (Cebule),COBYLA,,,0,4,n/a (no TN layers),qasm_gen_grouped,,,,"N_Qubit unknown: requires a real Cebule MOL_MAP run for this molecule/basis (see mol_map row's note). TN_Layers_Network=0 is the paper's 'circuit only' baseline -- equivalent to plain VQE with this Hamiltonian encoding and no TN preprocessing. Cebule QASM_GEN basis-state-pair-grouping measurement scheme. Expected to require fewer or equal distinct circuits per iteration than plain 'pauli' measurement (that's QASM_GEN's whole purpose), but the exact circuit count is an output of a real QASM_GEN/TN_QC_OPT run, not predictable in advance -- see docs.mqs.dk QASM_GEN section.",,
1493,Li2,0,1,6,def2-tzvp,basis_set_exchange,tn_qc_opt+mol_map,,n/a,TN_QC_OPT (Cebule),COBYLA,,,1,1,full,pauli,,,,N_Qubit unknown: requires a real Cebule MOL_MAP run for this molecule/basis (see mol_map row's note). Standard per-Pauli-string measurement (baseline).,,
1494,Li2,0,1,6,def2-tzvp,basis_set_exchange,tn_qc_opt+mol_map,,n/a,TN_QC_OPT (Cebule),COBYLA,,,1,1,full,qasm_gen_grouped,,,,"N_Qubit unknown: requires a real Cebule MOL_MAP run for this molecule/basis (see mol_map row's note). Cebule QASM_GEN basis-state-pair-grouping measurement scheme. Expected to require fewer or equal distinct circuits per iteration than plain 'pauli' measurement (that's QASM_GEN's whole purpose), but the exact circuit count is an output of a real QASM_GEN/TN_QC_OPT run, not predictable in advance -- see docs.mqs.dk QASM_GEN section.",,
1495,Li2,0,1,6,def2-tzvp,basis_set_exchange,tn_qc_opt+mol_map,,n/a,TN_QC_OPT (Cebule),COBYLA,,,1,1,phase,pauli,,,,N_Qubit unknown: requires a real Cebule MOL_MAP run for this molecule/basis (see mol_map row's note). Standard per-Pauli-string measurement (baseline).,,
1496,Li2,0,1,6,def2-tzvp,basis_set_exchange,tn_qc_opt+mol_map,,n/a,TN_QC_OPT (Cebule),COBYLA,,,1,1,phase,qasm_gen_grouped,,,,"N_Qubit unknown: requires a real Cebule MOL_MAP run for this molecule/basis (see mol_map row's note). Cebule QASM_GEN basis-state-pair-grouping measurement scheme. Expected to require fewer or equal distinct circuits per iteration than plain 'pauli' measurement (that's QASM_GEN's whole purpose), but the exact circuit count is an output of a real QASM_GEN/TN_QC_OPT run, not predictable in advance -- see docs.mqs.dk QASM_GEN section.",,
1497,Li2,0,1,6,def2-tzvp,basis_set_exchange,tn_qc_opt+mol_map,,n/a,TN_QC_OPT (Cebule),COBYLA,,,1,2,full,pauli,,,,N_Qubit unknown: requires a real Cebule MOL_MAP run for this molecule/basis (see mol_map row's note). Standard per-Pauli-string measurement (baseline).,,
1498,Li2,0,1,6,def2-tzvp,basis_set_exchange,tn_qc_opt+mol_map,,n/a,TN_QC_OPT (Cebule),COBYLA,,,1,2,full,qasm_gen_grouped,,,,"N_Qubit unknown: requires a real Cebule MOL_MAP run for this molecule/basis (see mol_map row's note). Cebule QASM_GEN basis-state-pair-grouping measurement scheme. Expected to require fewer or equal distinct circuits per iteration than plain 'pauli' measurement (that's QASM_GEN's whole purpose), but the exact circuit count is an output of a real QASM_GEN/TN_QC_OPT run, not predictable in advance -- see docs.mqs.dk QASM_GEN section.",,
1499,Li2,0,1,6,def2-tzvp,basis_set_exchange,tn_qc_opt+mol_map,,n/a,TN_QC_OPT (Cebule),COBYLA,,,1,2,phase,pauli,,,,N_Qubit unknown: requires a real Cebule MOL_MAP run for this molecule/basis (see mol_map row's note). Standard per-Pauli-string measurement (baseline).,,
1500,Li2,0,1,6,def2-tzvp,basis_set_exchange,tn_qc_opt+mol_map,,n/a,TN_QC_OPT (Cebule),COBYLA,,,1,2,phase,qasm_gen_grouped,,,,"N_Qubit unknown: requires a real Cebule MOL_MAP run for this molecule/basis (see mol_map row's note). Cebule QASM_GEN basis-state-pair-grouping measurement scheme. Expected to require fewer or equal distinct circuits per iteration than plain 'pauli' measurement (that's QASM_GEN's whole purpose), but the exact circuit count is an output of a real QASM_GEN/TN_QC_OPT run, not predictable in advance -- see docs.mqs.dk QASM_GEN section.",,
1501,Li2,0,1,6,def2-tzvp,basis_set_exchange,tn_qc_opt+mol_map,,n/a,TN_QC_OPT (Cebule),COBYLA,,,1,3,full,pauli,,,,N_Qubit unknown: requires a real Cebule MOL_MAP run for this molecule/basis (see mol_map row's note). Standard per-Pauli-string measurement (baseline).,,
1502,Li2,0,1,6,def2-tzvp,basis_set_exchange,tn_qc_opt+mol_map,,n/a,TN_QC_OPT (Cebule),COBYLA,,,1,3,full,qasm_gen_grouped,,,,"N_Qubit unknown: requires a real Cebule MOL_MAP run for this molecule/basis (see mol_map row's note). Cebule QASM_GEN basis-state-pair-grouping measurement scheme. Expected to require fewer or equal distinct circuits per iteration than plain 'pauli' measurement (that's QASM_GEN's whole purpose), but the exact circuit count is an output of a real QASM_GEN/TN_QC_OPT run, not predictable in advance -- see docs.mqs.dk QASM_GEN section.",,
1503,Li2,0,1,6,def2-tzvp,basis_set_exchange,tn_qc_opt+mol_map,,n/a,TN_QC_OPT (Cebule),COBYLA,,,1,3,phase,pauli,,,,N_Qubit unknown: requires a real Cebule MOL_MAP run for this molecule/basis (see mol_map row's note). Standard per-Pauli-string measurement (baseline).,,
1504,Li2,0,1,6,def2-tzvp,basis_set_exchange,tn_qc_opt+mol_map,,n/a,TN_QC_OPT (Cebule),COBYLA,,,1,3,phase,qasm_gen_grouped,,,,"N_Qubit unknown: requires a real Cebule MOL_MAP run for this molecule/basis (see mol_map row's note). Cebule QASM_GEN basis-state-pair-grouping measurement scheme. Expected to require fewer or equal distinct circuits per iteration than plain 'pauli' measurement (that's QASM_GEN's whole purpose), but the exact circuit count is an output of a real QASM_GEN/TN_QC_OPT run, not predictable in advance -- see docs.mqs.dk QASM_GEN section.",,
1505,Li2,0,1,6,def2-tzvp,basis_set_exchange,tn_qc_opt+mol_map,,n/a,TN_QC_OPT (Cebule),COBYLA,,,1,4,full,pauli,,,,N_Qubit unknown: requires a real Cebule MOL_MAP run for this molecule/basis (see mol_map row's note). Standard per-Pauli-string measurement (baseline).,,
1506,Li2,0,1,6,def2-tzvp,basis_set_exchange,tn_qc_opt+mol_map,,n/a,TN_QC_OPT (Cebule),COBYLA,,,1,4,full,qasm_gen_grouped,,,,"N_Qubit unknown: requires a real Cebule MOL_MAP run for this molecule/basis (see mol_map row's note). Cebule QASM_GEN basis-state-pair-grouping measurement scheme. Expected to require fewer or equal distinct circuits per iteration than plain 'pauli' measurement (that's QASM_GEN's whole purpose), but the exact circuit count is an output of a real QASM_GEN/TN_QC_OPT run, not predictable in advance -- see docs.mqs.dk QASM_GEN section.",,
1507,Li2,0,1,6,def2-tzvp,basis_set_exchange,tn_qc_opt+mol_map,,n/a,TN_QC_OPT (Cebule),COBYLA,,,1,4,phase,pauli,,,,N_Qubit unknown: requires a real Cebule MOL_MAP run for this molecule/basis (see mol_map row's note). Standard per-Pauli-string measurement (baseline).,,
1508,Li2,0,1,6,def2-tzvp,basis_set_exchange,tn_qc_opt+mol_map,,n/a,TN_QC_OPT (Cebule),COBYLA,,,1,4,phase,qasm_gen_grouped,,,,"N_Qubit unknown: requires a real Cebule MOL_MAP run for this molecule/basis (see mol_map row's note). Cebule QASM_GEN basis-state-pair-grouping measurement scheme. Expected to require fewer or equal distinct circuits per iteration than plain 'pauli' measurement (that's QASM_GEN's whole purpose), but the exact circuit count is an output of a real QASM_GEN/TN_QC_OPT run, not predictable in advance -- see docs.mqs.dk QASM_GEN section.",,
1509,Li2,0,1,6,def2-tzvp,basis_set_exchange,tn_qc_opt+mol_map,,n/a,TN_QC_OPT (Cebule),COBYLA,,,2,1,full,pauli,,,,N_Qubit unknown: requires a real Cebule MOL_MAP run for this molecule/basis (see mol_map row's note). Standard per-Pauli-string measurement (baseline).,,
1510,Li2,0,1,6,def2-tzvp,basis_set_exchange,tn_qc_opt+mol_map,,n/a,TN_QC_OPT (Cebule),COBYLA,,,2,1,full,qasm_gen_grouped,,,,"N_Qubit unknown: requires a real Cebule MOL_MAP run for this molecule/basis (see mol_map row's note). Cebule QASM_GEN basis-state-pair-grouping measurement scheme. Expected to require fewer or equal distinct circuits per iteration than plain 'pauli' measurement (that's QASM_GEN's whole purpose), but the exact circuit count is an output of a real QASM_GEN/TN_QC_OPT run, not predictable in advance -- see docs.mqs.dk QASM_GEN section.",,
1511,Li2,0,1,6,def2-tzvp,basis_set_exchange,tn_qc_opt+mol_map,,n/a,TN_QC_OPT (Cebule),COBYLA,,,2,1,phase,pauli,,,,N_Qubit unknown: requires a real Cebule MOL_MAP run for this molecule/basis (see mol_map row's note). Standard per-Pauli-string measurement (baseline).,,
1512,Li2,0,1,6,def2-tzvp,basis_set_exchange,tn_qc_opt+mol_map,,n/a,TN_QC_OPT (Cebule),COBYLA,,,2,1,phase,qasm_gen_grouped,,,,"N_Qubit unknown: requires a real Cebule MOL_MAP run for this molecule/basis (see mol_map row's note). Cebule QASM_GEN basis-state-pair-grouping measurement scheme. Expected to require fewer or equal distinct circuits per iteration than plain 'pauli' measurement (that's QASM_GEN's whole purpose), but the exact circuit count is an output of a real QASM_GEN/TN_QC_OPT run, not predictable in advance -- see docs.mqs.dk QASM_GEN section.",,
1513,Li2,0,1,6,def2-tzvp,basis_set_exchange,tn_qc_opt+mol_map,,n/a,TN_QC_OPT (Cebule),COBYLA,,,2,2,full,pauli,,,,N_Qubit unknown: requires a real Cebule MOL_MAP run for this molecule/basis (see mol_map row's note). Standard per-Pauli-string measurement (baseline).,,
1514,Li2,0,1,6,def2-tzvp,basis_set_exchange,tn_qc_opt+mol_map,,n/a,TN_QC_OPT (Cebule),COBYLA,,,2,2,full,qasm_gen_grouped,,,,"N_Qubit unknown: requires a real Cebule MOL_MAP run for this molecule/basis (see mol_map row's note). Cebule QASM_GEN basis-state-pair-grouping measurement scheme. Expected to require fewer or equal distinct circuits per iteration than plain 'pauli' measurement (that's QASM_GEN's whole purpose), but the exact circuit count is an output of a real QASM_GEN/TN_QC_OPT run, not predictable in advance -- see docs.mqs.dk QASM_GEN section.",,
1515,Li2,0,1,6,def2-tzvp,basis_set_exchange,tn_qc_opt+mol_map,,n/a,TN_QC_OPT (Cebule),COBYLA,,,2,2,phase,pauli,,,,N_Qubit unknown: requires a real Cebule MOL_MAP run for this molecule/basis (see mol_map row's note). Standard per-Pauli-string measurement (baseline).,,
1516,Li2,0,1,6,def2-tzvp,basis_set_exchange,tn_qc_opt+mol_map,,n/a,TN_QC_OPT (Cebule),COBYLA,,,2,2,phase,qasm_gen_grouped,,,,"N_Qubit unknown: requires a real Cebule MOL_MAP run for this molecule/basis (see mol_map row's note). Cebule QASM_GEN basis-state-pair-grouping measurement scheme. Expected to require fewer or equal distinct circuits per iteration than plain 'pauli' measurement (that's QASM_GEN's whole purpose), but the exact circuit count is an output of a real QASM_GEN/TN_QC_OPT run, not predictable in advance -- see docs.mqs.dk QASM_GEN section.",,
1517,Li2,0,1,6,def2-tzvp,basis_set_exchange,tn_qc_opt+mol_map,,n/a,TN_QC_OPT (Cebule),COBYLA,,,2,3,full,pauli,,,,N_Qubit unknown: requires a real Cebule MOL_MAP run for this molecule/basis (see mol_map row's note). Standard per-Pauli-string measurement (baseline).,,
1518,Li2,0,1,6,def2-tzvp,basis_set_exchange,tn_qc_opt+mol_map,,n/a,TN_QC_OPT (Cebule),COBYLA,,,2,3,full,qasm_gen_grouped,,,,"N_Qubit unknown: requires a real Cebule MOL_MAP run for this molecule/basis (see mol_map row's note). Cebule QASM_GEN basis-state-pair-grouping measurement scheme. Expected to require fewer or equal distinct circuits per iteration than plain 'pauli' measurement (that's QASM_GEN's whole purpose), but the exact circuit count is an output of a real QASM_GEN/TN_QC_OPT run, not predictable in advance -- see docs.mqs.dk QASM_GEN section.",,
1519,Li2,0,1,6,def2-tzvp,basis_set_exchange,tn_qc_opt+mol_map,,n/a,TN_QC_OPT (Cebule),COBYLA,,,2,3,phase,pauli,,,,N_Qubit unknown: requires a real Cebule MOL_MAP run for this molecule/basis (see mol_map row's note). Standard per-Pauli-string measurement (baseline).,,
1520,Li2,0,1,6,def2-tzvp,basis_set_exchange,tn_qc_opt+mol_map,,n/a,TN_QC_OPT (Cebule),COBYLA,,,2,3,phase,qasm_gen_grouped,,,,"N_Qubit unknown: requires a real Cebule MOL_MAP run for this molecule/basis (see mol_map row's note). Cebule QASM_GEN basis-state-pair-grouping measurement scheme. Expected to require fewer or equal distinct circuits per iteration than plain 'pauli' measurement (that's QASM_GEN's whole purpose), but the exact circuit count is an output of a real QASM_GEN/TN_QC_OPT run, not predictable in advance -- see docs.mqs.dk QASM_GEN section.",,
1521,Li2,0,1,6,def2-tzvp,basis_set_exchange,tn_qc_opt+mol_map,,n/a,TN_QC_OPT (Cebule),COBYLA,,,2,4,full,pauli,,,,N_Qubit unknown: requires a real Cebule MOL_MAP run for this molecule/basis (see mol_map row's note). Standard per-Pauli-string measurement (baseline).,,
1522,Li2,0,1,6,def2-tzvp,basis_set_exchange,tn_qc_opt+mol_map,,n/a,TN_QC_OPT (Cebule),COBYLA,,,2,4,full,qasm_gen_grouped,,,,"N_Qubit unknown: requires a real Cebule MOL_MAP run for this molecule/basis (see mol_map row's note). Cebule QASM_GEN basis-state-pair-grouping measurement scheme. Expected to require fewer or equal distinct circuits per iteration than plain 'pauli' measurement (that's QASM_GEN's whole purpose), but the exact circuit count is an output of a real QASM_GEN/TN_QC_OPT run, not predictable in advance -- see docs.mqs.dk QASM_GEN section.",,
1523,Li2,0,1,6,def2-tzvp,basis_set_exchange,tn_qc_opt+mol_map,,n/a,TN_QC_OPT (Cebule),COBYLA,,,2,4,phase,pauli,,,,N_Qubit unknown: requires a real Cebule MOL_MAP run for this molecule/basis (see mol_map row's note). Standard per-Pauli-string measurement (baseline).,,
1524,Li2,0,1,6,def2-tzvp,basis_set_exchange,tn_qc_opt+mol_map,,n/a,TN_QC_OPT (Cebule),COBYLA,,,2,4,phase,qasm_gen_grouped,,,,"N_Qubit unknown: requires a real Cebule MOL_MAP run for this molecule/basis (see mol_map row's note). Cebule QASM_GEN basis-state-pair-grouping measurement scheme. Expected to require fewer or equal distinct circuits per iteration than plain 'pauli' measurement (that's QASM_GEN's whole purpose), but the exact circuit count is an output of a real QASM_GEN/TN_QC_OPT run, not predictable in advance -- see docs.mqs.dk QASM_GEN section.",,
1525,Li2,0,1,6,def2-tzvp,basis_set_exchange,tn_qc_opt+mol_map,,n/a,TN_QC_OPT (Cebule),COBYLA,,,3,1,full,pauli,,,,N_Qubit unknown: requires a real Cebule MOL_MAP run for this molecule/basis (see mol_map row's note). Standard per-Pauli-string measurement (baseline).,,
1526,Li2,0,1,6,def2-tzvp,basis_set_exchange,tn_qc_opt+mol_map,,n/a,TN_QC_OPT (Cebule),COBYLA,,,3,1,full,qasm_gen_grouped,,,,"N_Qubit unknown: requires a real Cebule MOL_MAP run for this molecule/basis (see mol_map row's note). Cebule QASM_GEN basis-state-pair-grouping measurement scheme. Expected to require fewer or equal distinct circuits per iteration than plain 'pauli' measurement (that's QASM_GEN's whole purpose), but the exact circuit count is an output of a real QASM_GEN/TN_QC_OPT run, not predictable in advance -- see docs.mqs.dk QASM_GEN section.",,
1527,Li2,0,1,6,def2-tzvp,basis_set_exchange,tn_qc_opt+mol_map,,n/a,TN_QC_OPT (Cebule),COBYLA,,,3,1,phase,pauli,,,,N_Qubit unknown: requires a real Cebule MOL_MAP run for this molecule/basis (see mol_map row's note). Standard per-Pauli-string measurement (baseline).,,
1528,Li2,0,1,6,def2-tzvp,basis_set_exchange,tn_qc_opt+mol_map,,n/a,TN_QC_OPT (Cebule),COBYLA,,,3,1,phase,qasm_gen_grouped,,,,"N_Qubit unknown: requires a real Cebule MOL_MAP run for this molecule/basis (see mol_map row's note). Cebule QASM_GEN basis-state-pair-grouping measurement scheme. Expected to require fewer or equal distinct circuits per iteration than plain 'pauli' measurement (that's QASM_GEN's whole purpose), but the exact circuit count is an output of a real QASM_GEN/TN_QC_OPT run, not predictable in advance -- see docs.mqs.dk QASM_GEN section.",,
1529,Li2,0,1,6,def2-tzvp,basis_set_exchange,tn_qc_opt+mol_map,,n/a,TN_QC_OPT (Cebule),COBYLA,,,3,2,full,pauli,,,,N_Qubit unknown: requires a real Cebule MOL_MAP run for this molecule/basis (see mol_map row's note). Standard per-Pauli-string measurement (baseline).,,
1530,Li2,0,1,6,def2-tzvp,basis_set_exchange,tn_qc_opt+mol_map,,n/a,TN_QC_OPT (Cebule),COBYLA,,,3,2,full,qasm_gen_grouped,,,,"N_Qubit unknown: requires a real Cebule MOL_MAP run for this molecule/basis (see mol_map row's note). Cebule QASM_GEN basis-state-pair-grouping measurement scheme. Expected to require fewer or equal distinct circuits per iteration than plain 'pauli' measurement (that's QASM_GEN's whole purpose), but the exact circuit count is an output of a real QASM_GEN/TN_QC_OPT run, not predictable in advance -- see docs.mqs.dk QASM_GEN section.",,
1531,Li2,0,1,6,def2-tzvp,basis_set_exchange,tn_qc_opt+mol_map,,n/a,TN_QC_OPT (Cebule),COBYLA,,,3,2,phase,pauli,,,,N_Qubit unknown: requires a real Cebule MOL_MAP run for this molecule/basis (see mol_map row's note). Standard per-Pauli-string measurement (baseline).,,
1532,Li2,0,1,6,def2-tzvp,basis_set_exchange,tn_qc_opt+mol_map,,n/a,TN_QC_OPT (Cebule),COBYLA,,,3,2,phase,qasm_gen_grouped,,,,"N_Qubit unknown: requires a real Cebule MOL_MAP run for this molecule/basis (see mol_map row's note). Cebule QASM_GEN basis-state-pair-grouping measurement scheme. Expected to require fewer or equal distinct circuits per iteration than plain 'pauli' measurement (that's QASM_GEN's whole purpose), but the exact circuit count is an output of a real QASM_GEN/TN_QC_OPT run, not predictable in advance -- see docs.mqs.dk QASM_GEN section.",,
1533,Li2,0,1,6,def2-tzvp,basis_set_exchange,tn_qc_opt+mol_map,,n/a,TN_QC_OPT (Cebule),COBYLA,,,3,3,full,pauli,,,,N_Qubit unknown: requires a real Cebule MOL_MAP run for this molecule/basis (see mol_map row's note). Standard per-Pauli-string measurement (baseline).,,
1534,Li2,0,1,6,def2-tzvp,basis_set_exchange,tn_qc_opt+mol_map,,n/a,TN_QC_OPT (Cebule),COBYLA,,,3,3,full,qasm_gen_grouped,,,,"N_Qubit unknown: requires a real Cebule MOL_MAP run for this molecule/basis (see mol_map row's note). Cebule QASM_GEN basis-state-pair-grouping measurement scheme. Expected to require fewer or equal distinct circuits per iteration than plain 'pauli' measurement (that's QASM_GEN's whole purpose), but the exact circuit count is an output of a real QASM_GEN/TN_QC_OPT run, not predictable in advance -- see docs.mqs.dk QASM_GEN section.",,
1535,Li2,0,1,6,def2-tzvp,basis_set_exchange,tn_qc_opt+mol_map,,n/a,TN_QC_OPT (Cebule),COBYLA,,,3,3,phase,pauli,,,,N_Qubit unknown: requires a real Cebule MOL_MAP run for this molecule/basis (see mol_map row's note). Standard per-Pauli-string measurement (baseline).,,
1536,Li2,0,1,6,def2-tzvp,basis_set_exchange,tn_qc_opt+mol_map,,n/a,TN_QC_OPT (Cebule),COBYLA,,,3,3,phase,qasm_gen_grouped,,,,"N_Qubit unknown: requires a real Cebule MOL_MAP run for this molecule/basis (see mol_map row's note). Cebule QASM_GEN basis-state-pair-grouping measurement scheme. Expected to require fewer or equal distinct circuits per iteration than plain 'pauli' measurement (that's QASM_GEN's whole purpose), but the exact circuit count is an output of a real QASM_GEN/TN_QC_OPT run, not predictable in advance -- see docs.mqs.dk QASM_GEN section.",,
1537,Li2,0,1,6,def2-tzvp,basis_set_exchange,tn_qc_opt+mol_map,,n/a,TN_QC_OPT (Cebule),COBYLA,,,3,4,full,pauli,,,,N_Qubit unknown: requires a real Cebule MOL_MAP run for this molecule/basis (see mol_map row's note). Standard per-Pauli-string measurement (baseline).,,
1538,Li2,0,1,6,def2-tzvp,basis_set_exchange,tn_qc_opt+mol_map,,n/a,TN_QC_OPT (Cebule),COBYLA,,,3,4,full,qasm_gen_grouped,,,,"N_Qubit unknown: requires a real Cebule MOL_MAP run for this molecule/basis (see mol_map row's note). Cebule QASM_GEN basis-state-pair-grouping measurement scheme. Expected to require fewer or equal distinct circuits per iteration than plain 'pauli' measurement (that's QASM_GEN's whole purpose), but the exact circuit count is an output of a real QASM_GEN/TN_QC_OPT run, not predictable in advance -- see docs.mqs.dk QASM_GEN section.",,
1539,Li2,0,1,6,def2-tzvp,basis_set_exchange,tn_qc_opt+mol_map,,n/a,TN_QC_OPT (Cebule),COBYLA,,,3,4,phase,pauli,,,,N_Qubit unknown: requires a real Cebule MOL_MAP run for this molecule/basis (see mol_map row's note). Standard per-Pauli-string measurement (baseline).,,
1540,Li2,0,1,6,def2-tzvp,basis_set_exchange,tn_qc_opt+mol_map,,n/a,TN_QC_OPT (Cebule),COBYLA,,,3,4,phase,qasm_gen_grouped,,,,"N_Qubit unknown: requires a real Cebule MOL_MAP run for this molecule/basis (see mol_map row's note). Cebule QASM_GEN basis-state-pair-grouping measurement scheme. Expected to require fewer or equal distinct circuits per iteration than plain 'pauli' measurement (that's QASM_GEN's whole purpose), but the exact circuit count is an output of a real QASM_GEN/TN_QC_OPT run, not predictable in advance -- see docs.mqs.dk QASM_GEN section.",,
1597,Li2,0,1,6,qvSZP,grimme_qvszp,tn_qc_opt+mol_map,,n/a,TN_QC_OPT (Cebule),COBYLA,,,0,1,n/a (no TN layers),pauli,,,,N_Qubit unknown: requires a real Cebule MOL_MAP run for this molecule/basis (see mol_map row's note). TN_Layers_Network=0 is the paper's 'circuit only' baseline -- equivalent to plain VQE with this Hamiltonian encoding and no TN preprocessing. Standard per-Pauli-string measurement (baseline).,,
1598,Li2,0,1,6,qvSZP,grimme_qvszp,tn_qc_opt+mol_map,,n/a,TN_QC_OPT (Cebule),COBYLA,,,0,1,n/a (no TN layers),qasm_gen_grouped,,,,"N_Qubit unknown: requires a real Cebule MOL_MAP run for this molecule/basis (see mol_map row's note). TN_Layers_Network=0 is the paper's 'circuit only' baseline -- equivalent to plain VQE with this Hamiltonian encoding and no TN preprocessing. Cebule QASM_GEN basis-state-pair-grouping measurement scheme. Expected to require fewer or equal distinct circuits per iteration than plain 'pauli' measurement (that's QASM_GEN's whole purpose), but the exact circuit count is an output of a real QASM_GEN/TN_QC_OPT run, not predictable in advance -- see docs.mqs.dk QASM_GEN section.",,
1599,Li2,0,1,6,qvSZP,grimme_qvszp,tn_qc_opt+mol_map,,n/a,TN_QC_OPT (Cebule),COBYLA,,,0,2,n/a (no TN layers),pauli,,,,N_Qubit unknown: requires a real Cebule MOL_MAP run for this molecule/basis (see mol_map row's note). TN_Layers_Network=0 is the paper's 'circuit only' baseline -- equivalent to plain VQE with this Hamiltonian encoding and no TN preprocessing. Standard per-Pauli-string measurement (baseline).,,
1600,Li2,0,1,6,qvSZP,grimme_qvszp,tn_qc_opt+mol_map,,n/a,TN_QC_OPT (Cebule),COBYLA,,,0,2,n/a (no TN layers),qasm_gen_grouped,,,,"N_Qubit unknown: requires a real Cebule MOL_MAP run for this molecule/basis (see mol_map row's note). TN_Layers_Network=0 is the paper's 'circuit only' baseline -- equivalent to plain VQE with this Hamiltonian encoding and no TN preprocessing. Cebule QASM_GEN basis-state-pair-grouping measurement scheme. Expected to require fewer or equal distinct circuits per iteration than plain 'pauli' measurement (that's QASM_GEN's whole purpose), but the exact circuit count is an output of a real QASM_GEN/TN_QC_OPT run, not predictable in advance -- see docs.mqs.dk QASM_GEN section.",,
1601,Li2,0,1,6,qvSZP,grimme_qvszp,tn_qc_opt+mol_map,,n/a,TN_QC_OPT (Cebule),COBYLA,,,0,3,n/a (no TN layers),pauli,,,,N_Qubit unknown: requires a real Cebule MOL_MAP run for this molecule/basis (see mol_map row's note). TN_Layers_Network=0 is the paper's 'circuit only' baseline -- equivalent to plain VQE with this Hamiltonian encoding and no TN preprocessing. Standard per-Pauli-string measurement (baseline).,,
1602,Li2,0,1,6,qvSZP,grimme_qvszp,tn_qc_opt+mol_map,,n/a,TN_QC_OPT (Cebule),COBYLA,,,0,3,n/a (no TN layers),qasm_gen_grouped,,,,"N_Qubit unknown: requires a real Cebule MOL_MAP run for this molecule/basis (see mol_map row's note). TN_Layers_Network=0 is the paper's 'circuit only' baseline -- equivalent to plain VQE with this Hamiltonian encoding and no TN preprocessing. Cebule QASM_GEN basis-state-pair-grouping measurement scheme. Expected to require fewer or equal distinct circuits per iteration than plain 'pauli' measurement (that's QASM_GEN's whole purpose), but the exact circuit count is an output of a real QASM_GEN/TN_QC_OPT run, not predictable in advance -- see docs.mqs.dk QASM_GEN section.",,
1603,Li2,0,1,6,qvSZP,grimme_qvszp,tn_qc_opt+mol_map,,n/a,TN_QC_OPT (Cebule),COBYLA,,,0,4,n/a (no TN layers),pauli,,,,N_Qubit unknown: requires a real Cebule MOL_MAP run for this molecule/basis (see mol_map row's note). TN_Layers_Network=0 is the paper's 'circuit only' baseline -- equivalent to plain VQE with this Hamiltonian encoding and no TN preprocessing. Standard per-Pauli-string measurement (baseline).,,
1604,Li2,0,1,6,qvSZP,grimme_qvszp,tn_qc_opt+mol_map,,n/a,TN_QC_OPT (Cebule),COBYLA,,,0,4,n/a (no TN layers),qasm_gen_grouped,,,,"N_Qubit unknown: requires a real Cebule MOL_MAP run for this molecule/basis (see mol_map row's note). TN_Layers_Network=0 is the paper's 'circuit only' baseline -- equivalent to plain VQE with this Hamiltonian encoding and no TN preprocessing. Cebule QASM_GEN basis-state-pair-grouping measurement scheme. Expected to require fewer or equal distinct circuits per iteration than plain 'pauli' measurement (that's QASM_GEN's whole purpose), but the exact circuit count is an output of a real QASM_GEN/TN_QC_OPT run, not predictable in advance -- see docs.mqs.dk QASM_GEN section.",,
1605,Li2,0,1,6,qvSZP,grimme_qvszp,tn_qc_opt+mol_map,,n/a,TN_QC_OPT (Cebule),COBYLA,,,1,1,full,pauli,,,,N_Qubit unknown: requires a real Cebule MOL_MAP run for this molecule/basis (see mol_map row's note). Standard per-Pauli-string measurement (baseline).,,
1606,Li2,0,1,6,qvSZP,grimme_qvszp,tn_qc_opt+mol_map,,n/a,TN_QC_OPT (Cebule),COBYLA,,,1,1,full,qasm_gen_grouped,,,,"N_Qubit unknown: requires a real Cebule MOL_MAP run for this molecule/basis (see mol_map row's note). Cebule QASM_GEN basis-state-pair-grouping measurement scheme. Expected to require fewer or equal distinct circuits per iteration than plain 'pauli' measurement (that's QASM_GEN's whole purpose), but the exact circuit count is an output of a real QASM_GEN/TN_QC_OPT run, not predictable in advance -- see docs.mqs.dk QASM_GEN section.",,
1607,Li2,0,1,6,qvSZP,grimme_qvszp,tn_qc_opt+mol_map,,n/a,TN_QC_OPT (Cebule),COBYLA,,,1,1,phase,pauli,,,,N_Qubit unknown: requires a real Cebule MOL_MAP run for this molecule/basis (see mol_map row's note). Standard per-Pauli-string measurement (baseline).,,
1608,Li2,0,1,6,qvSZP,grimme_qvszp,tn_qc_opt+mol_map,,n/a,TN_QC_OPT (Cebule),COBYLA,,,1,1,phase,qasm_gen_grouped,,,,"N_Qubit unknown: requires a real Cebule MOL_MAP run for this molecule/basis (see mol_map row's note). Cebule QASM_GEN basis-state-pair-grouping measurement scheme. Expected to require fewer or equal distinct circuits per iteration than plain 'pauli' measurement (that's QASM_GEN's whole purpose), but the exact circuit count is an output of a real QASM_GEN/TN_QC_OPT run, not predictable in advance -- see docs.mqs.dk QASM_GEN section.",,
1609,Li2,0,1,6,qvSZP,grimme_qvszp,tn_qc_opt+mol_map,,n/a,TN_QC_OPT (Cebule),COBYLA,,,1,2,full,pauli,,,,N_Qubit unknown: requires a real Cebule MOL_MAP run for this molecule/basis (see mol_map row's note). Standard per-Pauli-string measurement (baseline).,,
1610,Li2,0,1,6,qvSZP,grimme_qvszp,tn_qc_opt+mol_map,,n/a,TN_QC_OPT (Cebule),COBYLA,,,1,2,full,qasm_gen_grouped,,,,"N_Qubit unknown: requires a real Cebule MOL_MAP run for this molecule/basis (see mol_map row's note). Cebule QASM_GEN basis-state-pair-grouping measurement scheme. Expected to require fewer or equal distinct circuits per iteration than plain 'pauli' measurement (that's QASM_GEN's whole purpose), but the exact circuit count is an output of a real QASM_GEN/TN_QC_OPT run, not predictable in advance -- see docs.mqs.dk QASM_GEN section.",,
1611,Li2,0,1,6,qvSZP,grimme_qvszp,tn_qc_opt+mol_map,,n/a,TN_QC_OPT (Cebule),COBYLA,,,1,2,phase,pauli,,,,N_Qubit unknown: requires a real Cebule MOL_MAP run for this molecule/basis (see mol_map row's note). Standard per-Pauli-string measurement (baseline).,,
1612,Li2,0,1,6,qvSZP,grimme_qvszp,tn_qc_opt+mol_map,,n/a,TN_QC_OPT (Cebule),COBYLA,,,1,2,phase,qasm_gen_grouped,,,,"N_Qubit unknown: requires a real Cebule MOL_MAP run for this molecule/basis (see mol_map row's note). Cebule QASM_GEN basis-state-pair-grouping measurement scheme. Expected to require fewer or equal distinct circuits per iteration than plain 'pauli' measurement (that's QASM_GEN's whole purpose), but the exact circuit count is an output of a real QASM_GEN/TN_QC_OPT run, not predictable in advance -- see docs.mqs.dk QASM_GEN section.",,
1613,Li2,0,1,6,qvSZP,grimme_qvszp,tn_qc_opt+mol_map,,n/a,TN_QC_OPT (Cebule),COBYLA,,,1,3,full,pauli,,,,N_Qubit unknown: requires a real Cebule MOL_MAP run for this molecule/basis (see mol_map row's note). Standard per-Pauli-string measurement (baseline).,,
1614,Li2,0,1,6,qvSZP,grimme_qvszp,tn_qc_opt+mol_map,,n/a,TN_QC_OPT (Cebule),COBYLA,,,1,3,full,qasm_gen_grouped,,,,"N_Qubit unknown: requires a real Cebule MOL_MAP run for this molecule/basis (see mol_map row's note). Cebule QASM_GEN basis-state-pair-grouping measurement scheme. Expected to require fewer or equal distinct circuits per iteration than plain 'pauli' measurement (that's QASM_GEN's whole purpose), but the exact circuit count is an output of a real QASM_GEN/TN_QC_OPT run, not predictable in advance -- see docs.mqs.dk QASM_GEN section.",,
1615,Li2,0,1,6,qvSZP,grimme_qvszp,tn_qc_opt+mol_map,,n/a,TN_QC_OPT (Cebule),COBYLA,,,1,3,phase,pauli,,,,N_Qubit unknown: requires a real Cebule MOL_MAP run for this molecule/basis (see mol_map row's note). Standard per-Pauli-string measurement (baseline).,,
1616,Li2,0,1,6,qvSZP,grimme_qvszp,tn_qc_opt+mol_map,,n/a,TN_QC_OPT (Cebule),COBYLA,,,1,3,phase,qasm_gen_grouped,,,,"N_Qubit unknown: requires a real Cebule MOL_MAP run for this molecule/basis (see mol_map row's note). Cebule QASM_GEN basis-state-pair-grouping measurement scheme. Expected to require fewer or equal distinct circuits per iteration than plain 'pauli' measurement (that's QASM_GEN's whole purpose), but the exact circuit count is an output of a real QASM_GEN/TN_QC_OPT run, not predictable in advance -- see docs.mqs.dk QASM_GEN section.",,
1617,Li2,0,1,6,qvSZP,grimme_qvszp,tn_qc_opt+mol_map,,n/a,TN_QC_OPT (Cebule),COBYLA,,,1,4,full,pauli,,,,N_Qubit unknown: requires a real Cebule MOL_MAP run for this molecule/basis (see mol_map row's note). Standard per-Pauli-string measurement (baseline).,,
1618,Li2,0,1,6,qvSZP,grimme_qvszp,tn_qc_opt+mol_map,,n/a,TN_QC_OPT (Cebule),COBYLA,,,1,4,full,qasm_gen_grouped,,,,"N_Qubit unknown: requires a real Cebule MOL_MAP run for this molecule/basis (see mol_map row's note). Cebule QASM_GEN basis-state-pair-grouping measurement scheme. Expected to require fewer or equal distinct circuits per iteration than plain 'pauli' measurement (that's QASM_GEN's whole purpose), but the exact circuit count is an output of a real QASM_GEN/TN_QC_OPT run, not predictable in advance -- see docs.mqs.dk QASM_GEN section.",,
1619,Li2,0,1,6,qvSZP,grimme_qvszp,tn_qc_opt+mol_map,,n/a,TN_QC_OPT (Cebule),COBYLA,,,1,4,phase,pauli,,,,N_Qubit unknown: requires a real Cebule MOL_MAP run for this molecule/basis (see mol_map row's note). Standard per-Pauli-string measurement (baseline).,,
1620,Li2,0,1,6,qvSZP,grimme_qvszp,tn_qc_opt+mol_map,,n/a,TN_QC_OPT (Cebule),COBYLA,,,1,4,phase,qasm_gen_grouped,,,,"N_Qubit unknown: requires a real Cebule MOL_MAP run for this molecule/basis (see mol_map row's note). Cebule QASM_GEN basis-state-pair-grouping measurement scheme. Expected to require fewer or equal distinct circuits per iteration than plain 'pauli' measurement (that's QASM_GEN's whole purpose), but the exact circuit count is an output of a real QASM_GEN/TN_QC_OPT run, not predictable in advance -- see docs.mqs.dk QASM_GEN section.",,
1621,Li2,0,1,6,qvSZP,grimme_qvszp,tn_qc_opt+mol_map,,n/a,TN_QC_OPT (Cebule),COBYLA,,,2,1,full,pauli,,,,N_Qubit unknown: requires a real Cebule MOL_MAP run for this molecule/basis (see mol_map row's note). Standard per-Pauli-string measurement (baseline).,,
1622,Li2,0,1,6,qvSZP,grimme_qvszp,tn_qc_opt+mol_map,,n/a,TN_QC_OPT (Cebule),COBYLA,,,2,1,full,qasm_gen_grouped,,,,"N_Qubit unknown: requires a real Cebule MOL_MAP run for this molecule/basis (see mol_map row's note). Cebule QASM_GEN basis-state-pair-grouping measurement scheme. Expected to require fewer or equal distinct circuits per iteration than plain 'pauli' measurement (that's QASM_GEN's whole purpose), but the exact circuit count is an output of a real QASM_GEN/TN_QC_OPT run, not predictable in advance -- see docs.mqs.dk QASM_GEN section.",,
1623,Li2,0,1,6,qvSZP,grimme_qvszp,tn_qc_opt+mol_map,,n/a,TN_QC_OPT (Cebule),COBYLA,,,2,1,phase,pauli,,,,N_Qubit unknown: requires a real Cebule MOL_MAP run for this molecule/basis (see mol_map row's note). Standard per-Pauli-string measurement (baseline).,,
1624,Li2,0,1,6,qvSZP,grimme_qvszp,tn_qc_opt+mol_map,,n/a,TN_QC_OPT (Cebule),COBYLA,,,2,1,phase,qasm_gen_grouped,,,,"N_Qubit unknown: requires a real Cebule MOL_MAP run for this molecule/basis (see mol_map row's note). Cebule QASM_GEN basis-state-pair-grouping measurement scheme. Expected to require fewer or equal distinct circuits per iteration than plain 'pauli' measurement (that's QASM_GEN's whole purpose), but the exact circuit count is an output of a real QASM_GEN/TN_QC_OPT run, not predictable in advance -- see docs.mqs.dk QASM_GEN section.",,
1625,Li2,0,1,6,qvSZP,grimme_qvszp,tn_qc_opt+mol_map,,n/a,TN_QC_OPT (Cebule),COBYLA,,,2,2,full,pauli,,,,N_Qubit unknown: requires a real Cebule MOL_MAP run for this molecule/basis (see mol_map row's note). Standard per-Pauli-string measurement (baseline).,,
1626,Li2,0,1,6,qvSZP,grimme_qvszp,tn_qc_opt+mol_map,,n/a,TN_QC_OPT (Cebule),COBYLA,,,2,2,full,qasm_gen_grouped,,,,"N_Qubit unknown: requires a real Cebule MOL_MAP run for this molecule/basis (see mol_map row's note). Cebule QASM_GEN basis-state-pair-grouping measurement scheme. Expected to require fewer or equal distinct circuits per iteration than plain 'pauli' measurement (that's QASM_GEN's whole purpose), but the exact circuit count is an output of a real QASM_GEN/TN_QC_OPT run, not predictable in advance -- see docs.mqs.dk QASM_GEN section.",,
1627,Li2,0,1,6,qvSZP,grimme_qvszp,tn_qc_opt+mol_map,,n/a,TN_QC_OPT (Cebule),COBYLA,,,2,2,phase,pauli,,,,N_Qubit unknown: requires a real Cebule MOL_MAP run for this molecule/basis (see mol_map row's note). Standard per-Pauli-string measurement (baseline).,,
1628,Li2,0,1,6,qvSZP,grimme_qvszp,tn_qc_opt+mol_map,,n/a,TN_QC_OPT (Cebule),COBYLA,,,2,2,phase,qasm_gen_grouped,,,,"N_Qubit unknown: requires a real Cebule MOL_MAP run for this molecule/basis (see mol_map row's note). Cebule QASM_GEN basis-state-pair-grouping measurement scheme. Expected to require fewer or equal distinct circuits per iteration than plain 'pauli' measurement (that's QASM_GEN's whole purpose), but the exact circuit count is an output of a real QASM_GEN/TN_QC_OPT run, not predictable in advance -- see docs.mqs.dk QASM_GEN section.",,
1629,Li2,0,1,6,qvSZP,grimme_qvszp,tn_qc_opt+mol_map,,n/a,TN_QC_OPT (Cebule),COBYLA,,,2,3,full,pauli,,,,N_Qubit unknown: requires a real Cebule MOL_MAP run for this molecule/basis (see mol_map row's note). Standard per-Pauli-string measurement (baseline).,,
1630,Li2,0,1,6,qvSZP,grimme_qvszp,tn_qc_opt+mol_map,,n/a,TN_QC_OPT (Cebule),COBYLA,,,2,3,full,qasm_gen_grouped,,,,"N_Qubit unknown: requires a real Cebule MOL_MAP run for this molecule/basis (see mol_map row's note). Cebule QASM_GEN basis-state-pair-grouping measurement scheme. Expected to require fewer or equal distinct circuits per iteration than plain 'pauli' measurement (that's QASM_GEN's whole purpose), but the exact circuit count is an output of a real QASM_GEN/TN_QC_OPT run, not predictable in advance -- see docs.mqs.dk QASM_GEN section.",,
1631,Li2,0,1,6,qvSZP,grimme_qvszp,tn_qc_opt+mol_map,,n/a,TN_QC_OPT (Cebule),COBYLA,,,2,3,phase,pauli,,,,N_Qubit unknown: requires a real Cebule MOL_MAP run for this molecule/basis (see mol_map row's note). Standard per-Pauli-string measurement (baseline).,,
1632,Li2,0,1,6,qvSZP,grimme_qvszp,tn_qc_opt+mol_map,,n/a,TN_QC_OPT (Cebule),COBYLA,,,2,3,phase,qasm_gen_grouped,,,,"N_Qubit unknown: requires a real Cebule MOL_MAP run for this molecule/basis (see mol_map row's note). Cebule QASM_GEN basis-state-pair-grouping measurement scheme. Expected to require fewer or equal distinct circuits per iteration than plain 'pauli' measurement (that's QASM_GEN's whole purpose), but the exact circuit count is an output of a real QASM_GEN/TN_QC_OPT run, not predictable in advance -- see docs.mqs.dk QASM_GEN section.",,
1633,Li2,0,1,6,qvSZP,grimme_qvszp,tn_qc_opt+mol_map,,n/a,TN_QC_OPT (Cebule),COBYLA,,,2,4,full,pauli,,,,N_Qubit unknown: requires a real Cebule MOL_MAP run for this molecule/basis (see mol_map row's note). Standard per-Pauli-string measurement (baseline).,,
1634,Li2,0,1,6,qvSZP,grimme_qvszp,tn_qc_opt+mol_map,,n/a,TN_QC_OPT (Cebule),COBYLA,,,2,4,full,qasm_gen_grouped,,,,"N_Qubit unknown: requires a real Cebule MOL_MAP run for this molecule/basis (see mol_map row's note). Cebule QASM_GEN basis-state-pair-grouping measurement scheme. Expected to require fewer or equal distinct circuits per iteration than plain 'pauli' measurement (that's QASM_GEN's whole purpose), but the exact circuit count is an output of a real QASM_GEN/TN_QC_OPT run, not predictable in advance -- see docs.mqs.dk QASM_GEN section.",,
1635,Li2,0,1,6,qvSZP,grimme_qvszp,tn_qc_opt+mol_map,,n/a,TN_QC_OPT (Cebule),COBYLA,,,2,4,phase,pauli,,,,N_Qubit unknown: requires a real Cebule MOL_MAP run for this molecule/basis (see mol_map row's note). Standard per-Pauli-string measurement (baseline).,,
1636,Li2,0,1,6,qvSZP,grimme_qvszp,tn_qc_opt+mol_map,,n/a,TN_QC_OPT (Cebule),COBYLA,,,2,4,phase,qasm_gen_grouped,,,,"N_Qubit unknown: requires a real Cebule MOL_MAP run for this molecule/basis (see mol_map row's note). Cebule QASM_GEN basis-state-pair-grouping measurement scheme. Expected to require fewer or equal distinct circuits per iteration than plain 'pauli' measurement (that's QASM_GEN's whole purpose), but the exact circuit count is an output of a real QASM_GEN/TN_QC_OPT run, not predictable in advance -- see docs.mqs.dk QASM_GEN section.",,
1637,Li2,0,1,6,qvSZP,grimme_qvszp,tn_qc_opt+mol_map,,n/a,TN_QC_OPT (Cebule),COBYLA,,,3,1,full,pauli,,,,N_Qubit unknown: requires a real Cebule MOL_MAP run for this molecule/basis (see mol_map row's note). Standard per-Pauli-string measurement (baseline).,,
1638,Li2,0,1,6,qvSZP,grimme_qvszp,tn_qc_opt+mol_map,,n/a,TN_QC_OPT (Cebule),COBYLA,,,3,1,full,qasm_gen_grouped,,,,"N_Qubit unknown: requires a real Cebule MOL_MAP run for this molecule/basis (see mol_map row's note). Cebule QASM_GEN basis-state-pair-grouping measurement scheme. Expected to require fewer or equal distinct circuits per iteration than plain 'pauli' measurement (that's QASM_GEN's whole purpose), but the exact circuit count is an output of a real QASM_GEN/TN_QC_OPT run, not predictable in advance -- see docs.mqs.dk QASM_GEN section.",,
1639,Li2,0,1,6,qvSZP,grimme_qvszp,tn_qc_opt+mol_map,,n/a,TN_QC_OPT (Cebule),COBYLA,,,3,1,phase,pauli,,,,N_Qubit unknown: requires a real Cebule MOL_MAP run for this molecule/basis (see mol_map row's note). Standard per-Pauli-string measurement (baseline).,,
1640,Li2,0,1,6,qvSZP,grimme_qvszp,tn_qc_opt+mol_map,,n/a,TN_QC_OPT (Cebule),COBYLA,,,3,1,phase,qasm_gen_grouped,,,,"N_Qubit unknown: requires a real Cebule MOL_MAP run for this molecule/basis (see mol_map row's note). Cebule QASM_GEN basis-state-pair-grouping measurement scheme. Expected to require fewer or equal distinct circuits per iteration than plain 'pauli' measurement (that's QASM_GEN's whole purpose), but the exact circuit count is an output of a real QASM_GEN/TN_QC_OPT run, not predictable in advance -- see docs.mqs.dk QASM_GEN section.",,
1641,Li2,0,1,6,qvSZP,grimme_qvszp,tn_qc_opt+mol_map,,n/a,TN_QC_OPT (Cebule),COBYLA,,,3,2,full,pauli,,,,N_Qubit unknown: requires a real Cebule MOL_MAP run for this molecule/basis (see mol_map row's note). Standard per-Pauli-string measurement (baseline).,,
1642,Li2,0,1,6,qvSZP,grimme_qvszp,tn_qc_opt+mol_map,,n/a,TN_QC_OPT (Cebule),COBYLA,,,3,2,full,qasm_gen_grouped,,,,"N_Qubit unknown: requires a real Cebule MOL_MAP run for this molecule/basis (see mol_map row's note). Cebule QASM_GEN basis-state-pair-grouping measurement scheme. Expected to require fewer or equal distinct circuits per iteration than plain 'pauli' measurement (that's QASM_GEN's whole purpose), but the exact circuit count is an output of a real QASM_GEN/TN_QC_OPT run, not predictable in advance -- see docs.mqs.dk QASM_GEN section.",,
1643,Li2,0,1,6,qvSZP,grimme_qvszp,tn_qc_opt+mol_map,,n/a,TN_QC_OPT (Cebule),COBYLA,,,3,2,phase,pauli,,,,N_Qubit unknown: requires a real Cebule MOL_MAP run for this molecule/basis (see mol_map row's note). Standard per-Pauli-string measurement (baseline).,,
1644,Li2,0,1,6,qvSZP,grimme_qvszp,tn_qc_opt+mol_map,,n/a,TN_QC_OPT (Cebule),COBYLA,,,3,2,phase,qasm_gen_grouped,,,,"N_Qubit unknown: requires a real Cebule MOL_MAP run for this molecule/basis (see mol_map row's note). Cebule QASM_GEN basis-state-pair-grouping measurement scheme. Expected to require fewer or equal distinct circuits per iteration than plain 'pauli' measurement (that's QASM_GEN's whole purpose), but the exact circuit count is an output of a real QASM_GEN/TN_QC_OPT run, not predictable in advance -- see docs.mqs.dk QASM_GEN section.",,
1645,Li2,0,1,6,qvSZP,grimme_qvszp,tn_qc_opt+mol_map,,n/a,TN_QC_OPT (Cebule),COBYLA,,,3,3,full,pauli,,,,N_Qubit unknown: requires a real Cebule MOL_MAP run for this molecule/basis (see mol_map row's note). Standard per-Pauli-string measurement (baseline).,,
1646,Li2,0,1,6,qvSZP,grimme_qvszp,tn_qc_opt+mol_map,,n/a,TN_QC_OPT (Cebule),COBYLA,,,3,3,full,qasm_gen_grouped,,,,"N_Qubit unknown: requires a real Cebule MOL_MAP run for this molecule/basis (see mol_map row's note). Cebule QASM_GEN basis-state-pair-grouping measurement scheme. Expected to require fewer or equal distinct circuits per iteration than plain 'pauli' measurement (that's QASM_GEN's whole purpose), but the exact circuit count is an output of a real QASM_GEN/TN_QC_OPT run, not predictable in advance -- see docs.mqs.dk QASM_GEN section.",,
1647,Li2,0,1,6,qvSZP,grimme_qvszp,tn_qc_opt+mol_map,,n/a,TN_QC_OPT (Cebule),COBYLA,,,3,3,phase,pauli,,,,N_Qubit unknown: requires a real Cebule MOL_MAP run for this molecule/basis (see mol_map row's note). Standard per-Pauli-string measurement (baseline).,,
1648,Li2,0,1,6,qvSZP,grimme_qvszp,tn_qc_opt+mol_map,,n/a,TN_QC_OPT (Cebule),COBYLA,,,3,3,phase,qasm_gen_grouped,,,,"N_Qubit unknown: requires a real Cebule MOL_MAP run for this molecule/basis (see mol_map row's note). Cebule QASM_GEN basis-state-pair-grouping measurement scheme. Expected to require fewer or equal distinct circuits per iteration than plain 'pauli' measurement (that's QASM_GEN's whole purpose), but the exact circuit count is an output of a real QASM_GEN/TN_QC_OPT run, not predictable in advance -- see docs.mqs.dk QASM_GEN section.",,
1649,Li2,0,1,6,qvSZP,grimme_qvszp,tn_qc_opt+mol_map,,n/a,TN_QC_OPT (Cebule),COBYLA,,,3,4,full,pauli,,,,N_Qubit unknown: requires a real Cebule MOL_MAP run for this molecule/basis (see mol_map row's note). Standard per-Pauli-string measurement (baseline).,,
1650,Li2,0,1,6,qvSZP,grimme_qvszp,tn_qc_opt+mol_map,,n/a,TN_QC_OPT (Cebule),COBYLA,,,3,4,full,qasm_gen_grouped,,,,"N_Qubit unknown: requires a real Cebule MOL_MAP run for this molecule/basis (see mol_map row's note). Cebule QASM_GEN basis-state-pair-grouping measurement scheme. Expected to require fewer or equal distinct circuits per iteration than plain 'pauli' measurement (that's QASM_GEN's whole purpose), but the exact circuit count is an output of a real QASM_GEN/TN_QC_OPT run, not predictable in advance -- see docs.mqs.dk QASM_GEN section.",,
1651,Li2,0,1,6,qvSZP,grimme_qvszp,tn_qc_opt+mol_map,,n/a,TN_QC_OPT (Cebule),COBYLA,,,3,4,phase,pauli,,,,N_Qubit unknown: requires a real Cebule MOL_MAP run for this molecule/basis (see mol_map row's note). Standard per-Pauli-string measurement (baseline).,,
1652,Li2,0,1,6,qvSZP,grimme_qvszp,tn_qc_opt+mol_map,,n/a,TN_QC_OPT (Cebule),COBYLA,,,3,4,phase,qasm_gen_grouped,,,,"N_Qubit unknown: requires a real Cebule MOL_MAP run for this molecule/basis (see mol_map row's note). Cebule QASM_GEN basis-state-pair-grouping measurement scheme. Expected to require fewer or equal distinct circuits per iteration than plain 'pauli' measurement (that's QASM_GEN's whole purpose), but the exact circuit count is an output of a real QASM_GEN/TN_QC_OPT run, not predictable in advance -- see docs.mqs.dk QASM_GEN section.",,
1821,H2O,0,1,10,6-31g,basis_set_exchange,tn_qc_opt+mol_map,,n/a,TN_QC_OPT (Cebule),COBYLA,,,0,1,n/a (no TN layers),pauli,,,,N_Qubit unknown: requires a real Cebule MOL_MAP run for this molecule/basis (see mol_map row's note). TN_Layers_Network=0 is the paper's 'circuit only' baseline -- equivalent to plain VQE with this Hamiltonian encoding and no TN preprocessing. Standard per-Pauli-string measurement (baseline).,,
1822,H2O,0,1,10,6-31g,basis_set_exchange,tn_qc_opt+mol_map,,n/a,TN_QC_OPT (Cebule),COBYLA,,,0,1,n/a (no TN layers),qasm_gen_grouped,,,,"N_Qubit unknown: requires a real Cebule MOL_MAP run for this molecule/basis (see mol_map row's note). TN_Layers_Network=0 is the paper's 'circuit only' baseline -- equivalent to plain VQE with this Hamiltonian encoding and no TN preprocessing. Cebule QASM_GEN basis-state-pair-grouping measurement scheme. Expected to require fewer or equal distinct circuits per iteration than plain 'pauli' measurement (that's QASM_GEN's whole purpose), but the exact circuit count is an output of a real QASM_GEN/TN_QC_OPT run, not predictable in advance -- see docs.mqs.dk QASM_GEN section.",,
1823,H2O,0,1,10,6-31g,basis_set_exchange,tn_qc_opt+mol_map,,n/a,TN_QC_OPT (Cebule),COBYLA,,,0,2,n/a (no TN layers),pauli,,,,N_Qubit unknown: requires a real Cebule MOL_MAP run for this molecule/basis (see mol_map row's note). TN_Layers_Network=0 is the paper's 'circuit only' baseline -- equivalent to plain VQE with this Hamiltonian encoding and no TN preprocessing. Standard per-Pauli-string measurement (baseline).,,
1824,H2O,0,1,10,6-31g,basis_set_exchange,tn_qc_opt+mol_map,,n/a,TN_QC_OPT (Cebule),COBYLA,,,0,2,n/a (no TN layers),qasm_gen_grouped,,,,"N_Qubit unknown: requires a real Cebule MOL_MAP run for this molecule/basis (see mol_map row's note). TN_Layers_Network=0 is the paper's 'circuit only' baseline -- equivalent to plain VQE with this Hamiltonian encoding and no TN preprocessing. Cebule QASM_GEN basis-state-pair-grouping measurement scheme. Expected to require fewer or equal distinct circuits per iteration than plain 'pauli' measurement (that's QASM_GEN's whole purpose), but the exact circuit count is an output of a real QASM_GEN/TN_QC_OPT run, not predictable in advance -- see docs.mqs.dk QASM_GEN section.",,
1825,H2O,0,1,10,6-31g,basis_set_exchange,tn_qc_opt+mol_map,,n/a,TN_QC_OPT (Cebule),COBYLA,,,0,3,n/a (no TN layers),pauli,,,,N_Qubit unknown: requires a real Cebule MOL_MAP run for this molecule/basis (see mol_map row's note). TN_Layers_Network=0 is the paper's 'circuit only' baseline -- equivalent to plain VQE with this Hamiltonian encoding and no TN preprocessing. Standard per-Pauli-string measurement (baseline).,,
1826,H2O,0,1,10,6-31g,basis_set_exchange,tn_qc_opt+mol_map,,n/a,TN_QC_OPT (Cebule),COBYLA,,,0,3,n/a (no TN layers),qasm_gen_grouped,,,,"N_Qubit unknown: requires a real Cebule MOL_MAP run for this molecule/basis (see mol_map row's note). TN_Layers_Network=0 is the paper's 'circuit only' baseline -- equivalent to plain VQE with this Hamiltonian encoding and no TN preprocessing. Cebule QASM_GEN basis-state-pair-grouping measurement scheme. Expected to require fewer or equal distinct circuits per iteration than plain 'pauli' measurement (that's QASM_GEN's whole purpose), but the exact circuit count is an output of a real QASM_GEN/TN_QC_OPT run, not predictable in advance -- see docs.mqs.dk QASM_GEN section.",,
1827,H2O,0,1,10,6-31g,basis_set_exchange,tn_qc_opt+mol_map,,n/a,TN_QC_OPT (Cebule),COBYLA,,,0,4,n/a (no TN layers),pauli,,,,N_Qubit unknown: requires a real Cebule MOL_MAP run for this molecule/basis (see mol_map row's note). TN_Layers_Network=0 is the paper's 'circuit only' baseline -- equivalent to plain VQE with this Hamiltonian encoding and no TN preprocessing. Standard per-Pauli-string measurement (baseline).,,
1828,H2O,0,1,10,6-31g,basis_set_exchange,tn_qc_opt+mol_map,,n/a,TN_QC_OPT (Cebule),COBYLA,,,0,4,n/a (no TN layers),qasm_gen_grouped,,,,"N_Qubit unknown: requires a real Cebule MOL_MAP run for this molecule/basis (see mol_map row's note). TN_Layers_Network=0 is the paper's 'circuit only' baseline -- equivalent to plain VQE with this Hamiltonian encoding and no TN preprocessing. Cebule QASM_GEN basis-state-pair-grouping measurement scheme. Expected to require fewer or equal distinct circuits per iteration than plain 'pauli' measurement (that's QASM_GEN's whole purpose), but the exact circuit count is an output of a real QASM_GEN/TN_QC_OPT run, not predictable in advance -- see docs.mqs.dk QASM_GEN section.",,
1829,H2O,0,1,10,6-31g,basis_set_exchange,tn_qc_opt+mol_map,,n/a,TN_QC_OPT (Cebule),COBYLA,,,1,1,full,pauli,,,,N_Qubit unknown: requires a real Cebule MOL_MAP run for this molecule/basis (see mol_map row's note). Standard per-Pauli-string measurement (baseline).,,
1830,H2O,0,1,10,6-31g,basis_set_exchange,tn_qc_opt+mol_map,,n/a,TN_QC_OPT (Cebule),COBYLA,,,1,1,full,qasm_gen_grouped,,,,"N_Qubit unknown: requires a real Cebule MOL_MAP run for this molecule/basis (see mol_map row's note). Cebule QASM_GEN basis-state-pair-grouping measurement scheme. Expected to require fewer or equal distinct circuits per iteration than plain 'pauli' measurement (that's QASM_GEN's whole purpose), but the exact circuit count is an output of a real QASM_GEN/TN_QC_OPT run, not predictable in advance -- see docs.mqs.dk QASM_GEN section.",,
1831,H2O,0,1,10,6-31g,basis_set_exchange,tn_qc_opt+mol_map,,n/a,TN_QC_OPT (Cebule),COBYLA,,,1,1,phase,pauli,,,,N_Qubit unknown: requires a real Cebule MOL_MAP run for this molecule/basis (see mol_map row's note). Standard per-Pauli-string measurement (baseline).,,
1832,H2O,0,1,10,6-31g,basis_set_exchange,tn_qc_opt+mol_map,,n/a,TN_QC_OPT (Cebule),COBYLA,,,1,1,phase,qasm_gen_grouped,,,,"N_Qubit unknown: requires a real Cebule MOL_MAP run for this molecule/basis (see mol_map row's note). Cebule QASM_GEN basis-state-pair-grouping measurement scheme. Expected to require fewer or equal distinct circuits per iteration than plain 'pauli' measurement (that's QASM_GEN's whole purpose), but the exact circuit count is an output of a real QASM_GEN/TN_QC_OPT run, not predictable in advance -- see docs.mqs.dk QASM_GEN section.",,
1833,H2O,0,1,10,6-31g,basis_set_exchange,tn_qc_opt+mol_map,,n/a,TN_QC_OPT (Cebule),COBYLA,,,1,2,full,pauli,,,,N_Qubit unknown: requires a real Cebule MOL_MAP run for this molecule/basis (see mol_map row's note). Standard per-Pauli-string measurement (baseline).,,
1834,H2O,0,1,10,6-31g,basis_set_exchange,tn_qc_opt+mol_map,,n/a,TN_QC_OPT (Cebule),COBYLA,,,1,2,full,qasm_gen_grouped,,,,"N_Qubit unknown: requires a real Cebule MOL_MAP run for this molecule/basis (see mol_map row's note). Cebule QASM_GEN basis-state-pair-grouping measurement scheme. Expected to require fewer or equal distinct circuits per iteration than plain 'pauli' measurement (that's QASM_GEN's whole purpose), but the exact circuit count is an output of a real QASM_GEN/TN_QC_OPT run, not predictable in advance -- see docs.mqs.dk QASM_GEN section.",,
1835,H2O,0,1,10,6-31g,basis_set_exchange,tn_qc_opt+mol_map,,n/a,TN_QC_OPT (Cebule),COBYLA,,,1,2,phase,pauli,,,,N_Qubit unknown: requires a real Cebule MOL_MAP run for this molecule/basis (see mol_map row's note). Standard per-Pauli-string measurement (baseline).,,
1836,H2O,0,1,10,6-31g,basis_set_exchange,tn_qc_opt+mol_map,,n/a,TN_QC_OPT (Cebule),COBYLA,,,1,2,phase,qasm_gen_grouped,,,,"N_Qubit unknown: requires a real Cebule MOL_MAP run for this molecule/basis (see mol_map row's note). Cebule QASM_GEN basis-state-pair-grouping measurement scheme. Expected to require fewer or equal distinct circuits per iteration than plain 'pauli' measurement (that's QASM_GEN's whole purpose), but the exact circuit count is an output of a real QASM_GEN/TN_QC_OPT run, not predictable in advance -- see docs.mqs.dk QASM_GEN section.",,
1837,H2O,0,1,10,6-31g,basis_set_exchange,tn_qc_opt+mol_map,,n/a,TN_QC_OPT (Cebule),COBYLA,,,1,3,full,pauli,,,,N_Qubit unknown: requires a real Cebule MOL_MAP run for this molecule/basis (see mol_map row's note). Standard per-Pauli-string measurement (baseline).,,
1838,H2O,0,1,10,6-31g,basis_set_exchange,tn_qc_opt+mol_map,,n/a,TN_QC_OPT (Cebule),COBYLA,,,1,3,full,qasm_gen_grouped,,,,"N_Qubit unknown: requires a real Cebule MOL_MAP run for this molecule/basis (see mol_map row's note). Cebule QASM_GEN basis-state-pair-grouping measurement scheme. Expected to require fewer or equal distinct circuits per iteration than plain 'pauli' measurement (that's QASM_GEN's whole purpose), but the exact circuit count is an output of a real QASM_GEN/TN_QC_OPT run, not predictable in advance -- see docs.mqs.dk QASM_GEN section.",,
1839,H2O,0,1,10,6-31g,basis_set_exchange,tn_qc_opt+mol_map,,n/a,TN_QC_OPT (Cebule),COBYLA,,,1,3,phase,pauli,,,,N_Qubit unknown: requires a real Cebule MOL_MAP run for this molecule/basis (see mol_map row's note). Standard per-Pauli-string measurement (baseline).,,
1840,H2O,0,1,10,6-31g,basis_set_exchange,tn_qc_opt+mol_map,,n/a,TN_QC_OPT (Cebule),COBYLA,,,1,3,phase,qasm_gen_grouped,,,,"N_Qubit unknown: requires a real Cebule MOL_MAP run for this molecule/basis (see mol_map row's note). Cebule QASM_GEN basis-state-pair-grouping measurement scheme. Expected to require fewer or equal distinct circuits per iteration than plain 'pauli' measurement (that's QASM_GEN's whole purpose), but the exact circuit count is an output of a real QASM_GEN/TN_QC_OPT run, not predictable in advance -- see docs.mqs.dk QASM_GEN section.",,
1841,H2O,0,1,10,6-31g,basis_set_exchange,tn_qc_opt+mol_map,,n/a,TN_QC_OPT (Cebule),COBYLA,,,1,4,full,pauli,,,,N_Qubit unknown: requires a real Cebule MOL_MAP run for this molecule/basis (see mol_map row's note). Standard per-Pauli-string measurement (baseline).,,
1842,H2O,0,1,10,6-31g,basis_set_exchange,tn_qc_opt+mol_map,,n/a,TN_QC_OPT (Cebule),COBYLA,,,1,4,full,qasm_gen_grouped,,,,"N_Qubit unknown: requires a real Cebule MOL_MAP run for this molecule/basis (see mol_map row's note). Cebule QASM_GEN basis-state-pair-grouping measurement scheme. Expected to require fewer or equal distinct circuits per iteration than plain 'pauli' measurement (that's QASM_GEN's whole purpose), but the exact circuit count is an output of a real QASM_GEN/TN_QC_OPT run, not predictable in advance -- see docs.mqs.dk QASM_GEN section.",,
1843,H2O,0,1,10,6-31g,basis_set_exchange,tn_qc_opt+mol_map,,n/a,TN_QC_OPT (Cebule),COBYLA,,,1,4,phase,pauli,,,,N_Qubit unknown: requires a real Cebule MOL_MAP run for this molecule/basis (see mol_map row's note). Standard per-Pauli-string measurement (baseline).,,
1844,H2O,0,1,10,6-31g,basis_set_exchange,tn_qc_opt+mol_map,,n/a,TN_QC_OPT (Cebule),COBYLA,,,1,4,phase,qasm_gen_grouped,,,,"N_Qubit unknown: requires a real Cebule MOL_MAP run for this molecule/basis (see mol_map row's note). Cebule QASM_GEN basis-state-pair-grouping measurement scheme. Expected to require fewer or equal distinct circuits per iteration than plain 'pauli' measurement (that's QASM_GEN's whole purpose), but the exact circuit count is an output of a real QASM_GEN/TN_QC_OPT run, not predictable in advance -- see docs.mqs.dk QASM_GEN section.",,
1845,H2O,0,1,10,6-31g,basis_set_exchange,tn_qc_opt+mol_map,,n/a,TN_QC_OPT (Cebule),COBYLA,,,2,1,full,pauli,,,,N_Qubit unknown: requires a real Cebule MOL_MAP run for this molecule/basis (see mol_map row's note). Standard per-Pauli-string measurement (baseline).,,
1846,H2O,0,1,10,6-31g,basis_set_exchange,tn_qc_opt+mol_map,,n/a,TN_QC_OPT (Cebule),COBYLA,,,2,1,full,qasm_gen_grouped,,,,"N_Qubit unknown: requires a real Cebule MOL_MAP run for this molecule/basis (see mol_map row's note). Cebule QASM_GEN basis-state-pair-grouping measurement scheme. Expected to require fewer or equal distinct circuits per iteration than plain 'pauli' measurement (that's QASM_GEN's whole purpose), but the exact circuit count is an output of a real QASM_GEN/TN_QC_OPT run, not predictable in advance -- see docs.mqs.dk QASM_GEN section.",,
1847,H2O,0,1,10,6-31g,basis_set_exchange,tn_qc_opt+mol_map,,n/a,TN_QC_OPT (Cebule),COBYLA,,,2,1,phase,pauli,,,,N_Qubit unknown: requires a real Cebule MOL_MAP run for this molecule/basis (see mol_map row's note). Standard per-Pauli-string measurement (baseline).,,
1848,H2O,0,1,10,6-31g,basis_set_exchange,tn_qc_opt+mol_map,,n/a,TN_QC_OPT (Cebule),COBYLA,,,2,1,phase,qasm_gen_grouped,,,,"N_Qubit unknown: requires a real Cebule MOL_MAP run for this molecule/basis (see mol_map row's note). Cebule QASM_GEN basis-state-pair-grouping measurement scheme. Expected to require fewer or equal distinct circuits per iteration than plain 'pauli' measurement (that's QASM_GEN's whole purpose), but the exact circuit count is an output of a real QASM_GEN/TN_QC_OPT run, not predictable in advance -- see docs.mqs.dk QASM_GEN section.",,
1849,H2O,0,1,10,6-31g,basis_set_exchange,tn_qc_opt+mol_map,,n/a,TN_QC_OPT (Cebule),COBYLA,,,2,2,full,pauli,,,,N_Qubit unknown: requires a real Cebule MOL_MAP run for this molecule/basis (see mol_map row's note). Standard per-Pauli-string measurement (baseline).,,
1850,H2O,0,1,10,6-31g,basis_set_exchange,tn_qc_opt+mol_map,,n/a,TN_QC_OPT (Cebule),COBYLA,,,2,2,full,qasm_gen_grouped,,,,"N_Qubit unknown: requires a real Cebule MOL_MAP run for this molecule/basis (see mol_map row's note). Cebule QASM_GEN basis-state-pair-grouping measurement scheme. Expected to require fewer or equal distinct circuits per iteration than plain 'pauli' measurement (that's QASM_GEN's whole purpose), but the exact circuit count is an output of a real QASM_GEN/TN_QC_OPT run, not predictable in advance -- see docs.mqs.dk QASM_GEN section.",,
1851,H2O,0,1,10,6-31g,basis_set_exchange,tn_qc_opt+mol_map,,n/a,TN_QC_OPT (Cebule),COBYLA,,,2,2,phase,pauli,,,,N_Qubit unknown: requires a real Cebule MOL_MAP run for this molecule/basis (see mol_map row's note). Standard per-Pauli-string measurement (baseline).,,
1852,H2O,0,1,10,6-31g,basis_set_exchange,tn_qc_opt+mol_map,,n/a,TN_QC_OPT (Cebule),COBYLA,,,2,2,phase,qasm_gen_grouped,,,,"N_Qubit unknown: requires a real Cebule MOL_MAP run for this molecule/basis (see mol_map row's note). Cebule QASM_GEN basis-state-pair-grouping measurement scheme. Expected to require fewer or equal distinct circuits per iteration than plain 'pauli' measurement (that's QASM_GEN's whole purpose), but the exact circuit count is an output of a real QASM_GEN/TN_QC_OPT run, not predictable in advance -- see docs.mqs.dk QASM_GEN section.",,
1853,H2O,0,1,10,6-31g,basis_set_exchange,tn_qc_opt+mol_map,,n/a,TN_QC_OPT (Cebule),COBYLA,,,2,3,full,pauli,,,,N_Qubit unknown: requires a real Cebule MOL_MAP run for this molecule/basis (see mol_map row's note). Standard per-Pauli-string measurement (baseline).,,
1854,H2O,0,1,10,6-31g,basis_set_exchange,tn_qc_opt+mol_map,,n/a,TN_QC_OPT (Cebule),COBYLA,,,2,3,full,qasm_gen_grouped,,,,"N_Qubit unknown: requires a real Cebule MOL_MAP run for this molecule/basis (see mol_map row's note). Cebule QASM_GEN basis-state-pair-grouping measurement scheme. Expected to require fewer or equal distinct circuits per iteration than plain 'pauli' measurement (that's QASM_GEN's whole purpose), but the exact circuit count is an output of a real QASM_GEN/TN_QC_OPT run, not predictable in advance -- see docs.mqs.dk QASM_GEN section.",,
1855,H2O,0,1,10,6-31g,basis_set_exchange,tn_qc_opt+mol_map,,n/a,TN_QC_OPT (Cebule),COBYLA,,,2,3,phase,pauli,,,,N_Qubit unknown: requires a real Cebule MOL_MAP run for this molecule/basis (see mol_map row's note). Standard per-Pauli-string measurement (baseline).,,
1856,H2O,0,1,10,6-31g,basis_set_exchange,tn_qc_opt+mol_map,,n/a,TN_QC_OPT (Cebule),COBYLA,,,2,3,phase,qasm_gen_grouped,,,,"N_Qubit unknown: requires a real Cebule MOL_MAP run for this molecule/basis (see mol_map row's note). Cebule QASM_GEN basis-state-pair-grouping measurement scheme. Expected to require fewer or equal distinct circuits per iteration than plain 'pauli' measurement (that's QASM_GEN's whole purpose), but the exact circuit count is an output of a real QASM_GEN/TN_QC_OPT run, not predictable in advance -- see docs.mqs.dk QASM_GEN section.",,
1857,H2O,0,1,10,6-31g,basis_set_exchange,tn_qc_opt+mol_map,,n/a,TN_QC_OPT (Cebule),COBYLA,,,2,4,full,pauli,,,,N_Qubit unknown: requires a real Cebule MOL_MAP run for this molecule/basis (see mol_map row's note). Standard per-Pauli-string measurement (baseline).,,
1858,H2O,0,1,10,6-31g,basis_set_exchange,tn_qc_opt+mol_map,,n/a,TN_QC_OPT (Cebule),COBYLA,,,2,4,full,qasm_gen_grouped,,,,"N_Qubit unknown: requires a real Cebule MOL_MAP run for this molecule/basis (see mol_map row's note). Cebule QASM_GEN basis-state-pair-grouping measurement scheme. Expected to require fewer or equal distinct circuits per iteration than plain 'pauli' measurement (that's QASM_GEN's whole purpose), but the exact circuit count is an output of a real QASM_GEN/TN_QC_OPT run, not predictable in advance -- see docs.mqs.dk QASM_GEN section.",,
1859,H2O,0,1,10,6-31g,basis_set_exchange,tn_qc_opt+mol_map,,n/a,TN_QC_OPT (Cebule),COBYLA,,,2,4,phase,pauli,,,,N_Qubit unknown: requires a real Cebule MOL_MAP run for this molecule/basis (see mol_map row's note). Standard per-Pauli-string measurement (baseline).,,
1860,H2O,0,1,10,6-31g,basis_set_exchange,tn_qc_opt+mol_map,,n/a,TN_QC_OPT (Cebule),COBYLA,,,2,4,phase,qasm_gen_grouped,,,,"N_Qubit unknown: requires a real Cebule MOL_MAP run for this molecule/basis (see mol_map row's note). Cebule QASM_GEN basis-state-pair-grouping measurement scheme. Expected to require fewer or equal distinct circuits per iteration than plain 'pauli' measurement (that's QASM_GEN's whole purpose), but the exact circuit count is an output of a real QASM_GEN/TN_QC_OPT run, not predictable in advance -- see docs.mqs.dk QASM_GEN section.",,
1861,H2O,0,1,10,6-31g,basis_set_exchange,tn_qc_opt+mol_map,,n/a,TN_QC_OPT (Cebule),COBYLA,,,3,1,full,pauli,,,,N_Qubit unknown: requires a real Cebule MOL_MAP run for this molecule/basis (see mol_map row's note). Standard per-Pauli-string measurement (baseline).,,
1862,H2O,0,1,10,6-31g,basis_set_exchange,tn_qc_opt+mol_map,,n/a,TN_QC_OPT (Cebule),COBYLA,,,3,1,full,qasm_gen_grouped,,,,"N_Qubit unknown: requires a real Cebule MOL_MAP run for this molecule/basis (see mol_map row's note). Cebule QASM_GEN basis-state-pair-grouping measurement scheme. Expected to require fewer or equal distinct circuits per iteration than plain 'pauli' measurement (that's QASM_GEN's whole purpose), but the exact circuit count is an output of a real QASM_GEN/TN_QC_OPT run, not predictable in advance -- see docs.mqs.dk QASM_GEN section.",,
1863,H2O,0,1,10,6-31g,basis_set_exchange,tn_qc_opt+mol_map,,n/a,TN_QC_OPT (Cebule),COBYLA,,,3,1,phase,pauli,,,,N_Qubit unknown: requires a real Cebule MOL_MAP run for this molecule/basis (see mol_map row's note). Standard per-Pauli-string measurement (baseline).,,
1864,H2O,0,1,10,6-31g,basis_set_exchange,tn_qc_opt+mol_map,,n/a,TN_QC_OPT (Cebule),COBYLA,,,3,1,phase,qasm_gen_grouped,,,,"N_Qubit unknown: requires a real Cebule MOL_MAP run for this molecule/basis (see mol_map row's note). Cebule QASM_GEN basis-state-pair-grouping measurement scheme. Expected to require fewer or equal distinct circuits per iteration than plain 'pauli' measurement (that's QASM_GEN's whole purpose), but the exact circuit count is an output of a real QASM_GEN/TN_QC_OPT run, not predictable in advance -- see docs.mqs.dk QASM_GEN section.",,
1865,H2O,0,1,10,6-31g,basis_set_exchange,tn_qc_opt+mol_map,,n/a,TN_QC_OPT (Cebule),COBYLA,,,3,2,full,pauli,,,,N_Qubit unknown: requires a real Cebule MOL_MAP run for this molecule/basis (see mol_map row's note). Standard per-Pauli-string measurement (baseline).,,
1866,H2O,0,1,10,6-31g,basis_set_exchange,tn_qc_opt+mol_map,,n/a,TN_QC_OPT (Cebule),COBYLA,,,3,2,full,qasm_gen_grouped,,,,"N_Qubit unknown: requires a real Cebule MOL_MAP run for this molecule/basis (see mol_map row's note). Cebule QASM_GEN basis-state-pair-grouping measurement scheme. Expected to require fewer or equal distinct circuits per iteration than plain 'pauli' measurement (that's QASM_GEN's whole purpose), but the exact circuit count is an output of a real QASM_GEN/TN_QC_OPT run, not predictable in advance -- see docs.mqs.dk QASM_GEN section.",,
1867,H2O,0,1,10,6-31g,basis_set_exchange,tn_qc_opt+mol_map,,n/a,TN_QC_OPT (Cebule),COBYLA,,,3,2,phase,pauli,,,,N_Qubit unknown: requires a real Cebule MOL_MAP run for this molecule/basis (see mol_map row's note). Standard per-Pauli-string measurement (baseline).,,
1868,H2O,0,1,10,6-31g,basis_set_exchange,tn_qc_opt+mol_map,,n/a,TN_QC_OPT (Cebule),COBYLA,,,3,2,phase,qasm_gen_grouped,,,,"N_Qubit unknown: requires a real Cebule MOL_MAP run for this molecule/basis (see mol_map row's note). Cebule QASM_GEN basis-state-pair-grouping measurement scheme. Expected to require fewer or equal distinct circuits per iteration than plain 'pauli' measurement (that's QASM_GEN's whole purpose), but the exact circuit count is an output of a real QASM_GEN/TN_QC_OPT run, not predictable in advance -- see docs.mqs.dk QASM_GEN section.",,
1869,H2O,0,1,10,6-31g,basis_set_exchange,tn_qc_opt+mol_map,,n/a,TN_QC_OPT (Cebule),COBYLA,,,3,3,full,pauli,,,,N_Qubit unknown: requires a real Cebule MOL_MAP run for this molecule/basis (see mol_map row's note). Standard per-Pauli-string measurement (baseline).,,
1870,H2O,0,1,10,6-31g,basis_set_exchange,tn_qc_opt+mol_map,,n/a,TN_QC_OPT (Cebule),COBYLA,,,3,3,full,qasm_gen_grouped,,,,"N_Qubit unknown: requires a real Cebule MOL_MAP run for this molecule/basis (see mol_map row's note). Cebule QASM_GEN basis-state-pair-grouping measurement scheme. Expected to require fewer or equal distinct circuits per iteration than plain 'pauli' measurement (that's QASM_GEN's whole purpose), but the exact circuit count is an output of a real QASM_GEN/TN_QC_OPT run, not predictable in advance -- see docs.mqs.dk QASM_GEN section.",,
1871,H2O,0,1,10,6-31g,basis_set_exchange,tn_qc_opt+mol_map,,n/a,TN_QC_OPT (Cebule),COBYLA,,,3,3,phase,pauli,,,,N_Qubit unknown: requires a real Cebule MOL_MAP run for this molecule/basis (see mol_map row's note). Standard per-Pauli-string measurement (baseline).,,
1872,H2O,0,1,10,6-31g,basis_set_exchange,tn_qc_opt+mol_map,,n/a,TN_QC_OPT (Cebule),COBYLA,,,3,3,phase,qasm_gen_grouped,,,,"N_Qubit unknown: requires a real Cebule MOL_MAP run for this molecule/basis (see mol_map row's note). Cebule QASM_GEN basis-state-pair-grouping measurement scheme. Expected to require fewer or equal distinct circuits per iteration than plain 'pauli' measurement (that's QASM_GEN's whole purpose), but the exact circuit count is an output of a real QASM_GEN/TN_QC_OPT run, not predictable in advance -- see docs.mqs.dk QASM_GEN section.",,
1873,H2O,0,1,10,6-31g,basis_set_exchange,tn_qc_opt+mol_map,,n/a,TN_QC_OPT (Cebule),COBYLA,,,3,4,full,pauli,,,,N_Qubit unknown: requires a real Cebule MOL_MAP run for this molecule/basis (see mol_map row's note). Standard per-Pauli-string measurement (baseline).,,
1874,H2O,0,1,10,6-31g,basis_set_exchange,tn_qc_opt+mol_map,,n/a,TN_QC_OPT (Cebule),COBYLA,,,3,4,full,qasm_gen_grouped,,,,"N_Qubit unknown: requires a real Cebule MOL_MAP run for this molecule/basis (see mol_map row's note). Cebule QASM_GEN basis-state-pair-grouping measurement scheme. Expected to require fewer or equal distinct circuits per iteration than plain 'pauli' measurement (that's QASM_GEN's whole purpose), but the exact circuit count is an output of a real QASM_GEN/TN_QC_OPT run, not predictable in advance -- see docs.mqs.dk QASM_GEN section.",,
1875,H2O,0,1,10,6-31g,basis_set_exchange,tn_qc_opt+mol_map,,n/a,TN_QC_OPT (Cebule),COBYLA,,,3,4,phase,pauli,,,,N_Qubit unknown: requires a real Cebule MOL_MAP run for this molecule/basis (see mol_map row's note). Standard per-Pauli-string measurement (baseline).,,
1876,H2O,0,1,10,6-31g,basis_set_exchange,tn_qc_opt+mol_map,,n/a,TN_QC_OPT (Cebule),COBYLA,,,3,4,phase,qasm_gen_grouped,,,,"N_Qubit unknown: requires a real Cebule MOL_MAP run for this molecule/basis (see mol_map row's note). Cebule QASM_GEN basis-state-pair-grouping measurement scheme. Expected to require fewer or equal distinct circuits per iteration than plain 'pauli' measurement (that's QASM_GEN's whole purpose), but the exact circuit count is an output of a real QASM_GEN/TN_QC_OPT run, not predictable in advance -- see docs.mqs.dk QASM_GEN section.",,
1933,H2O,0,1,10,cc-pvdz,basis_set_exchange,tn_qc_opt+mol_map,,n/a,TN_QC_OPT (Cebule),COBYLA,,,0,1,n/a (no TN layers),pauli,,,,N_Qubit unknown: requires a real Cebule MOL_MAP run for this molecule/basis (see mol_map row's note). TN_Layers_Network=0 is the paper's 'circuit only' baseline -- equivalent to plain VQE with this Hamiltonian encoding and no TN preprocessing. Standard per-Pauli-string measurement (baseline).,,
1934,H2O,0,1,10,cc-pvdz,basis_set_exchange,tn_qc_opt+mol_map,,n/a,TN_QC_OPT (Cebule),COBYLA,,,0,1,n/a (no TN layers),qasm_gen_grouped,,,,"N_Qubit unknown: requires a real Cebule MOL_MAP run for this molecule/basis (see mol_map row's note). TN_Layers_Network=0 is the paper's 'circuit only' baseline -- equivalent to plain VQE with this Hamiltonian encoding and no TN preprocessing. Cebule QASM_GEN basis-state-pair-grouping measurement scheme. Expected to require fewer or equal distinct circuits per iteration than plain 'pauli' measurement (that's QASM_GEN's whole purpose), but the exact circuit count is an output of a real QASM_GEN/TN_QC_OPT run, not predictable in advance -- see docs.mqs.dk QASM_GEN section.",,
1935,H2O,0,1,10,cc-pvdz,basis_set_exchange,tn_qc_opt+mol_map,,n/a,TN_QC_OPT (Cebule),COBYLA,,,0,2,n/a (no TN layers),pauli,,,,N_Qubit unknown: requires a real Cebule MOL_MAP run for this molecule/basis (see mol_map row's note). TN_Layers_Network=0 is the paper's 'circuit only' baseline -- equivalent to plain VQE with this Hamiltonian encoding and no TN preprocessing. Standard per-Pauli-string measurement (baseline).,,
1936,H2O,0,1,10,cc-pvdz,basis_set_exchange,tn_qc_opt+mol_map,,n/a,TN_QC_OPT (Cebule),COBYLA,,,0,2,n/a (no TN layers),qasm_gen_grouped,,,,"N_Qubit unknown: requires a real Cebule MOL_MAP run for this molecule/basis (see mol_map row's note). TN_Layers_Network=0 is the paper's 'circuit only' baseline -- equivalent to plain VQE with this Hamiltonian encoding and no TN preprocessing. Cebule QASM_GEN basis-state-pair-grouping measurement scheme. Expected to require fewer or equal distinct circuits per iteration than plain 'pauli' measurement (that's QASM_GEN's whole purpose), but the exact circuit count is an output of a real QASM_GEN/TN_QC_OPT run, not predictable in advance -- see docs.mqs.dk QASM_GEN section.",,
1937,H2O,0,1,10,cc-pvdz,basis_set_exchange,tn_qc_opt+mol_map,,n/a,TN_QC_OPT (Cebule),COBYLA,,,0,3,n/a (no TN layers),pauli,,,,N_Qubit unknown: requires a real Cebule MOL_MAP run for this molecule/basis (see mol_map row's note). TN_Layers_Network=0 is the paper's 'circuit only' baseline -- equivalent to plain VQE with this Hamiltonian encoding and no TN preprocessing. Standard per-Pauli-string measurement (baseline).,,
1938,H2O,0,1,10,cc-pvdz,basis_set_exchange,tn_qc_opt+mol_map,,n/a,TN_QC_OPT (Cebule),COBYLA,,,0,3,n/a (no TN layers),qasm_gen_grouped,,,,"N_Qubit unknown: requires a real Cebule MOL_MAP run for this molecule/basis (see mol_map row's note). TN_Layers_Network=0 is the paper's 'circuit only' baseline -- equivalent to plain VQE with this Hamiltonian encoding and no TN preprocessing. Cebule QASM_GEN basis-state-pair-grouping measurement scheme. Expected to require fewer or equal distinct circuits per iteration than plain 'pauli' measurement (that's QASM_GEN's whole purpose), but the exact circuit count is an output of a real QASM_GEN/TN_QC_OPT run, not predictable in advance -- see docs.mqs.dk QASM_GEN section.",,
1939,H2O,0,1,10,cc-pvdz,basis_set_exchange,tn_qc_opt+mol_map,,n/a,TN_QC_OPT (Cebule),COBYLA,,,0,4,n/a (no TN layers),pauli,,,,N_Qubit unknown: requires a real Cebule MOL_MAP run for this molecule/basis (see mol_map row's note). TN_Layers_Network=0 is the paper's 'circuit only' baseline -- equivalent to plain VQE with this Hamiltonian encoding and no TN preprocessing. Standard per-Pauli-string measurement (baseline).,,
1940,H2O,0,1,10,cc-pvdz,basis_set_exchange,tn_qc_opt+mol_map,,n/a,TN_QC_OPT (Cebule),COBYLA,,,0,4,n/a (no TN layers),qasm_gen_grouped,,,,"N_Qubit unknown: requires a real Cebule MOL_MAP run for this molecule/basis (see mol_map row's note). TN_Layers_Network=0 is the paper's 'circuit only' baseline -- equivalent to plain VQE with this Hamiltonian encoding and no TN preprocessing. Cebule QASM_GEN basis-state-pair-grouping measurement scheme. Expected to require fewer or equal distinct circuits per iteration than plain 'pauli' measurement (that's QASM_GEN's whole purpose), but the exact circuit count is an output of a real QASM_GEN/TN_QC_OPT run, not predictable in advance -- see docs.mqs.dk QASM_GEN section.",,
1941,H2O,0,1,10,cc-pvdz,basis_set_exchange,tn_qc_opt+mol_map,,n/a,TN_QC_OPT (Cebule),COBYLA,,,1,1,full,pauli,,,,N_Qubit unknown: requires a real Cebule MOL_MAP run for this molecule/basis (see mol_map row's note). Standard per-Pauli-string measurement (baseline).,,
1942,H2O,0,1,10,cc-pvdz,basis_set_exchange,tn_qc_opt+mol_map,,n/a,TN_QC_OPT (Cebule),COBYLA,,,1,1,full,qasm_gen_grouped,,,,"N_Qubit unknown: requires a real Cebule MOL_MAP run for this molecule/basis (see mol_map row's note). Cebule QASM_GEN basis-state-pair-grouping measurement scheme. Expected to require fewer or equal distinct circuits per iteration than plain 'pauli' measurement (that's QASM_GEN's whole purpose), but the exact circuit count is an output of a real QASM_GEN/TN_QC_OPT run, not predictable in advance -- see docs.mqs.dk QASM_GEN section.",,
1943,H2O,0,1,10,cc-pvdz,basis_set_exchange,tn_qc_opt+mol_map,,n/a,TN_QC_OPT (Cebule),COBYLA,,,1,1,phase,pauli,,,,N_Qubit unknown: requires a real Cebule MOL_MAP run for this molecule/basis (see mol_map row's note). Standard per-Pauli-string measurement (baseline).,,
1944,H2O,0,1,10,cc-pvdz,basis_set_exchange,tn_qc_opt+mol_map,,n/a,TN_QC_OPT (Cebule),COBYLA,,,1,1,phase,qasm_gen_grouped,,,,"N_Qubit unknown: requires a real Cebule MOL_MAP run for this molecule/basis (see mol_map row's note). Cebule QASM_GEN basis-state-pair-grouping measurement scheme. Expected to require fewer or equal distinct circuits per iteration than plain 'pauli' measurement (that's QASM_GEN's whole purpose), but the exact circuit count is an output of a real QASM_GEN/TN_QC_OPT run, not predictable in advance -- see docs.mqs.dk QASM_GEN section.",,
1945,H2O,0,1,10,cc-pvdz,basis_set_exchange,tn_qc_opt+mol_map,,n/a,TN_QC_OPT (Cebule),COBYLA,,,1,2,full,pauli,,,,N_Qubit unknown: requires a real Cebule MOL_MAP run for this molecule/basis (see mol_map row's note). Standard per-Pauli-string measurement (baseline).,,
1946,H2O,0,1,10,cc-pvdz,basis_set_exchange,tn_qc_opt+mol_map,,n/a,TN_QC_OPT (Cebule),COBYLA,,,1,2,full,qasm_gen_grouped,,,,"N_Qubit unknown: requires a real Cebule MOL_MAP run for this molecule/basis (see mol_map row's note). Cebule QASM_GEN basis-state-pair-grouping measurement scheme. Expected to require fewer or equal distinct circuits per iteration than plain 'pauli' measurement (that's QASM_GEN's whole purpose), but the exact circuit count is an output of a real QASM_GEN/TN_QC_OPT run, not predictable in advance -- see docs.mqs.dk QASM_GEN section.",,
1947,H2O,0,1,10,cc-pvdz,basis_set_exchange,tn_qc_opt+mol_map,,n/a,TN_QC_OPT (Cebule),COBYLA,,,1,2,phase,pauli,,,,N_Qubit unknown: requires a real Cebule MOL_MAP run for this molecule/basis (see mol_map row's note). Standard per-Pauli-string measurement (baseline).,,
1948,H2O,0,1,10,cc-pvdz,basis_set_exchange,tn_qc_opt+mol_map,,n/a,TN_QC_OPT (Cebule),COBYLA,,,1,2,phase,qasm_gen_grouped,,,,"N_Qubit unknown: requires a real Cebule MOL_MAP run for this molecule/basis (see mol_map row's note). Cebule QASM_GEN basis-state-pair-grouping measurement scheme. Expected to require fewer or equal distinct circuits per iteration than plain 'pauli' measurement (that's QASM_GEN's whole purpose), but the exact circuit count is an output of a real QASM_GEN/TN_QC_OPT run, not predictable in advance -- see docs.mqs.dk QASM_GEN section.",,
1949,H2O,0,1,10,cc-pvdz,basis_set_exchange,tn_qc_opt+mol_map,,n/a,TN_QC_OPT (Cebule),COBYLA,,,1,3,full,pauli,,,,N_Qubit unknown: requires a real Cebule MOL_MAP run for this molecule/basis (see mol_map row's note). Standard per-Pauli-string measurement (baseline).,,
1950,H2O,0,1,10,cc-pvdz,basis_set_exchange,tn_qc_opt+mol_map,,n/a,TN_QC_OPT (Cebule),COBYLA,,,1,3,full,qasm_gen_grouped,,,,"N_Qubit unknown: requires a real Cebule MOL_MAP run for this molecule/basis (see mol_map row's note). Cebule QASM_GEN basis-state-pair-grouping measurement scheme. Expected to require fewer or equal distinct circuits per iteration than plain 'pauli' measurement (that's QASM_GEN's whole purpose), but the exact circuit count is an output of a real QASM_GEN/TN_QC_OPT run, not predictable in advance -- see docs.mqs.dk QASM_GEN section.",,
1951,H2O,0,1,10,cc-pvdz,basis_set_exchange,tn_qc_opt+mol_map,,n/a,TN_QC_OPT (Cebule),COBYLA,,,1,3,phase,pauli,,,,N_Qubit unknown: requires a real Cebule MOL_MAP run for this molecule/basis (see mol_map row's note). Standard per-Pauli-string measurement (baseline).,,
1952,H2O,0,1,10,cc-pvdz,basis_set_exchange,tn_qc_opt+mol_map,,n/a,TN_QC_OPT (Cebule),COBYLA,,,1,3,phase,qasm_gen_grouped,,,,"N_Qubit unknown: requires a real Cebule MOL_MAP run for this molecule/basis (see mol_map row's note). Cebule QASM_GEN basis-state-pair-grouping measurement scheme. Expected to require fewer or equal distinct circuits per iteration than plain 'pauli' measurement (that's QASM_GEN's whole purpose), but the exact circuit count is an output of a real QASM_GEN/TN_QC_OPT run, not predictable in advance -- see docs.mqs.dk QASM_GEN section.",,
1953,H2O,0,1,10,cc-pvdz,basis_set_exchange,tn_qc_opt+mol_map,,n/a,TN_QC_OPT (Cebule),COBYLA,,,1,4,full,pauli,,,,N_Qubit unknown: requires a real Cebule MOL_MAP run for this molecule/basis (see mol_map row's note). Standard per-Pauli-string measurement (baseline).,,
1954,H2O,0,1,10,cc-pvdz,basis_set_exchange,tn_qc_opt+mol_map,,n/a,TN_QC_OPT (Cebule),COBYLA,,,1,4,full,qasm_gen_grouped,,,,"N_Qubit unknown: requires a real Cebule MOL_MAP run for this molecule/basis (see mol_map row's note). Cebule QASM_GEN basis-state-pair-grouping measurement scheme. Expected to require fewer or equal distinct circuits per iteration than plain 'pauli' measurement (that's QASM_GEN's whole purpose), but the exact circuit count is an output of a real QASM_GEN/TN_QC_OPT run, not predictable in advance -- see docs.mqs.dk QASM_GEN section.",,
1955,H2O,0,1,10,cc-pvdz,basis_set_exchange,tn_qc_opt+mol_map,,n/a,TN_QC_OPT (Cebule),COBYLA,,,1,4,phase,pauli,,,,N_Qubit unknown: requires a real Cebule MOL_MAP run for this molecule/basis (see mol_map row's note). Standard per-Pauli-string measurement (baseline).,,
1956,H2O,0,1,10,cc-pvdz,basis_set_exchange,tn_qc_opt+mol_map,,n/a,TN_QC_OPT (Cebule),COBYLA,,,1,4,phase,qasm_gen_grouped,,,,"N_Qubit unknown: requires a real Cebule MOL_MAP run for this molecule/basis (see mol_map row's note). Cebule QASM_GEN basis-state-pair-grouping measurement scheme. Expected to require fewer or equal distinct circuits per iteration than plain 'pauli' measurement (that's QASM_GEN's whole purpose), but the exact circuit count is an output of a real QASM_GEN/TN_QC_OPT run, not predictable in advance -- see docs.mqs.dk QASM_GEN section.",,
1957,H2O,0,1,10,cc-pvdz,basis_set_exchange,tn_qc_opt+mol_map,,n/a,TN_QC_OPT (Cebule),COBYLA,,,2,1,full,pauli,,,,N_Qubit unknown: requires a real Cebule MOL_MAP run for this molecule/basis (see mol_map row's note). Standard per-Pauli-string measurement (baseline).,,
1958,H2O,0,1,10,cc-pvdz,basis_set_exchange,tn_qc_opt+mol_map,,n/a,TN_QC_OPT (Cebule),COBYLA,,,2,1,full,qasm_gen_grouped,,,,"N_Qubit unknown: requires a real Cebule MOL_MAP run for this molecule/basis (see mol_map row's note). Cebule QASM_GEN basis-state-pair-grouping measurement scheme. Expected to require fewer or equal distinct circuits per iteration than plain 'pauli' measurement (that's QASM_GEN's whole purpose), but the exact circuit count is an output of a real QASM_GEN/TN_QC_OPT run, not predictable in advance -- see docs.mqs.dk QASM_GEN section.",,
1959,H2O,0,1,10,cc-pvdz,basis_set_exchange,tn_qc_opt+mol_map,,n/a,TN_QC_OPT (Cebule),COBYLA,,,2,1,phase,pauli,,,,N_Qubit unknown: requires a real Cebule MOL_MAP run for this molecule/basis (see mol_map row's note). Standard per-Pauli-string measurement (baseline).,,
1960,H2O,0,1,10,cc-pvdz,basis_set_exchange,tn_qc_opt+mol_map,,n/a,TN_QC_OPT (Cebule),COBYLA,,,2,1,phase,qasm_gen_grouped,,,,"N_Qubit unknown: requires a real Cebule MOL_MAP run for this molecule/basis (see mol_map row's note). Cebule QASM_GEN basis-state-pair-grouping measurement scheme. Expected to require fewer or equal distinct circuits per iteration than plain 'pauli' measurement (that's QASM_GEN's whole purpose), but the exact circuit count is an output of a real QASM_GEN/TN_QC_OPT run, not predictable in advance -- see docs.mqs.dk QASM_GEN section.",,
1961,H2O,0,1,10,cc-pvdz,basis_set_exchange,tn_qc_opt+mol_map,,n/a,TN_QC_OPT (Cebule),COBYLA,,,2,2,full,pauli,,,,N_Qubit unknown: requires a real Cebule MOL_MAP run for this molecule/basis (see mol_map row's note). Standard per-Pauli-string measurement (baseline).,,
1962,H2O,0,1,10,cc-pvdz,basis_set_exchange,tn_qc_opt+mol_map,,n/a,TN_QC_OPT (Cebule),COBYLA,,,2,2,full,qasm_gen_grouped,,,,"N_Qubit unknown: requires a real Cebule MOL_MAP run for this molecule/basis (see mol_map row's note). Cebule QASM_GEN basis-state-pair-grouping measurement scheme. Expected to require fewer or equal distinct circuits per iteration than plain 'pauli' measurement (that's QASM_GEN's whole purpose), but the exact circuit count is an output of a real QASM_GEN/TN_QC_OPT run, not predictable in advance -- see docs.mqs.dk QASM_GEN section.",,
1963,H2O,0,1,10,cc-pvdz,basis_set_exchange,tn_qc_opt+mol_map,,n/a,TN_QC_OPT (Cebule),COBYLA,,,2,2,phase,pauli,,,,N_Qubit unknown: requires a real Cebule MOL_MAP run for this molecule/basis (see mol_map row's note). Standard per-Pauli-string measurement (baseline).,,
1964,H2O,0,1,10,cc-pvdz,basis_set_exchange,tn_qc_opt+mol_map,,n/a,TN_QC_OPT (Cebule),COBYLA,,,2,2,phase,qasm_gen_grouped,,,,"N_Qubit unknown: requires a real Cebule MOL_MAP run for this molecule/basis (see mol_map row's note). Cebule QASM_GEN basis-state-pair-grouping measurement scheme. Expected to require fewer or equal distinct circuits per iteration than plain 'pauli' measurement (that's QASM_GEN's whole purpose), but the exact circuit count is an output of a real QASM_GEN/TN_QC_OPT run, not predictable in advance -- see docs.mqs.dk QASM_GEN section.",,
1965,H2O,0,1,10,cc-pvdz,basis_set_exchange,tn_qc_opt+mol_map,,n/a,TN_QC_OPT (Cebule),COBYLA,,,2,3,full,pauli,,,,N_Qubit unknown: requires a real Cebule MOL_MAP run for this molecule/basis (see mol_map row's note). Standard per-Pauli-string measurement (baseline).,,
1966,H2O,0,1,10,cc-pvdz,basis_set_exchange,tn_qc_opt+mol_map,,n/a,TN_QC_OPT (Cebule),COBYLA,,,2,3,full,qasm_gen_grouped,,,,"N_Qubit unknown: requires a real Cebule MOL_MAP run for this molecule/basis (see mol_map row's note). Cebule QASM_GEN basis-state-pair-grouping measurement scheme. Expected to require fewer or equal distinct circuits per iteration than plain 'pauli' measurement (that's QASM_GEN's whole purpose), but the exact circuit count is an output of a real QASM_GEN/TN_QC_OPT run, not predictable in advance -- see docs.mqs.dk QASM_GEN section.",,
1967,H2O,0,1,10,cc-pvdz,basis_set_exchange,tn_qc_opt+mol_map,,n/a,TN_QC_OPT (Cebule),COBYLA,,,2,3,phase,pauli,,,,N_Qubit unknown: requires a real Cebule MOL_MAP run for this molecule/basis (see mol_map row's note). Standard per-Pauli-string measurement (baseline).,,
1968,H2O,0,1,10,cc-pvdz,basis_set_exchange,tn_qc_opt+mol_map,,n/a,TN_QC_OPT (Cebule),COBYLA,,,2,3,phase,qasm_gen_grouped,,,,"N_Qubit unknown: requires a real Cebule MOL_MAP run for this molecule/basis (see mol_map row's note). Cebule QASM_GEN basis-state-pair-grouping measurement scheme. Expected to require fewer or equal distinct circuits per iteration than plain 'pauli' measurement (that's QASM_GEN's whole purpose), but the exact circuit count is an output of a real QASM_GEN/TN_QC_OPT run, not predictable in advance -- see docs.mqs.dk QASM_GEN section.",,
1969,H2O,0,1,10,cc-pvdz,basis_set_exchange,tn_qc_opt+mol_map,,n/a,TN_QC_OPT (Cebule),COBYLA,,,2,4,full,pauli,,,,N_Qubit unknown: requires a real Cebule MOL_MAP run for this molecule/basis (see mol_map row's note). Standard per-Pauli-string measurement (baseline).,,
1970,H2O,0,1,10,cc-pvdz,basis_set_exchange,tn_qc_opt+mol_map,,n/a,TN_QC_OPT (Cebule),COBYLA,,,2,4,full,qasm_gen_grouped,,,,"N_Qubit unknown: requires a real Cebule MOL_MAP run for this molecule/basis (see mol_map row's note). Cebule QASM_GEN basis-state-pair-grouping measurement scheme. Expected to require fewer or equal distinct circuits per iteration than plain 'pauli' measurement (that's QASM_GEN's whole purpose), but the exact circuit count is an output of a real QASM_GEN/TN_QC_OPT run, not predictable in advance -- see docs.mqs.dk QASM_GEN section.",,
1971,H2O,0,1,10,cc-pvdz,basis_set_exchange,tn_qc_opt+mol_map,,n/a,TN_QC_OPT (Cebule),COBYLA,,,2,4,phase,pauli,,,,N_Qubit unknown: requires a real Cebule MOL_MAP run for this molecule/basis (see mol_map row's note). Standard per-Pauli-string measurement (baseline).,,
1972,H2O,0,1,10,cc-pvdz,basis_set_exchange,tn_qc_opt+mol_map,,n/a,TN_QC_OPT (Cebule),COBYLA,,,2,4,phase,qasm_gen_grouped,,,,"N_Qubit unknown: requires a real Cebule MOL_MAP run for this molecule/basis (see mol_map row's note). Cebule QASM_GEN basis-state-pair-grouping measurement scheme. Expected to require fewer or equal distinct circuits per iteration than plain 'pauli' measurement (that's QASM_GEN's whole purpose), but the exact circuit count is an output of a real QASM_GEN/TN_QC_OPT run, not predictable in advance -- see docs.mqs.dk QASM_GEN section.",,
1973,H2O,0,1,10,cc-pvdz,basis_set_exchange,tn_qc_opt+mol_map,,n/a,TN_QC_OPT (Cebule),COBYLA,,,3,1,full,pauli,,,,N_Qubit unknown: requires a real Cebule MOL_MAP run for this molecule/basis (see mol_map row's note). Standard per-Pauli-string measurement (baseline).,,
1974,H2O,0,1,10,cc-pvdz,basis_set_exchange,tn_qc_opt+mol_map,,n/a,TN_QC_OPT (Cebule),COBYLA,,,3,1,full,qasm_gen_grouped,,,,"N_Qubit unknown: requires a real Cebule MOL_MAP run for this molecule/basis (see mol_map row's note). Cebule QASM_GEN basis-state-pair-grouping measurement scheme. Expected to require fewer or equal distinct circuits per iteration than plain 'pauli' measurement (that's QASM_GEN's whole purpose), but the exact circuit count is an output of a real QASM_GEN/TN_QC_OPT run, not predictable in advance -- see docs.mqs.dk QASM_GEN section.",,
1975,H2O,0,1,10,cc-pvdz,basis_set_exchange,tn_qc_opt+mol_map,,n/a,TN_QC_OPT (Cebule),COBYLA,,,3,1,phase,pauli,,,,N_Qubit unknown: requires a real Cebule MOL_MAP run for this molecule/basis (see mol_map row's note). Standard per-Pauli-string measurement (baseline).,,
1976,H2O,0,1,10,cc-pvdz,basis_set_exchange,tn_qc_opt+mol_map,,n/a,TN_QC_OPT (Cebule),COBYLA,,,3,1,phase,qasm_gen_grouped,,,,"N_Qubit unknown: requires a real Cebule MOL_MAP run for this molecule/basis (see mol_map row's note). Cebule QASM_GEN basis-state-pair-grouping measurement scheme. Expected to require fewer or equal distinct circuits per iteration than plain 'pauli' measurement (that's QASM_GEN's whole purpose), but the exact circuit count is an output of a real QASM_GEN/TN_QC_OPT run, not predictable in advance -- see docs.mqs.dk QASM_GEN section.",,
1977,H2O,0,1,10,cc-pvdz,basis_set_exchange,tn_qc_opt+mol_map,,n/a,TN_QC_OPT (Cebule),COBYLA,,,3,2,full,pauli,,,,N_Qubit unknown: requires a real Cebule MOL_MAP run for this molecule/basis (see mol_map row's note). Standard per-Pauli-string measurement (baseline).,,
1978,H2O,0,1,10,cc-pvdz,basis_set_exchange,tn_qc_opt+mol_map,,n/a,TN_QC_OPT (Cebule),COBYLA,,,3,2,full,qasm_gen_grouped,,,,"N_Qubit unknown: requires a real Cebule MOL_MAP run for this molecule/basis (see mol_map row's note). Cebule QASM_GEN basis-state-pair-grouping measurement scheme. Expected to require fewer or equal distinct circuits per iteration than plain 'pauli' measurement (that's QASM_GEN's whole purpose), but the exact circuit count is an output of a real QASM_GEN/TN_QC_OPT run, not predictable in advance -- see docs.mqs.dk QASM_GEN section.",,
1979,H2O,0,1,10,cc-pvdz,basis_set_exchange,tn_qc_opt+mol_map,,n/a,TN_QC_OPT (Cebule),COBYLA,,,3,2,phase,pauli,,,,N_Qubit unknown: requires a real Cebule MOL_MAP run for this molecule/basis (see mol_map row's note). Standard per-Pauli-string measurement (baseline).,,
1980,H2O,0,1,10,cc-pvdz,basis_set_exchange,tn_qc_opt+mol_map,,n/a,TN_QC_OPT (Cebule),COBYLA,,,3,2,phase,qasm_gen_grouped,,,,"N_Qubit unknown: requires a real Cebule MOL_MAP run for this molecule/basis (see mol_map row's note). Cebule QASM_GEN basis-state-pair-grouping measurement scheme. Expected to require fewer or equal distinct circuits per iteration than plain 'pauli' measurement (that's QASM_GEN's whole purpose), but the exact circuit count is an output of a real QASM_GEN/TN_QC_OPT run, not predictable in advance -- see docs.mqs.dk QASM_GEN section.",,
1981,H2O,0,1,10,cc-pvdz,basis_set_exchange,tn_qc_opt+mol_map,,n/a,TN_QC_OPT (Cebule),COBYLA,,,3,3,full,pauli,,,,N_Qubit unknown: requires a real Cebule MOL_MAP run for this molecule/basis (see mol_map row's note). Standard per-Pauli-string measurement (baseline).,,
1982,H2O,0,1,10,cc-pvdz,basis_set_exchange,tn_qc_opt+mol_map,,n/a,TN_QC_OPT (Cebule),COBYLA,,,3,3,full,qasm_gen_grouped,,,,"N_Qubit unknown: requires a real Cebule MOL_MAP run for this molecule/basis (see mol_map row's note). Cebule QASM_GEN basis-state-pair-grouping measurement scheme. Expected to require fewer or equal distinct circuits per iteration than plain 'pauli' measurement (that's QASM_GEN's whole purpose), but the exact circuit count is an output of a real QASM_GEN/TN_QC_OPT run, not predictable in advance -- see docs.mqs.dk QASM_GEN section.",,
1983,H2O,0,1,10,cc-pvdz,basis_set_exchange,tn_qc_opt+mol_map,,n/a,TN_QC_OPT (Cebule),COBYLA,,,3,3,phase,pauli,,,,N_Qubit unknown: requires a real Cebule MOL_MAP run for this molecule/basis (see mol_map row's note). Standard per-Pauli-string measurement (baseline).,,
1984,H2O,0,1,10,cc-pvdz,basis_set_exchange,tn_qc_opt+mol_map,,n/a,TN_QC_OPT (Cebule),COBYLA,,,3,3,phase,qasm_gen_grouped,,,,"N_Qubit unknown: requires a real Cebule MOL_MAP run for this molecule/basis (see mol_map row's note). Cebule QASM_GEN basis-state-pair-grouping measurement scheme. Expected to require fewer or equal distinct circuits per iteration than plain 'pauli' measurement (that's QASM_GEN's whole purpose), but the exact circuit count is an output of a real QASM_GEN/TN_QC_OPT run, not predictable in advance -- see docs.mqs.dk QASM_GEN section.",,
1985,H2O,0,1,10,cc-pvdz,basis_set_exchange,tn_qc_opt+mol_map,,n/a,TN_QC_OPT (Cebule),COBYLA,,,3,4,full,pauli,,,,N_Qubit unknown: requires a real Cebule MOL_MAP run for this molecule/basis (see mol_map row's note). Standard per-Pauli-string measurement (baseline).,,
1986,H2O,0,1,10,cc-pvdz,basis_set_exchange,tn_qc_opt+mol_map,,n/a,TN_QC_OPT (Cebule),COBYLA,,,3,4,full,qasm_gen_grouped,,,,"N_Qubit unknown: requires a real Cebule MOL_MAP run for this molecule/basis (see mol_map row's note). Cebule QASM_GEN basis-state-pair-grouping measurement scheme. Expected to require fewer or equal distinct circuits per iteration than plain 'pauli' measurement (that's QASM_GEN's whole purpose), but the exact circuit count is an output of a real QASM_GEN/TN_QC_OPT run, not predictable in advance -- see docs.mqs.dk QASM_GEN section.",,
1987,H2O,0,1,10,cc-pvdz,basis_set_exchange,tn_qc_opt+mol_map,,n/a,TN_QC_OPT (Cebule),COBYLA,,,3,4,phase,pauli,,,,N_Qubit unknown: requires a real Cebule MOL_MAP run for this molecule/basis (see mol_map row's note). Standard per-Pauli-string measurement (baseline).,,
1988,H2O,0,1,10,cc-pvdz,basis_set_exchange,tn_qc_opt+mol_map,,n/a,TN_QC_OPT (Cebule),COBYLA,,,3,4,phase,qasm_gen_grouped,,,,"N_Qubit unknown: requires a real Cebule MOL_MAP run for this molecule/basis (see mol_map row's note). Cebule QASM_GEN basis-state-pair-grouping measurement scheme. Expected to require fewer or equal distinct circuits per iteration than plain 'pauli' measurement (that's QASM_GEN's whole purpose), but the exact circuit count is an output of a real QASM_GEN/TN_QC_OPT run, not predictable in advance -- see docs.mqs.dk QASM_GEN section.",,
2045,H2O,0,1,10,cc-pvtz,basis_set_exchange,tn_qc_opt+mol_map,,n/a,TN_QC_OPT (Cebule),COBYLA,,,0,1,n/a (no TN layers),pauli,,,,N_Qubit unknown: requires a real Cebule MOL_MAP run for this molecule/basis (see mol_map row's note). TN_Layers_Network=0 is the paper's 'circuit only' baseline -- equivalent to plain VQE with this Hamiltonian encoding and no TN preprocessing. Standard per-Pauli-string measurement (baseline).,,
2046,H2O,0,1,10,cc-pvtz,basis_set_exchange,tn_qc_opt+mol_map,,n/a,TN_QC_OPT (Cebule),COBYLA,,,0,1,n/a (no TN layers),qasm_gen_grouped,,,,"N_Qubit unknown: requires a real Cebule MOL_MAP run for this molecule/basis (see mol_map row's note). TN_Layers_Network=0 is the paper's 'circuit only' baseline -- equivalent to plain VQE with this Hamiltonian encoding and no TN preprocessing. Cebule QASM_GEN basis-state-pair-grouping measurement scheme. Expected to require fewer or equal distinct circuits per iteration than plain 'pauli' measurement (that's QASM_GEN's whole purpose), but the exact circuit count is an output of a real QASM_GEN/TN_QC_OPT run, not predictable in advance -- see docs.mqs.dk QASM_GEN section.",,
2047,H2O,0,1,10,cc-pvtz,basis_set_exchange,tn_qc_opt+mol_map,,n/a,TN_QC_OPT (Cebule),COBYLA,,,0,2,n/a (no TN layers),pauli,,,,N_Qubit unknown: requires a real Cebule MOL_MAP run for this molecule/basis (see mol_map row's note). TN_Layers_Network=0 is the paper's 'circuit only' baseline -- equivalent to plain VQE with this Hamiltonian encoding and no TN preprocessing. Standard per-Pauli-string measurement (baseline).,,
2048,H2O,0,1,10,cc-pvtz,basis_set_exchange,tn_qc_opt+mol_map,,n/a,TN_QC_OPT (Cebule),COBYLA,,,0,2,n/a (no TN layers),qasm_gen_grouped,,,,"N_Qubit unknown: requires a real Cebule MOL_MAP run for this molecule/basis (see mol_map row's note). TN_Layers_Network=0 is the paper's 'circuit only' baseline -- equivalent to plain VQE with this Hamiltonian encoding and no TN preprocessing. Cebule QASM_GEN basis-state-pair-grouping measurement scheme. Expected to require fewer or equal distinct circuits per iteration than plain 'pauli' measurement (that's QASM_GEN's whole purpose), but the exact circuit count is an output of a real QASM_GEN/TN_QC_OPT run, not predictable in advance -- see docs.mqs.dk QASM_GEN section.",,
2049,H2O,0,1,10,cc-pvtz,basis_set_exchange,tn_qc_opt+mol_map,,n/a,TN_QC_OPT (Cebule),COBYLA,,,0,3,n/a (no TN layers),pauli,,,,N_Qubit unknown: requires a real Cebule MOL_MAP run for this molecule/basis (see mol_map row's note). TN_Layers_Network=0 is the paper's 'circuit only' baseline -- equivalent to plain VQE with this Hamiltonian encoding and no TN preprocessing. Standard per-Pauli-string measurement (baseline).,,
2050,H2O,0,1,10,cc-pvtz,basis_set_exchange,tn_qc_opt+mol_map,,n/a,TN_QC_OPT (Cebule),COBYLA,,,0,3,n/a (no TN layers),qasm_gen_grouped,,,,"N_Qubit unknown: requires a real Cebule MOL_MAP run for this molecule/basis (see mol_map row's note). TN_Layers_Network=0 is the paper's 'circuit only' baseline -- equivalent to plain VQE with this Hamiltonian encoding and no TN preprocessing. Cebule QASM_GEN basis-state-pair-grouping measurement scheme. Expected to require fewer or equal distinct circuits per iteration than plain 'pauli' measurement (that's QASM_GEN's whole purpose), but the exact circuit count is an output of a real QASM_GEN/TN_QC_OPT run, not predictable in advance -- see docs.mqs.dk QASM_GEN section.",,
2051,H2O,0,1,10,cc-pvtz,basis_set_exchange,tn_qc_opt+mol_map,,n/a,TN_QC_OPT (Cebule),COBYLA,,,0,4,n/a (no TN layers),pauli,,,,N_Qubit unknown: requires a real Cebule MOL_MAP run for this molecule/basis (see mol_map row's note). TN_Layers_Network=0 is the paper's 'circuit only' baseline -- equivalent to plain VQE with this Hamiltonian encoding and no TN preprocessing. Standard per-Pauli-string measurement (baseline).,,
2052,H2O,0,1,10,cc-pvtz,basis_set_exchange,tn_qc_opt+mol_map,,n/a,TN_QC_OPT (Cebule),COBYLA,,,0,4,n/a (no TN layers),qasm_gen_grouped,,,,"N_Qubit unknown: requires a real Cebule MOL_MAP run for this molecule/basis (see mol_map row's note). TN_Layers_Network=0 is the paper's 'circuit only' baseline -- equivalent to plain VQE with this Hamiltonian encoding and no TN preprocessing. Cebule QASM_GEN basis-state-pair-grouping measurement scheme. Expected to require fewer or equal distinct circuits per iteration than plain 'pauli' measurement (that's QASM_GEN's whole purpose), but the exact circuit count is an output of a real QASM_GEN/TN_QC_OPT run, not predictable in advance -- see docs.mqs.dk QASM_GEN section.",,
2053,H2O,0,1,10,cc-pvtz,basis_set_exchange,tn_qc_opt+mol_map,,n/a,TN_QC_OPT (Cebule),COBYLA,,,1,1,full,pauli,,,,N_Qubit unknown: requires a real Cebule MOL_MAP run for this molecule/basis (see mol_map row's note). Standard per-Pauli-string measurement (baseline).,,
2054,H2O,0,1,10,cc-pvtz,basis_set_exchange,tn_qc_opt+mol_map,,n/a,TN_QC_OPT (Cebule),COBYLA,,,1,1,full,qasm_gen_grouped,,,,"N_Qubit unknown: requires a real Cebule MOL_MAP run for this molecule/basis (see mol_map row's note). Cebule QASM_GEN basis-state-pair-grouping measurement scheme. Expected to require fewer or equal distinct circuits per iteration than plain 'pauli' measurement (that's QASM_GEN's whole purpose), but the exact circuit count is an output of a real QASM_GEN/TN_QC_OPT run, not predictable in advance -- see docs.mqs.dk QASM_GEN section.",,
2055,H2O,0,1,10,cc-pvtz,basis_set_exchange,tn_qc_opt+mol_map,,n/a,TN_QC_OPT (Cebule),COBYLA,,,1,1,phase,pauli,,,,N_Qubit unknown: requires a real Cebule MOL_MAP run for this molecule/basis (see mol_map row's note). Standard per-Pauli-string measurement (baseline).,,
2056,H2O,0,1,10,cc-pvtz,basis_set_exchange,tn_qc_opt+mol_map,,n/a,TN_QC_OPT (Cebule),COBYLA,,,1,1,phase,qasm_gen_grouped,,,,"N_Qubit unknown: requires a real Cebule MOL_MAP run for this molecule/basis (see mol_map row's note). Cebule QASM_GEN basis-state-pair-grouping measurement scheme. Expected to require fewer or equal distinct circuits per iteration than plain 'pauli' measurement (that's QASM_GEN's whole purpose), but the exact circuit count is an output of a real QASM_GEN/TN_QC_OPT run, not predictable in advance -- see docs.mqs.dk QASM_GEN section.",,
2057,H2O,0,1,10,cc-pvtz,basis_set_exchange,tn_qc_opt+mol_map,,n/a,TN_QC_OPT (Cebule),COBYLA,,,1,2,full,pauli,,,,N_Qubit unknown: requires a real Cebule MOL_MAP run for this molecule/basis (see mol_map row's note). Standard per-Pauli-string measurement (baseline).,,
2058,H2O,0,1,10,cc-pvtz,basis_set_exchange,tn_qc_opt+mol_map,,n/a,TN_QC_OPT (Cebule),COBYLA,,,1,2,full,qasm_gen_grouped,,,,"N_Qubit unknown: requires a real Cebule MOL_MAP run for this molecule/basis (see mol_map row's note). Cebule QASM_GEN basis-state-pair-grouping measurement scheme. Expected to require fewer or equal distinct circuits per iteration than plain 'pauli' measurement (that's QASM_GEN's whole purpose), but the exact circuit count is an output of a real QASM_GEN/TN_QC_OPT run, not predictable in advance -- see docs.mqs.dk QASM_GEN section.",,
2059,H2O,0,1,10,cc-pvtz,basis_set_exchange,tn_qc_opt+mol_map,,n/a,TN_QC_OPT (Cebule),COBYLA,,,1,2,phase,pauli,,,,N_Qubit unknown: requires a real Cebule MOL_MAP run for this molecule/basis (see mol_map row's note). Standard per-Pauli-string measurement (baseline).,,
2060,H2O,0,1,10,cc-pvtz,basis_set_exchange,tn_qc_opt+mol_map,,n/a,TN_QC_OPT (Cebule),COBYLA,,,1,2,phase,qasm_gen_grouped,,,,"N_Qubit unknown: requires a real Cebule MOL_MAP run for this molecule/basis (see mol_map row's note). Cebule QASM_GEN basis-state-pair-grouping measurement scheme. Expected to require fewer or equal distinct circuits per iteration than plain 'pauli' measurement (that's QASM_GEN's whole purpose), but the exact circuit count is an output of a real QASM_GEN/TN_QC_OPT run, not predictable in advance -- see docs.mqs.dk QASM_GEN section.",,
2061,H2O,0,1,10,cc-pvtz,basis_set_exchange,tn_qc_opt+mol_map,,n/a,TN_QC_OPT (Cebule),COBYLA,,,1,3,full,pauli,,,,N_Qubit unknown: requires a real Cebule MOL_MAP run for this molecule/basis (see mol_map row's note). Standard per-Pauli-string measurement (baseline).,,
2062,H2O,0,1,10,cc-pvtz,basis_set_exchange,tn_qc_opt+mol_map,,n/a,TN_QC_OPT (Cebule),COBYLA,,,1,3,full,qasm_gen_grouped,,,,"N_Qubit unknown: requires a real Cebule MOL_MAP run for this molecule/basis (see mol_map row's note). Cebule QASM_GEN basis-state-pair-grouping measurement scheme. Expected to require fewer or equal distinct circuits per iteration than plain 'pauli' measurement (that's QASM_GEN's whole purpose), but the exact circuit count is an output of a real QASM_GEN/TN_QC_OPT run, not predictable in advance -- see docs.mqs.dk QASM_GEN section.",,
2063,H2O,0,1,10,cc-pvtz,basis_set_exchange,tn_qc_opt+mol_map,,n/a,TN_QC_OPT (Cebule),COBYLA,,,1,3,phase,pauli,,,,N_Qubit unknown: requires a real Cebule MOL_MAP run for this molecule/basis (see mol_map row's note). Standard per-Pauli-string measurement (baseline).,,
2064,H2O,0,1,10,cc-pvtz,basis_set_exchange,tn_qc_opt+mol_map,,n/a,TN_QC_OPT (Cebule),COBYLA,,,1,3,phase,qasm_gen_grouped,,,,"N_Qubit unknown: requires a real Cebule MOL_MAP run for this molecule/basis (see mol_map row's note). Cebule QASM_GEN basis-state-pair-grouping measurement scheme. Expected to require fewer or equal distinct circuits per iteration than plain 'pauli' measurement (that's QASM_GEN's whole purpose), but the exact circuit count is an output of a real QASM_GEN/TN_QC_OPT run, not predictable in advance -- see docs.mqs.dk QASM_GEN section.",,
2065,H2O,0,1,10,cc-pvtz,basis_set_exchange,tn_qc_opt+mol_map,,n/a,TN_QC_OPT (Cebule),COBYLA,,,1,4,full,pauli,,,,N_Qubit unknown: requires a real Cebule MOL_MAP run for this molecule/basis (see mol_map row's note). Standard per-Pauli-string measurement (baseline).,,
2066,H2O,0,1,10,cc-pvtz,basis_set_exchange,tn_qc_opt+mol_map,,n/a,TN_QC_OPT (Cebule),COBYLA,,,1,4,full,qasm_gen_grouped,,,,"N_Qubit unknown: requires a real Cebule MOL_MAP run for this molecule/basis (see mol_map row's note). Cebule QASM_GEN basis-state-pair-grouping measurement scheme. Expected to require fewer or equal distinct circuits per iteration than plain 'pauli' measurement (that's QASM_GEN's whole purpose), but the exact circuit count is an output of a real QASM_GEN/TN_QC_OPT run, not predictable in advance -- see docs.mqs.dk QASM_GEN section.",,
2067,H2O,0,1,10,cc-pvtz,basis_set_exchange,tn_qc_opt+mol_map,,n/a,TN_QC_OPT (Cebule),COBYLA,,,1,4,phase,pauli,,,,N_Qubit unknown: requires a real Cebule MOL_MAP run for this molecule/basis (see mol_map row's note). Standard per-Pauli-string measurement (baseline).,,
2068,H2O,0,1,10,cc-pvtz,basis_set_exchange,tn_qc_opt+mol_map,,n/a,TN_QC_OPT (Cebule),COBYLA,,,1,4,phase,qasm_gen_grouped,,,,"N_Qubit unknown: requires a real Cebule MOL_MAP run for this molecule/basis (see mol_map row's note). Cebule QASM_GEN basis-state-pair-grouping measurement scheme. Expected to require fewer or equal distinct circuits per iteration than plain 'pauli' measurement (that's QASM_GEN's whole purpose), but the exact circuit count is an output of a real QASM_GEN/TN_QC_OPT run, not predictable in advance -- see docs.mqs.dk QASM_GEN section.",,
2069,H2O,0,1,10,cc-pvtz,basis_set_exchange,tn_qc_opt+mol_map,,n/a,TN_QC_OPT (Cebule),COBYLA,,,2,1,full,pauli,,,,N_Qubit unknown: requires a real Cebule MOL_MAP run for this molecule/basis (see mol_map row's note). Standard per-Pauli-string measurement (baseline).,,
2070,H2O,0,1,10,cc-pvtz,basis_set_exchange,tn_qc_opt+mol_map,,n/a,TN_QC_OPT (Cebule),COBYLA,,,2,1,full,qasm_gen_grouped,,,,"N_Qubit unknown: requires a real Cebule MOL_MAP run for this molecule/basis (see mol_map row's note). Cebule QASM_GEN basis-state-pair-grouping measurement scheme. Expected to require fewer or equal distinct circuits per iteration than plain 'pauli' measurement (that's QASM_GEN's whole purpose), but the exact circuit count is an output of a real QASM_GEN/TN_QC_OPT run, not predictable in advance -- see docs.mqs.dk QASM_GEN section.",,
2071,H2O,0,1,10,cc-pvtz,basis_set_exchange,tn_qc_opt+mol_map,,n/a,TN_QC_OPT (Cebule),COBYLA,,,2,1,phase,pauli,,,,N_Qubit unknown: requires a real Cebule MOL_MAP run for this molecule/basis (see mol_map row's note). Standard per-Pauli-string measurement (baseline).,,
2072,H2O,0,1,10,cc-pvtz,basis_set_exchange,tn_qc_opt+mol_map,,n/a,TN_QC_OPT (Cebule),COBYLA,,,2,1,phase,qasm_gen_grouped,,,,"N_Qubit unknown: requires a real Cebule MOL_MAP run for this molecule/basis (see mol_map row's note). Cebule QASM_GEN basis-state-pair-grouping measurement scheme. Expected to require fewer or equal distinct circuits per iteration than plain 'pauli' measurement (that's QASM_GEN's whole purpose), but the exact circuit count is an output of a real QASM_GEN/TN_QC_OPT run, not predictable in advance -- see docs.mqs.dk QASM_GEN section.",,
2073,H2O,0,1,10,cc-pvtz,basis_set_exchange,tn_qc_opt+mol_map,,n/a,TN_QC_OPT (Cebule),COBYLA,,,2,2,full,pauli,,,,N_Qubit unknown: requires a real Cebule MOL_MAP run for this molecule/basis (see mol_map row's note). Standard per-Pauli-string measurement (baseline).,,
2074,H2O,0,1,10,cc-pvtz,basis_set_exchange,tn_qc_opt+mol_map,,n/a,TN_QC_OPT (Cebule),COBYLA,,,2,2,full,qasm_gen_grouped,,,,"N_Qubit unknown: requires a real Cebule MOL_MAP run for this molecule/basis (see mol_map row's note). Cebule QASM_GEN basis-state-pair-grouping measurement scheme. Expected to require fewer or equal distinct circuits per iteration than plain 'pauli' measurement (that's QASM_GEN's whole purpose), but the exact circuit count is an output of a real QASM_GEN/TN_QC_OPT run, not predictable in advance -- see docs.mqs.dk QASM_GEN section.",,
2075,H2O,0,1,10,cc-pvtz,basis_set_exchange,tn_qc_opt+mol_map,,n/a,TN_QC_OPT (Cebule),COBYLA,,,2,2,phase,pauli,,,,N_Qubit unknown: requires a real Cebule MOL_MAP run for this molecule/basis (see mol_map row's note). Standard per-Pauli-string measurement (baseline).,,
2076,H2O,0,1,10,cc-pvtz,basis_set_exchange,tn_qc_opt+mol_map,,n/a,TN_QC_OPT (Cebule),COBYLA,,,2,2,phase,qasm_gen_grouped,,,,"N_Qubit unknown: requires a real Cebule MOL_MAP run for this molecule/basis (see mol_map row's note). Cebule QASM_GEN basis-state-pair-grouping measurement scheme. Expected to require fewer or equal distinct circuits per iteration than plain 'pauli' measurement (that's QASM_GEN's whole purpose), but the exact circuit count is an output of a real QASM_GEN/TN_QC_OPT run, not predictable in advance -- see docs.mqs.dk QASM_GEN section.",,
2077,H2O,0,1,10,cc-pvtz,basis_set_exchange,tn_qc_opt+mol_map,,n/a,TN_QC_OPT (Cebule),COBYLA,,,2,3,full,pauli,,,,N_Qubit unknown: requires a real Cebule MOL_MAP run for this molecule/basis (see mol_map row's note). Standard per-Pauli-string measurement (baseline).,,
2078,H2O,0,1,10,cc-pvtz,basis_set_exchange,tn_qc_opt+mol_map,,n/a,TN_QC_OPT (Cebule),COBYLA,,,2,3,full,qasm_gen_grouped,,,,"N_Qubit unknown: requires a real Cebule MOL_MAP run for this molecule/basis (see mol_map row's note). Cebule QASM_GEN basis-state-pair-grouping measurement scheme. Expected to require fewer or equal distinct circuits per iteration than plain 'pauli' measurement (that's QASM_GEN's whole purpose), but the exact circuit count is an output of a real QASM_GEN/TN_QC_OPT run, not predictable in advance -- see docs.mqs.dk QASM_GEN section.",,
2079,H2O,0,1,10,cc-pvtz,basis_set_exchange,tn_qc_opt+mol_map,,n/a,TN_QC_OPT (Cebule),COBYLA,,,2,3,phase,pauli,,,,N_Qubit unknown: requires a real Cebule MOL_MAP run for this molecule/basis (see mol_map row's note). Standard per-Pauli-string measurement (baseline).,,
2080,H2O,0,1,10,cc-pvtz,basis_set_exchange,tn_qc_opt+mol_map,,n/a,TN_QC_OPT (Cebule),COBYLA,,,2,3,phase,qasm_gen_grouped,,,,"N_Qubit unknown: requires a real Cebule MOL_MAP run for this molecule/basis (see mol_map row's note). Cebule QASM_GEN basis-state-pair-grouping measurement scheme. Expected to require fewer or equal distinct circuits per iteration than plain 'pauli' measurement (that's QASM_GEN's whole purpose), but the exact circuit count is an output of a real QASM_GEN/TN_QC_OPT run, not predictable in advance -- see docs.mqs.dk QASM_GEN section.",,
2081,H2O,0,1,10,cc-pvtz,basis_set_exchange,tn_qc_opt+mol_map,,n/a,TN_QC_OPT (Cebule),COBYLA,,,2,4,full,pauli,,,,N_Qubit unknown: requires a real Cebule MOL_MAP run for this molecule/basis (see mol_map row's note). Standard per-Pauli-string measurement (baseline).,,
2082,H2O,0,1,10,cc-pvtz,basis_set_exchange,tn_qc_opt+mol_map,,n/a,TN_QC_OPT (Cebule),COBYLA,,,2,4,full,qasm_gen_grouped,,,,"N_Qubit unknown: requires a real Cebule MOL_MAP run for this molecule/basis (see mol_map row's note). Cebule QASM_GEN basis-state-pair-grouping measurement scheme. Expected to require fewer or equal distinct circuits per iteration than plain 'pauli' measurement (that's QASM_GEN's whole purpose), but the exact circuit count is an output of a real QASM_GEN/TN_QC_OPT run, not predictable in advance -- see docs.mqs.dk QASM_GEN section.",,
2083,H2O,0,1,10,cc-pvtz,basis_set_exchange,tn_qc_opt+mol_map,,n/a,TN_QC_OPT (Cebule),COBYLA,,,2,4,phase,pauli,,,,N_Qubit unknown: requires a real Cebule MOL_MAP run for this molecule/basis (see mol_map row's note). Standard per-Pauli-string measurement (baseline).,,
2084,H2O,0,1,10,cc-pvtz,basis_set_exchange,tn_qc_opt+mol_map,,n/a,TN_QC_OPT (Cebule),COBYLA,,,2,4,phase,qasm_gen_grouped,,,,"N_Qubit unknown: requires a real Cebule MOL_MAP run for this molecule/basis (see mol_map row's note). Cebule QASM_GEN basis-state-pair-grouping measurement scheme. Expected to require fewer or equal distinct circuits per iteration than plain 'pauli' measurement (that's QASM_GEN's whole purpose), but the exact circuit count is an output of a real QASM_GEN/TN_QC_OPT run, not predictable in advance -- see docs.mqs.dk QASM_GEN section.",,
2085,H2O,0,1,10,cc-pvtz,basis_set_exchange,tn_qc_opt+mol_map,,n/a,TN_QC_OPT (Cebule),COBYLA,,,3,1,full,pauli,,,,N_Qubit unknown: requires a real Cebule MOL_MAP run for this molecule/basis (see mol_map row's note). Standard per-Pauli-string measurement (baseline).,,
2086,H2O,0,1,10,cc-pvtz,basis_set_exchange,tn_qc_opt+mol_map,,n/a,TN_QC_OPT (Cebule),COBYLA,,,3,1,full,qasm_gen_grouped,,,,"N_Qubit unknown: requires a real Cebule MOL_MAP run for this molecule/basis (see mol_map row's note). Cebule QASM_GEN basis-state-pair-grouping measurement scheme. Expected to require fewer or equal distinct circuits per iteration than plain 'pauli' measurement (that's QASM_GEN's whole purpose), but the exact circuit count is an output of a real QASM_GEN/TN_QC_OPT run, not predictable in advance -- see docs.mqs.dk QASM_GEN section.",,
2087,H2O,0,1,10,cc-pvtz,basis_set_exchange,tn_qc_opt+mol_map,,n/a,TN_QC_OPT (Cebule),COBYLA,,,3,1,phase,pauli,,,,N_Qubit unknown: requires a real Cebule MOL_MAP run for this molecule/basis (see mol_map row's note). Standard per-Pauli-string measurement (baseline).,,
2088,H2O,0,1,10,cc-pvtz,basis_set_exchange,tn_qc_opt+mol_map,,n/a,TN_QC_OPT (Cebule),COBYLA,,,3,1,phase,qasm_gen_grouped,,,,"N_Qubit unknown: requires a real Cebule MOL_MAP run for this molecule/basis (see mol_map row's note). Cebule QASM_GEN basis-state-pair-grouping measurement scheme. Expected to require fewer or equal distinct circuits per iteration than plain 'pauli' measurement (that's QASM_GEN's whole purpose), but the exact circuit count is an output of a real QASM_GEN/TN_QC_OPT run, not predictable in advance -- see docs.mqs.dk QASM_GEN section.",,
2089,H2O,0,1,10,cc-pvtz,basis_set_exchange,tn_qc_opt+mol_map,,n/a,TN_QC_OPT (Cebule),COBYLA,,,3,2,full,pauli,,,,N_Qubit unknown: requires a real Cebule MOL_MAP run for this molecule/basis (see mol_map row's note). Standard per-Pauli-string measurement (baseline).,,
2090,H2O,0,1,10,cc-pvtz,basis_set_exchange,tn_qc_opt+mol_map,,n/a,TN_QC_OPT (Cebule),COBYLA,,,3,2,full,qasm_gen_grouped,,,,"N_Qubit unknown: requires a real Cebule MOL_MAP run for this molecule/basis (see mol_map row's note). Cebule QASM_GEN basis-state-pair-grouping measurement scheme. Expected to require fewer or equal distinct circuits per iteration than plain 'pauli' measurement (that's QASM_GEN's whole purpose), but the exact circuit count is an output of a real QASM_GEN/TN_QC_OPT run, not predictable in advance -- see docs.mqs.dk QASM_GEN section.",,
2091,H2O,0,1,10,cc-pvtz,basis_set_exchange,tn_qc_opt+mol_map,,n/a,TN_QC_OPT (Cebule),COBYLA,,,3,2,phase,pauli,,,,N_Qubit unknown: requires a real Cebule MOL_MAP run for this molecule/basis (see mol_map row's note). Standard per-Pauli-string measurement (baseline).,,
2092,H2O,0,1,10,cc-pvtz,basis_set_exchange,tn_qc_opt+mol_map,,n/a,TN_QC_OPT (Cebule),COBYLA,,,3,2,phase,qasm_gen_grouped,,,,"N_Qubit unknown: requires a real Cebule MOL_MAP run for this molecule/basis (see mol_map row's note). Cebule QASM_GEN basis-state-pair-grouping measurement scheme. Expected to require fewer or equal distinct circuits per iteration than plain 'pauli' measurement (that's QASM_GEN's whole purpose), but the exact circuit count is an output of a real QASM_GEN/TN_QC_OPT run, not predictable in advance -- see docs.mqs.dk QASM_GEN section.",,
2093,H2O,0,1,10,cc-pvtz,basis_set_exchange,tn_qc_opt+mol_map,,n/a,TN_QC_OPT (Cebule),COBYLA,,,3,3,full,pauli,,,,N_Qubit unknown: requires a real Cebule MOL_MAP run for this molecule/basis (see mol_map row's note). Standard per-Pauli-string measurement (baseline).,,
2094,H2O,0,1,10,cc-pvtz,basis_set_exchange,tn_qc_opt+mol_map,,n/a,TN_QC_OPT (Cebule),COBYLA,,,3,3,full,qasm_gen_grouped,,,,"N_Qubit unknown: requires a real Cebule MOL_MAP run for this molecule/basis (see mol_map row's note). Cebule QASM_GEN basis-state-pair-grouping measurement scheme. Expected to require fewer or equal distinct circuits per iteration than plain 'pauli' measurement (that's QASM_GEN's whole purpose), but the exact circuit count is an output of a real QASM_GEN/TN_QC_OPT run, not predictable in advance -- see docs.mqs.dk QASM_GEN section.",,
2095,H2O,0,1,10,cc-pvtz,basis_set_exchange,tn_qc_opt+mol_map,,n/a,TN_QC_OPT (Cebule),COBYLA,,,3,3,phase,pauli,,,,N_Qubit unknown: requires a real Cebule MOL_MAP run for this molecule/basis (see mol_map row's note). Standard per-Pauli-string measurement (baseline).,,
2096,H2O,0,1,10,cc-pvtz,basis_set_exchange,tn_qc_opt+mol_map,,n/a,TN_QC_OPT (Cebule),COBYLA,,,3,3,phase,qasm_gen_grouped,,,,"N_Qubit unknown: requires a real Cebule MOL_MAP run for this molecule/basis (see mol_map row's note). Cebule QASM_GEN basis-state-pair-grouping measurement scheme. Expected to require fewer or equal distinct circuits per iteration than plain 'pauli' measurement (that's QASM_GEN's whole purpose), but the exact circuit count is an output of a real QASM_GEN/TN_QC_OPT run, not predictable in advance -- see docs.mqs.dk QASM_GEN section.",,
2097,H2O,0,1,10,cc-pvtz,basis_set_exchange,tn_qc_opt+mol_map,,n/a,TN_QC_OPT (Cebule),COBYLA,,,3,4,full,pauli,,,,N_Qubit unknown: requires a real Cebule MOL_MAP run for this molecule/basis (see mol_map row's note). Standard per-Pauli-string measurement (baseline).,,
2098,H2O,0,1,10,cc-pvtz,basis_set_exchange,tn_qc_opt+mol_map,,n/a,TN_QC_OPT (Cebule),COBYLA,,,3,4,full,qasm_gen_grouped,,,,"N_Qubit unknown: requires a real Cebule MOL_MAP run for this molecule/basis (see mol_map row's note). Cebule QASM_GEN basis-state-pair-grouping measurement scheme. Expected to require fewer or equal distinct circuits per iteration than plain 'pauli' measurement (that's QASM_GEN's whole purpose), but the exact circuit count is an output of a real QASM_GEN/TN_QC_OPT run, not predictable in advance -- see docs.mqs.dk QASM_GEN section.",,
2099,H2O,0,1,10,cc-pvtz,basis_set_exchange,tn_qc_opt+mol_map,,n/a,TN_QC_OPT (Cebule),COBYLA,,,3,4,phase,pauli,,,,N_Qubit unknown: requires a real Cebule MOL_MAP run for this molecule/basis (see mol_map row's note). Standard per-Pauli-string measurement (baseline).,,
2100,H2O,0,1,10,cc-pvtz,basis_set_exchange,tn_qc_opt+mol_map,,n/a,TN_QC_OPT (Cebule),COBYLA,,,3,4,phase,qasm_gen_grouped,,,,"N_Qubit unknown: requires a real Cebule MOL_MAP run for this molecule/basis (see mol_map row's note). Cebule QASM_GEN basis-state-pair-grouping measurement scheme. Expected to require fewer or equal distinct circuits per iteration than plain 'pauli' measurement (that's QASM_GEN's whole purpose), but the exact circuit count is an output of a real QASM_GEN/TN_QC_OPT run, not predictable in advance -- see docs.mqs.dk QASM_GEN section.",,
2157,H2O,0,1,10,def2-svp,basis_set_exchange,tn_qc_opt+mol_map,,n/a,TN_QC_OPT (Cebule),COBYLA,,,0,1,n/a (no TN layers),pauli,,,,N_Qubit unknown: requires a real Cebule MOL_MAP run for this molecule/basis (see mol_map row's note). TN_Layers_Network=0 is the paper's 'circuit only' baseline -- equivalent to plain VQE with this Hamiltonian encoding and no TN preprocessing. Standard per-Pauli-string measurement (baseline).,,
2158,H2O,0,1,10,def2-svp,basis_set_exchange,tn_qc_opt+mol_map,,n/a,TN_QC_OPT (Cebule),COBYLA,,,0,1,n/a (no TN layers),qasm_gen_grouped,,,,"N_Qubit unknown: requires a real Cebule MOL_MAP run for this molecule/basis (see mol_map row's note). TN_Layers_Network=0 is the paper's 'circuit only' baseline -- equivalent to plain VQE with this Hamiltonian encoding and no TN preprocessing. Cebule QASM_GEN basis-state-pair-grouping measurement scheme. Expected to require fewer or equal distinct circuits per iteration than plain 'pauli' measurement (that's QASM_GEN's whole purpose), but the exact circuit count is an output of a real QASM_GEN/TN_QC_OPT run, not predictable in advance -- see docs.mqs.dk QASM_GEN section.",,
2159,H2O,0,1,10,def2-svp,basis_set_exchange,tn_qc_opt+mol_map,,n/a,TN_QC_OPT (Cebule),COBYLA,,,0,2,n/a (no TN layers),pauli,,,,N_Qubit unknown: requires a real Cebule MOL_MAP run for this molecule/basis (see mol_map row's note). TN_Layers_Network=0 is the paper's 'circuit only' baseline -- equivalent to plain VQE with this Hamiltonian encoding and no TN preprocessing. Standard per-Pauli-string measurement (baseline).,,
2160,H2O,0,1,10,def2-svp,basis_set_exchange,tn_qc_opt+mol_map,,n/a,TN_QC_OPT (Cebule),COBYLA,,,0,2,n/a (no TN layers),qasm_gen_grouped,,,,"N_Qubit unknown: requires a real Cebule MOL_MAP run for this molecule/basis (see mol_map row's note). TN_Layers_Network=0 is the paper's 'circuit only' baseline -- equivalent to plain VQE with this Hamiltonian encoding and no TN preprocessing. Cebule QASM_GEN basis-state-pair-grouping measurement scheme. Expected to require fewer or equal distinct circuits per iteration than plain 'pauli' measurement (that's QASM_GEN's whole purpose), but the exact circuit count is an output of a real QASM_GEN/TN_QC_OPT run, not predictable in advance -- see docs.mqs.dk QASM_GEN section.",,
2161,H2O,0,1,10,def2-svp,basis_set_exchange,tn_qc_opt+mol_map,,n/a,TN_QC_OPT (Cebule),COBYLA,,,0,3,n/a (no TN layers),pauli,,,,N_Qubit unknown: requires a real Cebule MOL_MAP run for this molecule/basis (see mol_map row's note). TN_Layers_Network=0 is the paper's 'circuit only' baseline -- equivalent to plain VQE with this Hamiltonian encoding and no TN preprocessing. Standard per-Pauli-string measurement (baseline).,,
2162,H2O,0,1,10,def2-svp,basis_set_exchange,tn_qc_opt+mol_map,,n/a,TN_QC_OPT (Cebule),COBYLA,,,0,3,n/a (no TN layers),qasm_gen_grouped,,,,"N_Qubit unknown: requires a real Cebule MOL_MAP run for this molecule/basis (see mol_map row's note). TN_Layers_Network=0 is the paper's 'circuit only' baseline -- equivalent to plain VQE with this Hamiltonian encoding and no TN preprocessing. Cebule QASM_GEN basis-state-pair-grouping measurement scheme. Expected to require fewer or equal distinct circuits per iteration than plain 'pauli' measurement (that's QASM_GEN's whole purpose), but the exact circuit count is an output of a real QASM_GEN/TN_QC_OPT run, not predictable in advance -- see docs.mqs.dk QASM_GEN section.",,
2163,H2O,0,1,10,def2-svp,basis_set_exchange,tn_qc_opt+mol_map,,n/a,TN_QC_OPT (Cebule),COBYLA,,,0,4,n/a (no TN layers),pauli,,,,N_Qubit unknown: requires a real Cebule MOL_MAP run for this molecule/basis (see mol_map row's note). TN_Layers_Network=0 is the paper's 'circuit only' baseline -- equivalent to plain VQE with this Hamiltonian encoding and no TN preprocessing. Standard per-Pauli-string measurement (baseline).,,
2164,H2O,0,1,10,def2-svp,basis_set_exchange,tn_qc_opt+mol_map,,n/a,TN_QC_OPT (Cebule),COBYLA,,,0,4,n/a (no TN layers),qasm_gen_grouped,,,,"N_Qubit unknown: requires a real Cebule MOL_MAP run for this molecule/basis (see mol_map row's note). TN_Layers_Network=0 is the paper's 'circuit only' baseline -- equivalent to plain VQE with this Hamiltonian encoding and no TN preprocessing. Cebule QASM_GEN basis-state-pair-grouping measurement scheme. Expected to require fewer or equal distinct circuits per iteration than plain 'pauli' measurement (that's QASM_GEN's whole purpose), but the exact circuit count is an output of a real QASM_GEN/TN_QC_OPT run, not predictable in advance -- see docs.mqs.dk QASM_GEN section.",,
2165,H2O,0,1,10,def2-svp,basis_set_exchange,tn_qc_opt+mol_map,,n/a,TN_QC_OPT (Cebule),COBYLA,,,1,1,full,pauli,,,,N_Qubit unknown: requires a real Cebule MOL_MAP run for this molecule/basis (see mol_map row's note). Standard per-Pauli-string measurement (baseline).,,
2166,H2O,0,1,10,def2-svp,basis_set_exchange,tn_qc_opt+mol_map,,n/a,TN_QC_OPT (Cebule),COBYLA,,,1,1,full,qasm_gen_grouped,,,,"N_Qubit unknown: requires a real Cebule MOL_MAP run for this molecule/basis (see mol_map row's note). Cebule QASM_GEN basis-state-pair-grouping measurement scheme. Expected to require fewer or equal distinct circuits per iteration than plain 'pauli' measurement (that's QASM_GEN's whole purpose), but the exact circuit count is an output of a real QASM_GEN/TN_QC_OPT run, not predictable in advance -- see docs.mqs.dk QASM_GEN section.",,
2167,H2O,0,1,10,def2-svp,basis_set_exchange,tn_qc_opt+mol_map,,n/a,TN_QC_OPT (Cebule),COBYLA,,,1,1,phase,pauli,,,,N_Qubit unknown: requires a real Cebule MOL_MAP run for this molecule/basis (see mol_map row's note). Standard per-Pauli-string measurement (baseline).,,
2168,H2O,0,1,10,def2-svp,basis_set_exchange,tn_qc_opt+mol_map,,n/a,TN_QC_OPT (Cebule),COBYLA,,,1,1,phase,qasm_gen_grouped,,,,"N_Qubit unknown: requires a real Cebule MOL_MAP run for this molecule/basis (see mol_map row's note). Cebule QASM_GEN basis-state-pair-grouping measurement scheme. Expected to require fewer or equal distinct circuits per iteration than plain 'pauli' measurement (that's QASM_GEN's whole purpose), but the exact circuit count is an output of a real QASM_GEN/TN_QC_OPT run, not predictable in advance -- see docs.mqs.dk QASM_GEN section.",,
2169,H2O,0,1,10,def2-svp,basis_set_exchange,tn_qc_opt+mol_map,,n/a,TN_QC_OPT (Cebule),COBYLA,,,1,2,full,pauli,,,,N_Qubit unknown: requires a real Cebule MOL_MAP run for this molecule/basis (see mol_map row's note). Standard per-Pauli-string measurement (baseline).,,
2170,H2O,0,1,10,def2-svp,basis_set_exchange,tn_qc_opt+mol_map,,n/a,TN_QC_OPT (Cebule),COBYLA,,,1,2,full,qasm_gen_grouped,,,,"N_Qubit unknown: requires a real Cebule MOL_MAP run for this molecule/basis (see mol_map row's note). Cebule QASM_GEN basis-state-pair-grouping measurement scheme. Expected to require fewer or equal distinct circuits per iteration than plain 'pauli' measurement (that's QASM_GEN's whole purpose), but the exact circuit count is an output of a real QASM_GEN/TN_QC_OPT run, not predictable in advance -- see docs.mqs.dk QASM_GEN section.",,
2171,H2O,0,1,10,def2-svp,basis_set_exchange,tn_qc_opt+mol_map,,n/a,TN_QC_OPT (Cebule),COBYLA,,,1,2,phase,pauli,,,,N_Qubit unknown: requires a real Cebule MOL_MAP run for this molecule/basis (see mol_map row's note). Standard per-Pauli-string measurement (baseline).,,
2172,H2O,0,1,10,def2-svp,basis_set_exchange,tn_qc_opt+mol_map,,n/a,TN_QC_OPT (Cebule),COBYLA,,,1,2,phase,qasm_gen_grouped,,,,"N_Qubit unknown: requires a real Cebule MOL_MAP run for this molecule/basis (see mol_map row's note). Cebule QASM_GEN basis-state-pair-grouping measurement scheme. Expected to require fewer or equal distinct circuits per iteration than plain 'pauli' measurement (that's QASM_GEN's whole purpose), but the exact circuit count is an output of a real QASM_GEN/TN_QC_OPT run, not predictable in advance -- see docs.mqs.dk QASM_GEN section.",,
2173,H2O,0,1,10,def2-svp,basis_set_exchange,tn_qc_opt+mol_map,,n/a,TN_QC_OPT (Cebule),COBYLA,,,1,3,full,pauli,,,,N_Qubit unknown: requires a real Cebule MOL_MAP run for this molecule/basis (see mol_map row's note). Standard per-Pauli-string measurement (baseline).,,
2174,H2O,0,1,10,def2-svp,basis_set_exchange,tn_qc_opt+mol_map,,n/a,TN_QC_OPT (Cebule),COBYLA,,,1,3,full,qasm_gen_grouped,,,,"N_Qubit unknown: requires a real Cebule MOL_MAP run for this molecule/basis (see mol_map row's note). Cebule QASM_GEN basis-state-pair-grouping measurement scheme. Expected to require fewer or equal distinct circuits per iteration than plain 'pauli' measurement (that's QASM_GEN's whole purpose), but the exact circuit count is an output of a real QASM_GEN/TN_QC_OPT run, not predictable in advance -- see docs.mqs.dk QASM_GEN section.",,
2175,H2O,0,1,10,def2-svp,basis_set_exchange,tn_qc_opt+mol_map,,n/a,TN_QC_OPT (Cebule),COBYLA,,,1,3,phase,pauli,,,,N_Qubit unknown: requires a real Cebule MOL_MAP run for this molecule/basis (see mol_map row's note). Standard per-Pauli-string measurement (baseline).,,
2176,H2O,0,1,10,def2-svp,basis_set_exchange,tn_qc_opt+mol_map,,n/a,TN_QC_OPT (Cebule),COBYLA,,,1,3,phase,qasm_gen_grouped,,,,"N_Qubit unknown: requires a real Cebule MOL_MAP run for this molecule/basis (see mol_map row's note). Cebule QASM_GEN basis-state-pair-grouping measurement scheme. Expected to require fewer or equal distinct circuits per iteration than plain 'pauli' measurement (that's QASM_GEN's whole purpose), but the exact circuit count is an output of a real QASM_GEN/TN_QC_OPT run, not predictable in advance -- see docs.mqs.dk QASM_GEN section.",,
2177,H2O,0,1,10,def2-svp,basis_set_exchange,tn_qc_opt+mol_map,,n/a,TN_QC_OPT (Cebule),COBYLA,,,1,4,full,pauli,,,,N_Qubit unknown: requires a real Cebule MOL_MAP run for this molecule/basis (see mol_map row's note). Standard per-Pauli-string measurement (baseline).,,
2178,H2O,0,1,10,def2-svp,basis_set_exchange,tn_qc_opt+mol_map,,n/a,TN_QC_OPT (Cebule),COBYLA,,,1,4,full,qasm_gen_grouped,,,,"N_Qubit unknown: requires a real Cebule MOL_MAP run for this molecule/basis (see mol_map row's note). Cebule QASM_GEN basis-state-pair-grouping measurement scheme. Expected to require fewer or equal distinct circuits per iteration than plain 'pauli' measurement (that's QASM_GEN's whole purpose), but the exact circuit count is an output of a real QASM_GEN/TN_QC_OPT run, not predictable in advance -- see docs.mqs.dk QASM_GEN section.",,
2179,H2O,0,1,10,def2-svp,basis_set_exchange,tn_qc_opt+mol_map,,n/a,TN_QC_OPT (Cebule),COBYLA,,,1,4,phase,pauli,,,,N_Qubit unknown: requires a real Cebule MOL_MAP run for this molecule/basis (see mol_map row's note). Standard per-Pauli-string measurement (baseline).,,
2180,H2O,0,1,10,def2-svp,basis_set_exchange,tn_qc_opt+mol_map,,n/a,TN_QC_OPT (Cebule),COBYLA,,,1,4,phase,qasm_gen_grouped,,,,"N_Qubit unknown: requires a real Cebule MOL_MAP run for this molecule/basis (see mol_map row's note). Cebule QASM_GEN basis-state-pair-grouping measurement scheme. Expected to require fewer or equal distinct circuits per iteration than plain 'pauli' measurement (that's QASM_GEN's whole purpose), but the exact circuit count is an output of a real QASM_GEN/TN_QC_OPT run, not predictable in advance -- see docs.mqs.dk QASM_GEN section.",,
2181,H2O,0,1,10,def2-svp,basis_set_exchange,tn_qc_opt+mol_map,,n/a,TN_QC_OPT (Cebule),COBYLA,,,2,1,full,pauli,,,,N_Qubit unknown: requires a real Cebule MOL_MAP run for this molecule/basis (see mol_map row's note). Standard per-Pauli-string measurement (baseline).,,
2182,H2O,0,1,10,def2-svp,basis_set_exchange,tn_qc_opt+mol_map,,n/a,TN_QC_OPT (Cebule),COBYLA,,,2,1,full,qasm_gen_grouped,,,,"N_Qubit unknown: requires a real Cebule MOL_MAP run for this molecule/basis (see mol_map row's note). Cebule QASM_GEN basis-state-pair-grouping measurement scheme. Expected to require fewer or equal distinct circuits per iteration than plain 'pauli' measurement (that's QASM_GEN's whole purpose), but the exact circuit count is an output of a real QASM_GEN/TN_QC_OPT run, not predictable in advance -- see docs.mqs.dk QASM_GEN section.",,
2183,H2O,0,1,10,def2-svp,basis_set_exchange,tn_qc_opt+mol_map,,n/a,TN_QC_OPT (Cebule),COBYLA,,,2,1,phase,pauli,,,,N_Qubit unknown: requires a real Cebule MOL_MAP run for this molecule/basis (see mol_map row's note). Standard per-Pauli-string measurement (baseline).,,
2184,H2O,0,1,10,def2-svp,basis_set_exchange,tn_qc_opt+mol_map,,n/a,TN_QC_OPT (Cebule),COBYLA,,,2,1,phase,qasm_gen_grouped,,,,"N_Qubit unknown: requires a real Cebule MOL_MAP run for this molecule/basis (see mol_map row's note). Cebule QASM_GEN basis-state-pair-grouping measurement scheme. Expected to require fewer or equal distinct circuits per iteration than plain 'pauli' measurement (that's QASM_GEN's whole purpose), but the exact circuit count is an output of a real QASM_GEN/TN_QC_OPT run, not predictable in advance -- see docs.mqs.dk QASM_GEN section.",,
2185,H2O,0,1,10,def2-svp,basis_set_exchange,tn_qc_opt+mol_map,,n/a,TN_QC_OPT (Cebule),COBYLA,,,2,2,full,pauli,,,,N_Qubit unknown: requires a real Cebule MOL_MAP run for this molecule/basis (see mol_map row's note). Standard per-Pauli-string measurement (baseline).,,
2186,H2O,0,1,10,def2-svp,basis_set_exchange,tn_qc_opt+mol_map,,n/a,TN_QC_OPT (Cebule),COBYLA,,,2,2,full,qasm_gen_grouped,,,,"N_Qubit unknown: requires a real Cebule MOL_MAP run for this molecule/basis (see mol_map row's note). Cebule QASM_GEN basis-state-pair-grouping measurement scheme. Expected to require fewer or equal distinct circuits per iteration than plain 'pauli' measurement (that's QASM_GEN's whole purpose), but the exact circuit count is an output of a real QASM_GEN/TN_QC_OPT run, not predictable in advance -- see docs.mqs.dk QASM_GEN section.",,
2187,H2O,0,1,10,def2-svp,basis_set_exchange,tn_qc_opt+mol_map,,n/a,TN_QC_OPT (Cebule),COBYLA,,,2,2,phase,pauli,,,,N_Qubit unknown: requires a real Cebule MOL_MAP run for this molecule/basis (see mol_map row's note). Standard per-Pauli-string measurement (baseline).,,
2188,H2O,0,1,10,def2-svp,basis_set_exchange,tn_qc_opt+mol_map,,n/a,TN_QC_OPT (Cebule),COBYLA,,,2,2,phase,qasm_gen_grouped,,,,"N_Qubit unknown: requires a real Cebule MOL_MAP run for this molecule/basis (see mol_map row's note). Cebule QASM_GEN basis-state-pair-grouping measurement scheme. Expected to require fewer or equal distinct circuits per iteration than plain 'pauli' measurement (that's QASM_GEN's whole purpose), but the exact circuit count is an output of a real QASM_GEN/TN_QC_OPT run, not predictable in advance -- see docs.mqs.dk QASM_GEN section.",,
2189,H2O,0,1,10,def2-svp,basis_set_exchange,tn_qc_opt+mol_map,,n/a,TN_QC_OPT (Cebule),COBYLA,,,2,3,full,pauli,,,,N_Qubit unknown: requires a real Cebule MOL_MAP run for this molecule/basis (see mol_map row's note). Standard per-Pauli-string measurement (baseline).,,
2190,H2O,0,1,10,def2-svp,basis_set_exchange,tn_qc_opt+mol_map,,n/a,TN_QC_OPT (Cebule),COBYLA,,,2,3,full,qasm_gen_grouped,,,,"N_Qubit unknown: requires a real Cebule MOL_MAP run for this molecule/basis (see mol_map row's note). Cebule QASM_GEN basis-state-pair-grouping measurement scheme. Expected to require fewer or equal distinct circuits per iteration than plain 'pauli' measurement (that's QASM_GEN's whole purpose), but the exact circuit count is an output of a real QASM_GEN/TN_QC_OPT run, not predictable in advance -- see docs.mqs.dk QASM_GEN section.",,
2191,H2O,0,1,10,def2-svp,basis_set_exchange,tn_qc_opt+mol_map,,n/a,TN_QC_OPT (Cebule),COBYLA,,,2,3,phase,pauli,,,,N_Qubit unknown: requires a real Cebule MOL_MAP run for this molecule/basis (see mol_map row's note). Standard per-Pauli-string measurement (baseline).,,
2192,H2O,0,1,10,def2-svp,basis_set_exchange,tn_qc_opt+mol_map,,n/a,TN_QC_OPT (Cebule),COBYLA,,,2,3,phase,qasm_gen_grouped,,,,"N_Qubit unknown: requires a real Cebule MOL_MAP run for this molecule/basis (see mol_map row's note). Cebule QASM_GEN basis-state-pair-grouping measurement scheme. Expected to require fewer or equal distinct circuits per iteration than plain 'pauli' measurement (that's QASM_GEN's whole purpose), but the exact circuit count is an output of a real QASM_GEN/TN_QC_OPT run, not predictable in advance -- see docs.mqs.dk QASM_GEN section.",,
2193,H2O,0,1,10,def2-svp,basis_set_exchange,tn_qc_opt+mol_map,,n/a,TN_QC_OPT (Cebule),COBYLA,,,2,4,full,pauli,,,,N_Qubit unknown: requires a real Cebule MOL_MAP run for this molecule/basis (see mol_map row's note). Standard per-Pauli-string measurement (baseline).,,
2194,H2O,0,1,10,def2-svp,basis_set_exchange,tn_qc_opt+mol_map,,n/a,TN_QC_OPT (Cebule),COBYLA,,,2,4,full,qasm_gen_grouped,,,,"N_Qubit unknown: requires a real Cebule MOL_MAP run for this molecule/basis (see mol_map row's note). Cebule QASM_GEN basis-state-pair-grouping measurement scheme. Expected to require fewer or equal distinct circuits per iteration than plain 'pauli' measurement (that's QASM_GEN's whole purpose), but the exact circuit count is an output of a real QASM_GEN/TN_QC_OPT run, not predictable in advance -- see docs.mqs.dk QASM_GEN section.",,
2195,H2O,0,1,10,def2-svp,basis_set_exchange,tn_qc_opt+mol_map,,n/a,TN_QC_OPT (Cebule),COBYLA,,,2,4,phase,pauli,,,,N_Qubit unknown: requires a real Cebule MOL_MAP run for this molecule/basis (see mol_map row's note). Standard per-Pauli-string measurement (baseline).,,
2196,H2O,0,1,10,def2-svp,basis_set_exchange,tn_qc_opt+mol_map,,n/a,TN_QC_OPT (Cebule),COBYLA,,,2,4,phase,qasm_gen_grouped,,,,"N_Qubit unknown: requires a real Cebule MOL_MAP run for this molecule/basis (see mol_map row's note). Cebule QASM_GEN basis-state-pair-grouping measurement scheme. Expected to require fewer or equal distinct circuits per iteration than plain 'pauli' measurement (that's QASM_GEN's whole purpose), but the exact circuit count is an output of a real QASM_GEN/TN_QC_OPT run, not predictable in advance -- see docs.mqs.dk QASM_GEN section.",,
2197,H2O,0,1,10,def2-svp,basis_set_exchange,tn_qc_opt+mol_map,,n/a,TN_QC_OPT (Cebule),COBYLA,,,3,1,full,pauli,,,,N_Qubit unknown: requires a real Cebule MOL_MAP run for this molecule/basis (see mol_map row's note). Standard per-Pauli-string measurement (baseline).,,
2198,H2O,0,1,10,def2-svp,basis_set_exchange,tn_qc_opt+mol_map,,n/a,TN_QC_OPT (Cebule),COBYLA,,,3,1,full,qasm_gen_grouped,,,,"N_Qubit unknown: requires a real Cebule MOL_MAP run for this molecule/basis (see mol_map row's note). Cebule QASM_GEN basis-state-pair-grouping measurement scheme. Expected to require fewer or equal distinct circuits per iteration than plain 'pauli' measurement (that's QASM_GEN's whole purpose), but the exact circuit count is an output of a real QASM_GEN/TN_QC_OPT run, not predictable in advance -- see docs.mqs.dk QASM_GEN section.",,
2199,H2O,0,1,10,def2-svp,basis_set_exchange,tn_qc_opt+mol_map,,n/a,TN_QC_OPT (Cebule),COBYLA,,,3,1,phase,pauli,,,,N_Qubit unknown: requires a real Cebule MOL_MAP run for this molecule/basis (see mol_map row's note). Standard per-Pauli-string measurement (baseline).,,
2200,H2O,0,1,10,def2-svp,basis_set_exchange,tn_qc_opt+mol_map,,n/a,TN_QC_OPT (Cebule),COBYLA,,,3,1,phase,qasm_gen_grouped,,,,"N_Qubit unknown: requires a real Cebule MOL_MAP run for this molecule/basis (see mol_map row's note). Cebule QASM_GEN basis-state-pair-grouping measurement scheme. Expected to require fewer or equal distinct circuits per iteration than plain 'pauli' measurement (that's QASM_GEN's whole purpose), but the exact circuit count is an output of a real QASM_GEN/TN_QC_OPT run, not predictable in advance -- see docs.mqs.dk QASM_GEN section.",,
2201,H2O,0,1,10,def2-svp,basis_set_exchange,tn_qc_opt+mol_map,,n/a,TN_QC_OPT (Cebule),COBYLA,,,3,2,full,pauli,,,,N_Qubit unknown: requires a real Cebule MOL_MAP run for this molecule/basis (see mol_map row's note). Standard per-Pauli-string measurement (baseline).,,
2202,H2O,0,1,10,def2-svp,basis_set_exchange,tn_qc_opt+mol_map,,n/a,TN_QC_OPT (Cebule),COBYLA,,,3,2,full,qasm_gen_grouped,,,,"N_Qubit unknown: requires a real Cebule MOL_MAP run for this molecule/basis (see mol_map row's note). Cebule QASM_GEN basis-state-pair-grouping measurement scheme. Expected to require fewer or equal distinct circuits per iteration than plain 'pauli' measurement (that's QASM_GEN's whole purpose), but the exact circuit count is an output of a real QASM_GEN/TN_QC_OPT run, not predictable in advance -- see docs.mqs.dk QASM_GEN section.",,
2203,H2O,0,1,10,def2-svp,basis_set_exchange,tn_qc_opt+mol_map,,n/a,TN_QC_OPT (Cebule),COBYLA,,,3,2,phase,pauli,,,,N_Qubit unknown: requires a real Cebule MOL_MAP run for this molecule/basis (see mol_map row's note). Standard per-Pauli-string measurement (baseline).,,
2204,H2O,0,1,10,def2-svp,basis_set_exchange,tn_qc_opt+mol_map,,n/a,TN_QC_OPT (Cebule),COBYLA,,,3,2,phase,qasm_gen_grouped,,,,"N_Qubit unknown: requires a real Cebule MOL_MAP run for this molecule/basis (see mol_map row's note). Cebule QASM_GEN basis-state-pair-grouping measurement scheme. Expected to require fewer or equal distinct circuits per iteration than plain 'pauli' measurement (that's QASM_GEN's whole purpose), but the exact circuit count is an output of a real QASM_GEN/TN_QC_OPT run, not predictable in advance -- see docs.mqs.dk QASM_GEN section.",,
2205,H2O,0,1,10,def2-svp,basis_set_exchange,tn_qc_opt+mol_map,,n/a,TN_QC_OPT (Cebule),COBYLA,,,3,3,full,pauli,,,,N_Qubit unknown: requires a real Cebule MOL_MAP run for this molecule/basis (see mol_map row's note). Standard per-Pauli-string measurement (baseline).,,
2206,H2O,0,1,10,def2-svp,basis_set_exchange,tn_qc_opt+mol_map,,n/a,TN_QC_OPT (Cebule),COBYLA,,,3,3,full,qasm_gen_grouped,,,,"N_Qubit unknown: requires a real Cebule MOL_MAP run for this molecule/basis (see mol_map row's note). Cebule QASM_GEN basis-state-pair-grouping measurement scheme. Expected to require fewer or equal distinct circuits per iteration than plain 'pauli' measurement (that's QASM_GEN's whole purpose), but the exact circuit count is an output of a real QASM_GEN/TN_QC_OPT run, not predictable in advance -- see docs.mqs.dk QASM_GEN section.",,
2207,H2O,0,1,10,def2-svp,basis_set_exchange,tn_qc_opt+mol_map,,n/a,TN_QC_OPT (Cebule),COBYLA,,,3,3,phase,pauli,,,,N_Qubit unknown: requires a real Cebule MOL_MAP run for this molecule/basis (see mol_map row's note). Standard per-Pauli-string measurement (baseline).,,
2208,H2O,0,1,10,def2-svp,basis_set_exchange,tn_qc_opt+mol_map,,n/a,TN_QC_OPT (Cebule),COBYLA,,,3,3,phase,qasm_gen_grouped,,,,"N_Qubit unknown: requires a real Cebule MOL_MAP run for this molecule/basis (see mol_map row's note). Cebule QASM_GEN basis-state-pair-grouping measurement scheme. Expected to require fewer or equal distinct circuits per iteration than plain 'pauli' measurement (that's QASM_GEN's whole purpose), but the exact circuit count is an output of a real QASM_GEN/TN_QC_OPT run, not predictable in advance -- see docs.mqs.dk QASM_GEN section.",,
2209,H2O,0,1,10,def2-svp,basis_set_exchange,tn_qc_opt+mol_map,,n/a,TN_QC_OPT (Cebule),COBYLA,,,3,4,full,pauli,,,,N_Qubit unknown: requires a real Cebule MOL_MAP run for this molecule/basis (see mol_map row's note). Standard per-Pauli-string measurement (baseline).,,
2210,H2O,0,1,10,def2-svp,basis_set_exchange,tn_qc_opt+mol_map,,n/a,TN_QC_OPT (Cebule),COBYLA,,,3,4,full,qasm_gen_grouped,,,,"N_Qubit unknown: requires a real Cebule MOL_MAP run for this molecule/basis (see mol_map row's note). Cebule QASM_GEN basis-state-pair-grouping measurement scheme. Expected to require fewer or equal distinct circuits per iteration than plain 'pauli' measurement (that's QASM_GEN's whole purpose), but the exact circuit count is an output of a real QASM_GEN/TN_QC_OPT run, not predictable in advance -- see docs.mqs.dk QASM_GEN section.",,
2211,H2O,0,1,10,def2-svp,basis_set_exchange,tn_qc_opt+mol_map,,n/a,TN_QC_OPT (Cebule),COBYLA,,,3,4,phase,pauli,,,,N_Qubit unknown: requires a real Cebule MOL_MAP run for this molecule/basis (see mol_map row's note). Standard per-Pauli-string measurement (baseline).,,
2212,H2O,0,1,10,def2-svp,basis_set_exchange,tn_qc_opt+mol_map,,n/a,TN_QC_OPT (Cebule),COBYLA,,,3,4,phase,qasm_gen_grouped,,,,"N_Qubit unknown: requires a real Cebule MOL_MAP run for this molecule/basis (see mol_map row's note). Cebule QASM_GEN basis-state-pair-grouping measurement scheme. Expected to require fewer or equal distinct circuits per iteration than plain 'pauli' measurement (that's QASM_GEN's whole purpose), but the exact circuit count is an output of a real QASM_GEN/TN_QC_OPT run, not predictable in advance -- see docs.mqs.dk QASM_GEN section.",,
2269,H2O,0,1,10,def2-tzvp,basis_set_exchange,tn_qc_opt+mol_map,,n/a,TN_QC_OPT (Cebule),COBYLA,,,0,1,n/a (no TN layers),pauli,,,,N_Qubit unknown: requires a real Cebule MOL_MAP run for this molecule/basis (see mol_map row's note). TN_Layers_Network=0 is the paper's 'circuit only' baseline -- equivalent to plain VQE with this Hamiltonian encoding and no TN preprocessing. Standard per-Pauli-string measurement (baseline).,,
2270,H2O,0,1,10,def2-tzvp,basis_set_exchange,tn_qc_opt+mol_map,,n/a,TN_QC_OPT (Cebule),COBYLA,,,0,1,n/a (no TN layers),qasm_gen_grouped,,,,"N_Qubit unknown: requires a real Cebule MOL_MAP run for this molecule/basis (see mol_map row's note). TN_Layers_Network=0 is the paper's 'circuit only' baseline -- equivalent to plain VQE with this Hamiltonian encoding and no TN preprocessing. Cebule QASM_GEN basis-state-pair-grouping measurement scheme. Expected to require fewer or equal distinct circuits per iteration than plain 'pauli' measurement (that's QASM_GEN's whole purpose), but the exact circuit count is an output of a real QASM_GEN/TN_QC_OPT run, not predictable in advance -- see docs.mqs.dk QASM_GEN section.",,
2271,H2O,0,1,10,def2-tzvp,basis_set_exchange,tn_qc_opt+mol_map,,n/a,TN_QC_OPT (Cebule),COBYLA,,,0,2,n/a (no TN layers),pauli,,,,N_Qubit unknown: requires a real Cebule MOL_MAP run for this molecule/basis (see mol_map row's note). TN_Layers_Network=0 is the paper's 'circuit only' baseline -- equivalent to plain VQE with this Hamiltonian encoding and no TN preprocessing. Standard per-Pauli-string measurement (baseline).,,
2272,H2O,0,1,10,def2-tzvp,basis_set_exchange,tn_qc_opt+mol_map,,n/a,TN_QC_OPT (Cebule),COBYLA,,,0,2,n/a (no TN layers),qasm_gen_grouped,,,,"N_Qubit unknown: requires a real Cebule MOL_MAP run for this molecule/basis (see mol_map row's note). TN_Layers_Network=0 is the paper's 'circuit only' baseline -- equivalent to plain VQE with this Hamiltonian encoding and no TN preprocessing. Cebule QASM_GEN basis-state-pair-grouping measurement scheme. Expected to require fewer or equal distinct circuits per iteration than plain 'pauli' measurement (that's QASM_GEN's whole purpose), but the exact circuit count is an output of a real QASM_GEN/TN_QC_OPT run, not predictable in advance -- see docs.mqs.dk QASM_GEN section.",,
2273,H2O,0,1,10,def2-tzvp,basis_set_exchange,tn_qc_opt+mol_map,,n/a,TN_QC_OPT (Cebule),COBYLA,,,0,3,n/a (no TN layers),pauli,,,,N_Qubit unknown: requires a real Cebule MOL_MAP run for this molecule/basis (see mol_map row's note). TN_Layers_Network=0 is the paper's 'circuit only' baseline -- equivalent to plain VQE with this Hamiltonian encoding and no TN preprocessing. Standard per-Pauli-string measurement (baseline).,,
2274,H2O,0,1,10,def2-tzvp,basis_set_exchange,tn_qc_opt+mol_map,,n/a,TN_QC_OPT (Cebule),COBYLA,,,0,3,n/a (no TN layers),qasm_gen_grouped,,,,"N_Qubit unknown: requires a real Cebule MOL_MAP run for this molecule/basis (see mol_map row's note). TN_Layers_Network=0 is the paper's 'circuit only' baseline -- equivalent to plain VQE with this Hamiltonian encoding and no TN preprocessing. Cebule QASM_GEN basis-state-pair-grouping measurement scheme. Expected to require fewer or equal distinct circuits per iteration than plain 'pauli' measurement (that's QASM_GEN's whole purpose), but the exact circuit count is an output of a real QASM_GEN/TN_QC_OPT run, not predictable in advance -- see docs.mqs.dk QASM_GEN section.",,
2275,H2O,0,1,10,def2-tzvp,basis_set_exchange,tn_qc_opt+mol_map,,n/a,TN_QC_OPT (Cebule),COBYLA,,,0,4,n/a (no TN layers),pauli,,,,N_Qubit unknown: requires a real Cebule MOL_MAP run for this molecule/basis (see mol_map row's note). TN_Layers_Network=0 is the paper's 'circuit only' baseline -- equivalent to plain VQE with this Hamiltonian encoding and no TN preprocessing. Standard per-Pauli-string measurement (baseline).,,
2276,H2O,0,1,10,def2-tzvp,basis_set_exchange,tn_qc_opt+mol_map,,n/a,TN_QC_OPT (Cebule),COBYLA,,,0,4,n/a (no TN layers),qasm_gen_grouped,,,,"N_Qubit unknown: requires a real Cebule MOL_MAP run for this molecule/basis (see mol_map row's note). TN_Layers_Network=0 is the paper's 'circuit only' baseline -- equivalent to plain VQE with this Hamiltonian encoding and no TN preprocessing. Cebule QASM_GEN basis-state-pair-grouping measurement scheme. Expected to require fewer or equal distinct circuits per iteration than plain 'pauli' measurement (that's QASM_GEN's whole purpose), but the exact circuit count is an output of a real QASM_GEN/TN_QC_OPT run, not predictable in advance -- see docs.mqs.dk QASM_GEN section.",,
2277,H2O,0,1,10,def2-tzvp,basis_set_exchange,tn_qc_opt+mol_map,,n/a,TN_QC_OPT (Cebule),COBYLA,,,1,1,full,pauli,,,,N_Qubit unknown: requires a real Cebule MOL_MAP run for this molecule/basis (see mol_map row's note). Standard per-Pauli-string measurement (baseline).,,
2278,H2O,0,1,10,def2-tzvp,basis_set_exchange,tn_qc_opt+mol_map,,n/a,TN_QC_OPT (Cebule),COBYLA,,,1,1,full,qasm_gen_grouped,,,,"N_Qubit unknown: requires a real Cebule MOL_MAP run for this molecule/basis (see mol_map row's note). Cebule QASM_GEN basis-state-pair-grouping measurement scheme. Expected to require fewer or equal distinct circuits per iteration than plain 'pauli' measurement (that's QASM_GEN's whole purpose), but the exact circuit count is an output of a real QASM_GEN/TN_QC_OPT run, not predictable in advance -- see docs.mqs.dk QASM_GEN section.",,
2279,H2O,0,1,10,def2-tzvp,basis_set_exchange,tn_qc_opt+mol_map,,n/a,TN_QC_OPT (Cebule),COBYLA,,,1,1,phase,pauli,,,,N_Qubit unknown: requires a real Cebule MOL_MAP run for this molecule/basis (see mol_map row's note). Standard per-Pauli-string measurement (baseline).,,
2280,H2O,0,1,10,def2-tzvp,basis_set_exchange,tn_qc_opt+mol_map,,n/a,TN_QC_OPT (Cebule),COBYLA,,,1,1,phase,qasm_gen_grouped,,,,"N_Qubit unknown: requires a real Cebule MOL_MAP run for this molecule/basis (see mol_map row's note). Cebule QASM_GEN basis-state-pair-grouping measurement scheme. Expected to require fewer or equal distinct circuits per iteration than plain 'pauli' measurement (that's QASM_GEN's whole purpose), but the exact circuit count is an output of a real QASM_GEN/TN_QC_OPT run, not predictable in advance -- see docs.mqs.dk QASM_GEN section.",,
2281,H2O,0,1,10,def2-tzvp,basis_set_exchange,tn_qc_opt+mol_map,,n/a,TN_QC_OPT (Cebule),COBYLA,,,1,2,full,pauli,,,,N_Qubit unknown: requires a real Cebule MOL_MAP run for this molecule/basis (see mol_map row's note). Standard per-Pauli-string measurement (baseline).,,
2282,H2O,0,1,10,def2-tzvp,basis_set_exchange,tn_qc_opt+mol_map,,n/a,TN_QC_OPT (Cebule),COBYLA,,,1,2,full,qasm_gen_grouped,,,,"N_Qubit unknown: requires a real Cebule MOL_MAP run for this molecule/basis (see mol_map row's note). Cebule QASM_GEN basis-state-pair-grouping measurement scheme. Expected to require fewer or equal distinct circuits per iteration than plain 'pauli' measurement (that's QASM_GEN's whole purpose), but the exact circuit count is an output of a real QASM_GEN/TN_QC_OPT run, not predictable in advance -- see docs.mqs.dk QASM_GEN section.",,
2283,H2O,0,1,10,def2-tzvp,basis_set_exchange,tn_qc_opt+mol_map,,n/a,TN_QC_OPT (Cebule),COBYLA,,,1,2,phase,pauli,,,,N_Qubit unknown: requires a real Cebule MOL_MAP run for this molecule/basis (see mol_map row's note). Standard per-Pauli-string measurement (baseline).,,
2284,H2O,0,1,10,def2-tzvp,basis_set_exchange,tn_qc_opt+mol_map,,n/a,TN_QC_OPT (Cebule),COBYLA,,,1,2,phase,qasm_gen_grouped,,,,"N_Qubit unknown: requires a real Cebule MOL_MAP run for this molecule/basis (see mol_map row's note). Cebule QASM_GEN basis-state-pair-grouping measurement scheme. Expected to require fewer or equal distinct circuits per iteration than plain 'pauli' measurement (that's QASM_GEN's whole purpose), but the exact circuit count is an output of a real QASM_GEN/TN_QC_OPT run, not predictable in advance -- see docs.mqs.dk QASM_GEN section.",,
2285,H2O,0,1,10,def2-tzvp,basis_set_exchange,tn_qc_opt+mol_map,,n/a,TN_QC_OPT (Cebule),COBYLA,,,1,3,full,pauli,,,,N_Qubit unknown: requires a real Cebule MOL_MAP run for this molecule/basis (see mol_map row's note). Standard per-Pauli-string measurement (baseline).,,
2286,H2O,0,1,10,def2-tzvp,basis_set_exchange,tn_qc_opt+mol_map,,n/a,TN_QC_OPT (Cebule),COBYLA,,,1,3,full,qasm_gen_grouped,,,,"N_Qubit unknown: requires a real Cebule MOL_MAP run for this molecule/basis (see mol_map row's note). Cebule QASM_GEN basis-state-pair-grouping measurement scheme. Expected to require fewer or equal distinct circuits per iteration than plain 'pauli' measurement (that's QASM_GEN's whole purpose), but the exact circuit count is an output of a real QASM_GEN/TN_QC_OPT run, not predictable in advance -- see docs.mqs.dk QASM_GEN section.",,
2287,H2O,0,1,10,def2-tzvp,basis_set_exchange,tn_qc_opt+mol_map,,n/a,TN_QC_OPT (Cebule),COBYLA,,,1,3,phase,pauli,,,,N_Qubit unknown: requires a real Cebule MOL_MAP run for this molecule/basis (see mol_map row's note). Standard per-Pauli-string measurement (baseline).,,
2288,H2O,0,1,10,def2-tzvp,basis_set_exchange,tn_qc_opt+mol_map,,n/a,TN_QC_OPT (Cebule),COBYLA,,,1,3,phase,qasm_gen_grouped,,,,"N_Qubit unknown: requires a real Cebule MOL_MAP run for this molecule/basis (see mol_map row's note). Cebule QASM_GEN basis-state-pair-grouping measurement scheme. Expected to require fewer or equal distinct circuits per iteration than plain 'pauli' measurement (that's QASM_GEN's whole purpose), but the exact circuit count is an output of a real QASM_GEN/TN_QC_OPT run, not predictable in advance -- see docs.mqs.dk QASM_GEN section.",,
2289,H2O,0,1,10,def2-tzvp,basis_set_exchange,tn_qc_opt+mol_map,,n/a,TN_QC_OPT (Cebule),COBYLA,,,1,4,full,pauli,,,,N_Qubit unknown: requires a real Cebule MOL_MAP run for this molecule/basis (see mol_map row's note). Standard per-Pauli-string measurement (baseline).,,
2290,H2O,0,1,10,def2-tzvp,basis_set_exchange,tn_qc_opt+mol_map,,n/a,TN_QC_OPT (Cebule),COBYLA,,,1,4,full,qasm_gen_grouped,,,,"N_Qubit unknown: requires a real Cebule MOL_MAP run for this molecule/basis (see mol_map row's note). Cebule QASM_GEN basis-state-pair-grouping measurement scheme. Expected to require fewer or equal distinct circuits per iteration than plain 'pauli' measurement (that's QASM_GEN's whole purpose), but the exact circuit count is an output of a real QASM_GEN/TN_QC_OPT run, not predictable in advance -- see docs.mqs.dk QASM_GEN section.",,
2291,H2O,0,1,10,def2-tzvp,basis_set_exchange,tn_qc_opt+mol_map,,n/a,TN_QC_OPT (Cebule),COBYLA,,,1,4,phase,pauli,,,,N_Qubit unknown: requires a real Cebule MOL_MAP run for this molecule/basis (see mol_map row's note). Standard per-Pauli-string measurement (baseline).,,
2292,H2O,0,1,10,def2-tzvp,basis_set_exchange,tn_qc_opt+mol_map,,n/a,TN_QC_OPT (Cebule),COBYLA,,,1,4,phase,qasm_gen_grouped,,,,"N_Qubit unknown: requires a real Cebule MOL_MAP run for this molecule/basis (see mol_map row's note). Cebule QASM_GEN basis-state-pair-grouping measurement scheme. Expected to require fewer or equal distinct circuits per iteration than plain 'pauli' measurement (that's QASM_GEN's whole purpose), but the exact circuit count is an output of a real QASM_GEN/TN_QC_OPT run, not predictable in advance -- see docs.mqs.dk QASM_GEN section.",,
2293,H2O,0,1,10,def2-tzvp,basis_set_exchange,tn_qc_opt+mol_map,,n/a,TN_QC_OPT (Cebule),COBYLA,,,2,1,full,pauli,,,,N_Qubit unknown: requires a real Cebule MOL_MAP run for this molecule/basis (see mol_map row's note). Standard per-Pauli-string measurement (baseline).,,
2294,H2O,0,1,10,def2-tzvp,basis_set_exchange,tn_qc_opt+mol_map,,n/a,TN_QC_OPT (Cebule),COBYLA,,,2,1,full,qasm_gen_grouped,,,,"N_Qubit unknown: requires a real Cebule MOL_MAP run for this molecule/basis (see mol_map row's note). Cebule QASM_GEN basis-state-pair-grouping measurement scheme. Expected to require fewer or equal distinct circuits per iteration than plain 'pauli' measurement (that's QASM_GEN's whole purpose), but the exact circuit count is an output of a real QASM_GEN/TN_QC_OPT run, not predictable in advance -- see docs.mqs.dk QASM_GEN section.",,
2295,H2O,0,1,10,def2-tzvp,basis_set_exchange,tn_qc_opt+mol_map,,n/a,TN_QC_OPT (Cebule),COBYLA,,,2,1,phase,pauli,,,,N_Qubit unknown: requires a real Cebule MOL_MAP run for this molecule/basis (see mol_map row's note). Standard per-Pauli-string measurement (baseline).,,
2296,H2O,0,1,10,def2-tzvp,basis_set_exchange,tn_qc_opt+mol_map,,n/a,TN_QC_OPT (Cebule),COBYLA,,,2,1,phase,qasm_gen_grouped,,,,"N_Qubit unknown: requires a real Cebule MOL_MAP run for this molecule/basis (see mol_map row's note). Cebule QASM_GEN basis-state-pair-grouping measurement scheme. Expected to require fewer or equal distinct circuits per iteration than plain 'pauli' measurement (that's QASM_GEN's whole purpose), but the exact circuit count is an output of a real QASM_GEN/TN_QC_OPT run, not predictable in advance -- see docs.mqs.dk QASM_GEN section.",,
2297,H2O,0,1,10,def2-tzvp,basis_set_exchange,tn_qc_opt+mol_map,,n/a,TN_QC_OPT (Cebule),COBYLA,,,2,2,full,pauli,,,,N_Qubit unknown: requires a real Cebule MOL_MAP run for this molecule/basis (see mol_map row's note). Standard per-Pauli-string measurement (baseline).,,
2298,H2O,0,1,10,def2-tzvp,basis_set_exchange,tn_qc_opt+mol_map,,n/a,TN_QC_OPT (Cebule),COBYLA,,,2,2,full,qasm_gen_grouped,,,,"N_Qubit unknown: requires a real Cebule MOL_MAP run for this molecule/basis (see mol_map row's note). Cebule QASM_GEN basis-state-pair-grouping measurement scheme. Expected to require fewer or equal distinct circuits per iteration than plain 'pauli' measurement (that's QASM_GEN's whole purpose), but the exact circuit count is an output of a real QASM_GEN/TN_QC_OPT run, not predictable in advance -- see docs.mqs.dk QASM_GEN section.",,
2299,H2O,0,1,10,def2-tzvp,basis_set_exchange,tn_qc_opt+mol_map,,n/a,TN_QC_OPT (Cebule),COBYLA,,,2,2,phase,pauli,,,,N_Qubit unknown: requires a real Cebule MOL_MAP run for this molecule/basis (see mol_map row's note). Standard per-Pauli-string measurement (baseline).,,
2300,H2O,0,1,10,def2-tzvp,basis_set_exchange,tn_qc_opt+mol_map,,n/a,TN_QC_OPT (Cebule),COBYLA,,,2,2,phase,qasm_gen_grouped,,,,"N_Qubit unknown: requires a real Cebule MOL_MAP run for this molecule/basis (see mol_map row's note). Cebule QASM_GEN basis-state-pair-grouping measurement scheme. Expected to require fewer or equal distinct circuits per iteration than plain 'pauli' measurement (that's QASM_GEN's whole purpose), but the exact circuit count is an output of a real QASM_GEN/TN_QC_OPT run, not predictable in advance -- see docs.mqs.dk QASM_GEN section.",,
2301,H2O,0,1,10,def2-tzvp,basis_set_exchange,tn_qc_opt+mol_map,,n/a,TN_QC_OPT (Cebule),COBYLA,,,2,3,full,pauli,,,,N_Qubit unknown: requires a real Cebule MOL_MAP run for this molecule/basis (see mol_map row's note). Standard per-Pauli-string measurement (baseline).,,
2302,H2O,0,1,10,def2-tzvp,basis_set_exchange,tn_qc_opt+mol_map,,n/a,TN_QC_OPT (Cebule),COBYLA,,,2,3,full,qasm_gen_grouped,,,,"N_Qubit unknown: requires a real Cebule MOL_MAP run for this molecule/basis (see mol_map row's note). Cebule QASM_GEN basis-state-pair-grouping measurement scheme. Expected to require fewer or equal distinct circuits per iteration than plain 'pauli' measurement (that's QASM_GEN's whole purpose), but the exact circuit count is an output of a real QASM_GEN/TN_QC_OPT run, not predictable in advance -- see docs.mqs.dk QASM_GEN section.",,
2303,H2O,0,1,10,def2-tzvp,basis_set_exchange,tn_qc_opt+mol_map,,n/a,TN_QC_OPT (Cebule),COBYLA,,,2,3,phase,pauli,,,,N_Qubit unknown: requires a real Cebule MOL_MAP run for this molecule/basis (see mol_map row's note). Standard per-Pauli-string measurement (baseline).,,
2304,H2O,0,1,10,def2-tzvp,basis_set_exchange,tn_qc_opt+mol_map,,n/a,TN_QC_OPT (Cebule),COBYLA,,,2,3,phase,qasm_gen_grouped,,,,"N_Qubit unknown: requires a real Cebule MOL_MAP run for this molecule/basis (see mol_map row's note). Cebule QASM_GEN basis-state-pair-grouping measurement scheme. Expected to require fewer or equal distinct circuits per iteration than plain 'pauli' measurement (that's QASM_GEN's whole purpose), but the exact circuit count is an output of a real QASM_GEN/TN_QC_OPT run, not predictable in advance -- see docs.mqs.dk QASM_GEN section.",,
2305,H2O,0,1,10,def2-tzvp,basis_set_exchange,tn_qc_opt+mol_map,,n/a,TN_QC_OPT (Cebule),COBYLA,,,2,4,full,pauli,,,,N_Qubit unknown: requires a real Cebule MOL_MAP run for this molecule/basis (see mol_map row's note). Standard per-Pauli-string measurement (baseline).,,
2306,H2O,0,1,10,def2-tzvp,basis_set_exchange,tn_qc_opt+mol_map,,n/a,TN_QC_OPT (Cebule),COBYLA,,,2,4,full,qasm_gen_grouped,,,,"N_Qubit unknown: requires a real Cebule MOL_MAP run for this molecule/basis (see mol_map row's note). Cebule QASM_GEN basis-state-pair-grouping measurement scheme. Expected to require fewer or equal distinct circuits per iteration than plain 'pauli' measurement (that's QASM_GEN's whole purpose), but the exact circuit count is an output of a real QASM_GEN/TN_QC_OPT run, not predictable in advance -- see docs.mqs.dk QASM_GEN section.",,
2307,H2O,0,1,10,def2-tzvp,basis_set_exchange,tn_qc_opt+mol_map,,n/a,TN_QC_OPT (Cebule),COBYLA,,,2,4,phase,pauli,,,,N_Qubit unknown: requires a real Cebule MOL_MAP run for this molecule/basis (see mol_map row's note). Standard per-Pauli-string measurement (baseline).,,
2308,H2O,0,1,10,def2-tzvp,basis_set_exchange,tn_qc_opt+mol_map,,n/a,TN_QC_OPT (Cebule),COBYLA,,,2,4,phase,qasm_gen_grouped,,,,"N_Qubit unknown: requires a real Cebule MOL_MAP run for this molecule/basis (see mol_map row's note). Cebule QASM_GEN basis-state-pair-grouping measurement scheme. Expected to require fewer or equal distinct circuits per iteration than plain 'pauli' measurement (that's QASM_GEN's whole purpose), but the exact circuit count is an output of a real QASM_GEN/TN_QC_OPT run, not predictable in advance -- see docs.mqs.dk QASM_GEN section.",,
2309,H2O,0,1,10,def2-tzvp,basis_set_exchange,tn_qc_opt+mol_map,,n/a,TN_QC_OPT (Cebule),COBYLA,,,3,1,full,pauli,,,,N_Qubit unknown: requires a real Cebule MOL_MAP run for this molecule/basis (see mol_map row's note). Standard per-Pauli-string measurement (baseline).,,
2310,H2O,0,1,10,def2-tzvp,basis_set_exchange,tn_qc_opt+mol_map,,n/a,TN_QC_OPT (Cebule),COBYLA,,,3,1,full,qasm_gen_grouped,,,,"N_Qubit unknown: requires a real Cebule MOL_MAP run for this molecule/basis (see mol_map row's note). Cebule QASM_GEN basis-state-pair-grouping measurement scheme. Expected to require fewer or equal distinct circuits per iteration than plain 'pauli' measurement (that's QASM_GEN's whole purpose), but the exact circuit count is an output of a real QASM_GEN/TN_QC_OPT run, not predictable in advance -- see docs.mqs.dk QASM_GEN section.",,
2311,H2O,0,1,10,def2-tzvp,basis_set_exchange,tn_qc_opt+mol_map,,n/a,TN_QC_OPT (Cebule),COBYLA,,,3,1,phase,pauli,,,,N_Qubit unknown: requires a real Cebule MOL_MAP run for this molecule/basis (see mol_map row's note). Standard per-Pauli-string measurement (baseline).,,
2312,H2O,0,1,10,def2-tzvp,basis_set_exchange,tn_qc_opt+mol_map,,n/a,TN_QC_OPT (Cebule),COBYLA,,,3,1,phase,qasm_gen_grouped,,,,"N_Qubit unknown: requires a real Cebule MOL_MAP run for this molecule/basis (see mol_map row's note). Cebule QASM_GEN basis-state-pair-grouping measurement scheme. Expected to require fewer or equal distinct circuits per iteration than plain 'pauli' measurement (that's QASM_GEN's whole purpose), but the exact circuit count is an output of a real QASM_GEN/TN_QC_OPT run, not predictable in advance -- see docs.mqs.dk QASM_GEN section.",,
2313,H2O,0,1,10,def2-tzvp,basis_set_exchange,tn_qc_opt+mol_map,,n/a,TN_QC_OPT (Cebule),COBYLA,,,3,2,full,pauli,,,,N_Qubit unknown: requires a real Cebule MOL_MAP run for this molecule/basis (see mol_map row's note). Standard per-Pauli-string measurement (baseline).,,
2314,H2O,0,1,10,def2-tzvp,basis_set_exchange,tn_qc_opt+mol_map,,n/a,TN_QC_OPT (Cebule),COBYLA,,,3,2,full,qasm_gen_grouped,,,,"N_Qubit unknown: requires a real Cebule MOL_MAP run for this molecule/basis (see mol_map row's note). Cebule QASM_GEN basis-state-pair-grouping measurement scheme. Expected to require fewer or equal distinct circuits per iteration than plain 'pauli' measurement (that's QASM_GEN's whole purpose), but the exact circuit count is an output of a real QASM_GEN/TN_QC_OPT run, not predictable in advance -- see docs.mqs.dk QASM_GEN section.",,
2315,H2O,0,1,10,def2-tzvp,basis_set_exchange,tn_qc_opt+mol_map,,n/a,TN_QC_OPT (Cebule),COBYLA,,,3,2,phase,pauli,,,,N_Qubit unknown: requires a real Cebule MOL_MAP run for this molecule/basis (see mol_map row's note). Standard per-Pauli-string measurement (baseline).,,
2316,H2O,0,1,10,def2-tzvp,basis_set_exchange,tn_qc_opt+mol_map,,n/a,TN_QC_OPT (Cebule),COBYLA,,,3,2,phase,qasm_gen_grouped,,,,"N_Qubit unknown: requires a real Cebule MOL_MAP run for this molecule/basis (see mol_map row's note). Cebule QASM_GEN basis-state-pair-grouping measurement scheme. Expected to require fewer or equal distinct circuits per iteration than plain 'pauli' measurement (that's QASM_GEN's whole purpose), but the exact circuit count is an output of a real QASM_GEN/TN_QC_OPT run, not predictable in advance -- see docs.mqs.dk QASM_GEN section.",,
2317,H2O,0,1,10,def2-tzvp,basis_set_exchange,tn_qc_opt+mol_map,,n/a,TN_QC_OPT (Cebule),COBYLA,,,3,3,full,pauli,,,,N_Qubit unknown: requires a real Cebule MOL_MAP run for this molecule/basis (see mol_map row's note). Standard per-Pauli-string measurement (baseline).,,
2318,H2O,0,1,10,def2-tzvp,basis_set_exchange,tn_qc_opt+mol_map,,n/a,TN_QC_OPT (Cebule),COBYLA,,,3,3,full,qasm_gen_grouped,,,,"N_Qubit unknown: requires a real Cebule MOL_MAP run for this molecule/basis (see mol_map row's note). Cebule QASM_GEN basis-state-pair-grouping measurement scheme. Expected to require fewer or equal distinct circuits per iteration than plain 'pauli' measurement (that's QASM_GEN's whole purpose), but the exact circuit count is an output of a real QASM_GEN/TN_QC_OPT run, not predictable in advance -- see docs.mqs.dk QASM_GEN section.",,
2319,H2O,0,1,10,def2-tzvp,basis_set_exchange,tn_qc_opt+mol_map,,n/a,TN_QC_OPT (Cebule),COBYLA,,,3,3,phase,pauli,,,,N_Qubit unknown: requires a real Cebule MOL_MAP run for this molecule/basis (see mol_map row's note). Standard per-Pauli-string measurement (baseline).,,
2320,H2O,0,1,10,def2-tzvp,basis_set_exchange,tn_qc_opt+mol_map,,n/a,TN_QC_OPT (Cebule),COBYLA,,,3,3,phase,qasm_gen_grouped,,,,"N_Qubit unknown: requires a real Cebule MOL_MAP run for this molecule/basis (see mol_map row's note). Cebule QASM_GEN basis-state-pair-grouping measurement scheme. Expected to require fewer or equal distinct circuits per iteration than plain 'pauli' measurement (that's QASM_GEN's whole purpose), but the exact circuit count is an output of a real QASM_GEN/TN_QC_OPT run, not predictable in advance -- see docs.mqs.dk QASM_GEN section.",,
2321,H2O,0,1,10,def2-tzvp,basis_set_exchange,tn_qc_opt+mol_map,,n/a,TN_QC_OPT (Cebule),COBYLA,,,3,4,full,pauli,,,,N_Qubit unknown: requires a real Cebule MOL_MAP run for this molecule/basis (see mol_map row's note). Standard per-Pauli-string measurement (baseline).,,
2322,H2O,0,1,10,def2-tzvp,basis_set_exchange,tn_qc_opt+mol_map,,n/a,TN_QC_OPT (Cebule),COBYLA,,,3,4,full,qasm_gen_grouped,,,,"N_Qubit unknown: requires a real Cebule MOL_MAP run for this molecule/basis (see mol_map row's note). Cebule QASM_GEN basis-state-pair-grouping measurement scheme. Expected to require fewer or equal distinct circuits per iteration than plain 'pauli' measurement (that's QASM_GEN's whole purpose), but the exact circuit count is an output of a real QASM_GEN/TN_QC_OPT run, not predictable in advance -- see docs.mqs.dk QASM_GEN section.",,
2323,H2O,0,1,10,def2-tzvp,basis_set_exchange,tn_qc_opt+mol_map,,n/a,TN_QC_OPT (Cebule),COBYLA,,,3,4,phase,pauli,,,,N_Qubit unknown: requires a real Cebule MOL_MAP run for this molecule/basis (see mol_map row's note). Standard per-Pauli-string measurement (baseline).,,
2324,H2O,0,1,10,def2-tzvp,basis_set_exchange,tn_qc_opt+mol_map,,n/a,TN_QC_OPT (Cebule),COBYLA,,,3,4,phase,qasm_gen_grouped,,,,"N_Qubit unknown: requires a real Cebule MOL_MAP run for this molecule/basis (see mol_map row's note). Cebule QASM_GEN basis-state-pair-grouping measurement scheme. Expected to require fewer or equal distinct circuits per iteration than plain 'pauli' measurement (that's QASM_GEN's whole purpose), but the exact circuit count is an output of a real QASM_GEN/TN_QC_OPT run, not predictable in advance -- see docs.mqs.dk QASM_GEN section.",,
2381,H2O,0,1,10,qvSZP,grimme_qvszp,tn_qc_opt+mol_map,,n/a,TN_QC_OPT (Cebule),COBYLA,,,0,1,n/a (no TN layers),pauli,,,,N_Qubit unknown: requires a real Cebule MOL_MAP run for this molecule/basis (see mol_map row's note). TN_Layers_Network=0 is the paper's 'circuit only' baseline -- equivalent to plain VQE with this Hamiltonian encoding and no TN preprocessing. Standard per-Pauli-string measurement (baseline).,,
2382,H2O,0,1,10,qvSZP,grimme_qvszp,tn_qc_opt+mol_map,,n/a,TN_QC_OPT (Cebule),COBYLA,,,0,1,n/a (no TN layers),qasm_gen_grouped,,,,"N_Qubit unknown: requires a real Cebule MOL_MAP run for this molecule/basis (see mol_map row's note). TN_Layers_Network=0 is the paper's 'circuit only' baseline -- equivalent to plain VQE with this Hamiltonian encoding and no TN preprocessing. Cebule QASM_GEN basis-state-pair-grouping measurement scheme. Expected to require fewer or equal distinct circuits per iteration than plain 'pauli' measurement (that's QASM_GEN's whole purpose), but the exact circuit count is an output of a real QASM_GEN/TN_QC_OPT run, not predictable in advance -- see docs.mqs.dk QASM_GEN section.",,
2383,H2O,0,1,10,qvSZP,grimme_qvszp,tn_qc_opt+mol_map,,n/a,TN_QC_OPT (Cebule),COBYLA,,,0,2,n/a (no TN layers),pauli,,,,N_Qubit unknown: requires a real Cebule MOL_MAP run for this molecule/basis (see mol_map row's note). TN_Layers_Network=0 is the paper's 'circuit only' baseline -- equivalent to plain VQE with this Hamiltonian encoding and no TN preprocessing. Standard per-Pauli-string measurement (baseline).,,
2384,H2O,0,1,10,qvSZP,grimme_qvszp,tn_qc_opt+mol_map,,n/a,TN_QC_OPT (Cebule),COBYLA,,,0,2,n/a (no TN layers),qasm_gen_grouped,,,,"N_Qubit unknown: requires a real Cebule MOL_MAP run for this molecule/basis (see mol_map row's note). TN_Layers_Network=0 is the paper's 'circuit only' baseline -- equivalent to plain VQE with this Hamiltonian encoding and no TN preprocessing. Cebule QASM_GEN basis-state-pair-grouping measurement scheme. Expected to require fewer or equal distinct circuits per iteration than plain 'pauli' measurement (that's QASM_GEN's whole purpose), but the exact circuit count is an output of a real QASM_GEN/TN_QC_OPT run, not predictable in advance -- see docs.mqs.dk QASM_GEN section.",,
2385,H2O,0,1,10,qvSZP,grimme_qvszp,tn_qc_opt+mol_map,,n/a,TN_QC_OPT (Cebule),COBYLA,,,0,3,n/a (no TN layers),pauli,,,,N_Qubit unknown: requires a real Cebule MOL_MAP run for this molecule/basis (see mol_map row's note). TN_Layers_Network=0 is the paper's 'circuit only' baseline -- equivalent to plain VQE with this Hamiltonian encoding and no TN preprocessing. Standard per-Pauli-string measurement (baseline).,,
2386,H2O,0,1,10,qvSZP,grimme_qvszp,tn_qc_opt+mol_map,,n/a,TN_QC_OPT (Cebule),COBYLA,,,0,3,n/a (no TN layers),qasm_gen_grouped,,,,"N_Qubit unknown: requires a real Cebule MOL_MAP run for this molecule/basis (see mol_map row's note). TN_Layers_Network=0 is the paper's 'circuit only' baseline -- equivalent to plain VQE with this Hamiltonian encoding and no TN preprocessing. Cebule QASM_GEN basis-state-pair-grouping measurement scheme. Expected to require fewer or equal distinct circuits per iteration than plain 'pauli' measurement (that's QASM_GEN's whole purpose), but the exact circuit count is an output of a real QASM_GEN/TN_QC_OPT run, not predictable in advance -- see docs.mqs.dk QASM_GEN section.",,
2387,H2O,0,1,10,qvSZP,grimme_qvszp,tn_qc_opt+mol_map,,n/a,TN_QC_OPT (Cebule),COBYLA,,,0,4,n/a (no TN layers),pauli,,,,N_Qubit unknown: requires a real Cebule MOL_MAP run for this molecule/basis (see mol_map row's note). TN_Layers_Network=0 is the paper's 'circuit only' baseline -- equivalent to plain VQE with this Hamiltonian encoding and no TN preprocessing. Standard per-Pauli-string measurement (baseline).,,
2388,H2O,0,1,10,qvSZP,grimme_qvszp,tn_qc_opt+mol_map,,n/a,TN_QC_OPT (Cebule),COBYLA,,,0,4,n/a (no TN layers),qasm_gen_grouped,,,,"N_Qubit unknown: requires a real Cebule MOL_MAP run for this molecule/basis (see mol_map row's note). TN_Layers_Network=0 is the paper's 'circuit only' baseline -- equivalent to plain VQE with this Hamiltonian encoding and no TN preprocessing. Cebule QASM_GEN basis-state-pair-grouping measurement scheme. Expected to require fewer or equal distinct circuits per iteration than plain 'pauli' measurement (that's QASM_GEN's whole purpose), but the exact circuit count is an output of a real QASM_GEN/TN_QC_OPT run, not predictable in advance -- see docs.mqs.dk QASM_GEN section.",,
2389,H2O,0,1,10,qvSZP,grimme_qvszp,tn_qc_opt+mol_map,,n/a,TN_QC_OPT (Cebule),COBYLA,,,1,1,full,pauli,,,,N_Qubit unknown: requires a real Cebule MOL_MAP run for this molecule/basis (see mol_map row's note). Standard per-Pauli-string measurement (baseline).,,
2390,H2O,0,1,10,qvSZP,grimme_qvszp,tn_qc_opt+mol_map,,n/a,TN_QC_OPT (Cebule),COBYLA,,,1,1,full,qasm_gen_grouped,,,,"N_Qubit unknown: requires a real Cebule MOL_MAP run for this molecule/basis (see mol_map row's note). Cebule QASM_GEN basis-state-pair-grouping measurement scheme. Expected to require fewer or equal distinct circuits per iteration than plain 'pauli' measurement (that's QASM_GEN's whole purpose), but the exact circuit count is an output of a real QASM_GEN/TN_QC_OPT run, not predictable in advance -- see docs.mqs.dk QASM_GEN section.",,
2391,H2O,0,1,10,qvSZP,grimme_qvszp,tn_qc_opt+mol_map,,n/a,TN_QC_OPT (Cebule),COBYLA,,,1,1,phase,pauli,,,,N_Qubit unknown: requires a real Cebule MOL_MAP run for this molecule/basis (see mol_map row's note). Standard per-Pauli-string measurement (baseline).,,
2392,H2O,0,1,10,qvSZP,grimme_qvszp,tn_qc_opt+mol_map,,n/a,TN_QC_OPT (Cebule),COBYLA,,,1,1,phase,qasm_gen_grouped,,,,"N_Qubit unknown: requires a real Cebule MOL_MAP run for this molecule/basis (see mol_map row's note). Cebule QASM_GEN basis-state-pair-grouping measurement scheme. Expected to require fewer or equal distinct circuits per iteration than plain 'pauli' measurement (that's QASM_GEN's whole purpose), but the exact circuit count is an output of a real QASM_GEN/TN_QC_OPT run, not predictable in advance -- see docs.mqs.dk QASM_GEN section.",,
2393,H2O,0,1,10,qvSZP,grimme_qvszp,tn_qc_opt+mol_map,,n/a,TN_QC_OPT (Cebule),COBYLA,,,1,2,full,pauli,,,,N_Qubit unknown: requires a real Cebule MOL_MAP run for this molecule/basis (see mol_map row's note). Standard per-Pauli-string measurement (baseline).,,
2394,H2O,0,1,10,qvSZP,grimme_qvszp,tn_qc_opt+mol_map,,n/a,TN_QC_OPT (Cebule),COBYLA,,,1,2,full,qasm_gen_grouped,,,,"N_Qubit unknown: requires a real Cebule MOL_MAP run for this molecule/basis (see mol_map row's note). Cebule QASM_GEN basis-state-pair-grouping measurement scheme. Expected to require fewer or equal distinct circuits per iteration than plain 'pauli' measurement (that's QASM_GEN's whole purpose), but the exact circuit count is an output of a real QASM_GEN/TN_QC_OPT run, not predictable in advance -- see docs.mqs.dk QASM_GEN section.",,
2395,H2O,0,1,10,qvSZP,grimme_qvszp,tn_qc_opt+mol_map,,n/a,TN_QC_OPT (Cebule),COBYLA,,,1,2,phase,pauli,,,,N_Qubit unknown: requires a real Cebule MOL_MAP run for this molecule/basis (see mol_map row's note). Standard per-Pauli-string measurement (baseline).,,
2396,H2O,0,1,10,qvSZP,grimme_qvszp,tn_qc_opt+mol_map,,n/a,TN_QC_OPT (Cebule),COBYLA,,,1,2,phase,qasm_gen_grouped,,,,"N_Qubit unknown: requires a real Cebule MOL_MAP run for this molecule/basis (see mol_map row's note). Cebule QASM_GEN basis-state-pair-grouping measurement scheme. Expected to require fewer or equal distinct circuits per iteration than plain 'pauli' measurement (that's QASM_GEN's whole purpose), but the exact circuit count is an output of a real QASM_GEN/TN_QC_OPT run, not predictable in advance -- see docs.mqs.dk QASM_GEN section.",,
2397,H2O,0,1,10,qvSZP,grimme_qvszp,tn_qc_opt+mol_map,,n/a,TN_QC_OPT (Cebule),COBYLA,,,1,3,full,pauli,,,,N_Qubit unknown: requires a real Cebule MOL_MAP run for this molecule/basis (see mol_map row's note). Standard per-Pauli-string measurement (baseline).,,
2398,H2O,0,1,10,qvSZP,grimme_qvszp,tn_qc_opt+mol_map,,n/a,TN_QC_OPT (Cebule),COBYLA,,,1,3,full,qasm_gen_grouped,,,,"N_Qubit unknown: requires a real Cebule MOL_MAP run for this molecule/basis (see mol_map row's note). Cebule QASM_GEN basis-state-pair-grouping measurement scheme. Expected to require fewer or equal distinct circuits per iteration than plain 'pauli' measurement (that's QASM_GEN's whole purpose), but the exact circuit count is an output of a real QASM_GEN/TN_QC_OPT run, not predictable in advance -- see docs.mqs.dk QASM_GEN section.",,
2399,H2O,0,1,10,qvSZP,grimme_qvszp,tn_qc_opt+mol_map,,n/a,TN_QC_OPT (Cebule),COBYLA,,,1,3,phase,pauli,,,,N_Qubit unknown: requires a real Cebule MOL_MAP run for this molecule/basis (see mol_map row's note). Standard per-Pauli-string measurement (baseline).,,
2400,H2O,0,1,10,qvSZP,grimme_qvszp,tn_qc_opt+mol_map,,n/a,TN_QC_OPT (Cebule),COBYLA,,,1,3,phase,qasm_gen_grouped,,,,"N_Qubit unknown: requires a real Cebule MOL_MAP run for this molecule/basis (see mol_map row's note). Cebule QASM_GEN basis-state-pair-grouping measurement scheme. Expected to require fewer or equal distinct circuits per iteration than plain 'pauli' measurement (that's QASM_GEN's whole purpose), but the exact circuit count is an output of a real QASM_GEN/TN_QC_OPT run, not predictable in advance -- see docs.mqs.dk QASM_GEN section.",,
2401,H2O,0,1,10,qvSZP,grimme_qvszp,tn_qc_opt+mol_map,,n/a,TN_QC_OPT (Cebule),COBYLA,,,1,4,full,pauli,,,,N_Qubit unknown: requires a real Cebule MOL_MAP run for this molecule/basis (see mol_map row's note). Standard per-Pauli-string measurement (baseline).,,
2402,H2O,0,1,10,qvSZP,grimme_qvszp,tn_qc_opt+mol_map,,n/a,TN_QC_OPT (Cebule),COBYLA,,,1,4,full,qasm_gen_grouped,,,,"N_Qubit unknown: requires a real Cebule MOL_MAP run for this molecule/basis (see mol_map row's note). Cebule QASM_GEN basis-state-pair-grouping measurement scheme. Expected to require fewer or equal distinct circuits per iteration than plain 'pauli' measurement (that's QASM_GEN's whole purpose), but the exact circuit count is an output of a real QASM_GEN/TN_QC_OPT run, not predictable in advance -- see docs.mqs.dk QASM_GEN section.",,
2403,H2O,0,1,10,qvSZP,grimme_qvszp,tn_qc_opt+mol_map,,n/a,TN_QC_OPT (Cebule),COBYLA,,,1,4,phase,pauli,,,,N_Qubit unknown: requires a real Cebule MOL_MAP run for this molecule/basis (see mol_map row's note). Standard per-Pauli-string measurement (baseline).,,
2404,H2O,0,1,10,qvSZP,grimme_qvszp,tn_qc_opt+mol_map,,n/a,TN_QC_OPT (Cebule),COBYLA,,,1,4,phase,qasm_gen_grouped,,,,"N_Qubit unknown: requires a real Cebule MOL_MAP run for this molecule/basis (see mol_map row's note). Cebule QASM_GEN basis-state-pair-grouping measurement scheme. Expected to require fewer or equal distinct circuits per iteration than plain 'pauli' measurement (that's QASM_GEN's whole purpose), but the exact circuit count is an output of a real QASM_GEN/TN_QC_OPT run, not predictable in advance -- see docs.mqs.dk QASM_GEN section.",,
2405,H2O,0,1,10,qvSZP,grimme_qvszp,tn_qc_opt+mol_map,,n/a,TN_QC_OPT (Cebule),COBYLA,,,2,1,full,pauli,,,,N_Qubit unknown: requires a real Cebule MOL_MAP run for this molecule/basis (see mol_map row's note). Standard per-Pauli-string measurement (baseline).,,
2406,H2O,0,1,10,qvSZP,grimme_qvszp,tn_qc_opt+mol_map,,n/a,TN_QC_OPT (Cebule),COBYLA,,,2,1,full,qasm_gen_grouped,,,,"N_Qubit unknown: requires a real Cebule MOL_MAP run for this molecule/basis (see mol_map row's note). Cebule QASM_GEN basis-state-pair-grouping measurement scheme. Expected to require fewer or equal distinct circuits per iteration than plain 'pauli' measurement (that's QASM_GEN's whole purpose), but the exact circuit count is an output of a real QASM_GEN/TN_QC_OPT run, not predictable in advance -- see docs.mqs.dk QASM_GEN section.",,
2407,H2O,0,1,10,qvSZP,grimme_qvszp,tn_qc_opt+mol_map,,n/a,TN_QC_OPT (Cebule),COBYLA,,,2,1,phase,pauli,,,,N_Qubit unknown: requires a real Cebule MOL_MAP run for this molecule/basis (see mol_map row's note). Standard per-Pauli-string measurement (baseline).,,
2408,H2O,0,1,10,qvSZP,grimme_qvszp,tn_qc_opt+mol_map,,n/a,TN_QC_OPT (Cebule),COBYLA,,,2,1,phase,qasm_gen_grouped,,,,"N_Qubit unknown: requires a real Cebule MOL_MAP run for this molecule/basis (see mol_map row's note). Cebule QASM_GEN basis-state-pair-grouping measurement scheme. Expected to require fewer or equal distinct circuits per iteration than plain 'pauli' measurement (that's QASM_GEN's whole purpose), but the exact circuit count is an output of a real QASM_GEN/TN_QC_OPT run, not predictable in advance -- see docs.mqs.dk QASM_GEN section.",,
2409,H2O,0,1,10,qvSZP,grimme_qvszp,tn_qc_opt+mol_map,,n/a,TN_QC_OPT (Cebule),COBYLA,,,2,2,full,pauli,,,,N_Qubit unknown: requires a real Cebule MOL_MAP run for this molecule/basis (see mol_map row's note). Standard per-Pauli-string measurement (baseline).,,
2410,H2O,0,1,10,qvSZP,grimme_qvszp,tn_qc_opt+mol_map,,n/a,TN_QC_OPT (Cebule),COBYLA,,,2,2,full,qasm_gen_grouped,,,,"N_Qubit unknown: requires a real Cebule MOL_MAP run for this molecule/basis (see mol_map row's note). Cebule QASM_GEN basis-state-pair-grouping measurement scheme. Expected to require fewer or equal distinct circuits per iteration than plain 'pauli' measurement (that's QASM_GEN's whole purpose), but the exact circuit count is an output of a real QASM_GEN/TN_QC_OPT run, not predictable in advance -- see docs.mqs.dk QASM_GEN section.",,
2411,H2O,0,1,10,qvSZP,grimme_qvszp,tn_qc_opt+mol_map,,n/a,TN_QC_OPT (Cebule),COBYLA,,,2,2,phase,pauli,,,,N_Qubit unknown: requires a real Cebule MOL_MAP run for this molecule/basis (see mol_map row's note). Standard per-Pauli-string measurement (baseline).,,
2412,H2O,0,1,10,qvSZP,grimme_qvszp,tn_qc_opt+mol_map,,n/a,TN_QC_OPT (Cebule),COBYLA,,,2,2,phase,qasm_gen_grouped,,,,"N_Qubit unknown: requires a real Cebule MOL_MAP run for this molecule/basis (see mol_map row's note). Cebule QASM_GEN basis-state-pair-grouping measurement scheme. Expected to require fewer or equal distinct circuits per iteration than plain 'pauli' measurement (that's QASM_GEN's whole purpose), but the exact circuit count is an output of a real QASM_GEN/TN_QC_OPT run, not predictable in advance -- see docs.mqs.dk QASM_GEN section.",,
2413,H2O,0,1,10,qvSZP,grimme_qvszp,tn_qc_opt+mol_map,,n/a,TN_QC_OPT (Cebule),COBYLA,,,2,3,full,pauli,,,,N_Qubit unknown: requires a real Cebule MOL_MAP run for this molecule/basis (see mol_map row's note). Standard per-Pauli-string measurement (baseline).,,
2414,H2O,0,1,10,qvSZP,grimme_qvszp,tn_qc_opt+mol_map,,n/a,TN_QC_OPT (Cebule),COBYLA,,,2,3,full,qasm_gen_grouped,,,,"N_Qubit unknown: requires a real Cebule MOL_MAP run for this molecule/basis (see mol_map row's note). Cebule QASM_GEN basis-state-pair-grouping measurement scheme. Expected to require fewer or equal distinct circuits per iteration than plain 'pauli' measurement (that's QASM_GEN's whole purpose), but the exact circuit count is an output of a real QASM_GEN/TN_QC_OPT run, not predictable in advance -- see docs.mqs.dk QASM_GEN section.",,
2415,H2O,0,1,10,qvSZP,grimme_qvszp,tn_qc_opt+mol_map,,n/a,TN_QC_OPT (Cebule),COBYLA,,,2,3,phase,pauli,,,,N_Qubit unknown: requires a real Cebule MOL_MAP run for this molecule/basis (see mol_map row's note). Standard per-Pauli-string measurement (baseline).,,
2416,H2O,0,1,10,qvSZP,grimme_qvszp,tn_qc_opt+mol_map,,n/a,TN_QC_OPT (Cebule),COBYLA,,,2,3,phase,qasm_gen_grouped,,,,"N_Qubit unknown: requires a real Cebule MOL_MAP run for this molecule/basis (see mol_map row's note). Cebule QASM_GEN basis-state-pair-grouping measurement scheme. Expected to require fewer or equal distinct circuits per iteration than plain 'pauli' measurement (that's QASM_GEN's whole purpose), but the exact circuit count is an output of a real QASM_GEN/TN_QC_OPT run, not predictable in advance -- see docs.mqs.dk QASM_GEN section.",,
2417,H2O,0,1,10,qvSZP,grimme_qvszp,tn_qc_opt+mol_map,,n/a,TN_QC_OPT (Cebule),COBYLA,,,2,4,full,pauli,,,,N_Qubit unknown: requires a real Cebule MOL_MAP run for this molecule/basis (see mol_map row's note). Standard per-Pauli-string measurement (baseline).,,
2418,H2O,0,1,10,qvSZP,grimme_qvszp,tn_qc_opt+mol_map,,n/a,TN_QC_OPT (Cebule),COBYLA,,,2,4,full,qasm_gen_grouped,,,,"N_Qubit unknown: requires a real Cebule MOL_MAP run for this molecule/basis (see mol_map row's note). Cebule QASM_GEN basis-state-pair-grouping measurement scheme. Expected to require fewer or equal distinct circuits per iteration than plain 'pauli' measurement (that's QASM_GEN's whole purpose), but the exact circuit count is an output of a real QASM_GEN/TN_QC_OPT run, not predictable in advance -- see docs.mqs.dk QASM_GEN section.",,
2419,H2O,0,1,10,qvSZP,grimme_qvszp,tn_qc_opt+mol_map,,n/a,TN_QC_OPT (Cebule),COBYLA,,,2,4,phase,pauli,,,,N_Qubit unknown: requires a real Cebule MOL_MAP run for this molecule/basis (see mol_map row's note). Standard per-Pauli-string measurement (baseline).,,
2420,H2O,0,1,10,qvSZP,grimme_qvszp,tn_qc_opt+mol_map,,n/a,TN_QC_OPT (Cebule),COBYLA,,,2,4,phase,qasm_gen_grouped,,,,"N_Qubit unknown: requires a real Cebule MOL_MAP run for this molecule/basis (see mol_map row's note). Cebule QASM_GEN basis-state-pair-grouping measurement scheme. Expected to require fewer or equal distinct circuits per iteration than plain 'pauli' measurement (that's QASM_GEN's whole purpose), but the exact circuit count is an output of a real QASM_GEN/TN_QC_OPT run, not predictable in advance -- see docs.mqs.dk QASM_GEN section.",,
2421,H2O,0,1,10,qvSZP,grimme_qvszp,tn_qc_opt+mol_map,,n/a,TN_QC_OPT (Cebule),COBYLA,,,3,1,full,pauli,,,,N_Qubit unknown: requires a real Cebule MOL_MAP run for this molecule/basis (see mol_map row's note). Standard per-Pauli-string measurement (baseline).,,
2422,H2O,0,1,10,qvSZP,grimme_qvszp,tn_qc_opt+mol_map,,n/a,TN_QC_OPT (Cebule),COBYLA,,,3,1,full,qasm_gen_grouped,,,,"N_Qubit unknown: requires a real Cebule MOL_MAP run for this molecule/basis (see mol_map row's note). Cebule QASM_GEN basis-state-pair-grouping measurement scheme. Expected to require fewer or equal distinct circuits per iteration than plain 'pauli' measurement (that's QASM_GEN's whole purpose), but the exact circuit count is an output of a real QASM_GEN/TN_QC_OPT run, not predictable in advance -- see docs.mqs.dk QASM_GEN section.",,
2423,H2O,0,1,10,qvSZP,grimme_qvszp,tn_qc_opt+mol_map,,n/a,TN_QC_OPT (Cebule),COBYLA,,,3,1,phase,pauli,,,,N_Qubit unknown: requires a real Cebule MOL_MAP run for this molecule/basis (see mol_map row's note). Standard per-Pauli-string measurement (baseline).,,
2424,H2O,0,1,10,qvSZP,grimme_qvszp,tn_qc_opt+mol_map,,n/a,TN_QC_OPT (Cebule),COBYLA,,,3,1,phase,qasm_gen_grouped,,,,"N_Qubit unknown: requires a real Cebule MOL_MAP run for this molecule/basis (see mol_map row's note). Cebule QASM_GEN basis-state-pair-grouping measurement scheme. Expected to require fewer or equal distinct circuits per iteration than plain 'pauli' measurement (that's QASM_GEN's whole purpose), but the exact circuit count is an output of a real QASM_GEN/TN_QC_OPT run, not predictable in advance -- see docs.mqs.dk QASM_GEN section.",,
2425,H2O,0,1,10,qvSZP,grimme_qvszp,tn_qc_opt+mol_map,,n/a,TN_QC_OPT (Cebule),COBYLA,,,3,2,full,pauli,,,,N_Qubit unknown: requires a real Cebule MOL_MAP run for this molecule/basis (see mol_map row's note). Standard per-Pauli-string measurement (baseline).,,
2426,H2O,0,1,10,qvSZP,grimme_qvszp,tn_qc_opt+mol_map,,n/a,TN_QC_OPT (Cebule),COBYLA,,,3,2,full,qasm_gen_grouped,,,,"N_Qubit unknown: requires a real Cebule MOL_MAP run for this molecule/basis (see mol_map row's note). Cebule QASM_GEN basis-state-pair-grouping measurement scheme. Expected to require fewer or equal distinct circuits per iteration than plain 'pauli' measurement (that's QASM_GEN's whole purpose), but the exact circuit count is an output of a real QASM_GEN/TN_QC_OPT run, not predictable in advance -- see docs.mqs.dk QASM_GEN section.",,
2427,H2O,0,1,10,qvSZP,grimme_qvszp,tn_qc_opt+mol_map,,n/a,TN_QC_OPT (Cebule),COBYLA,,,3,2,phase,pauli,,,,N_Qubit unknown: requires a real Cebule MOL_MAP run for this molecule/basis (see mol_map row's note). Standard per-Pauli-string measurement (baseline).,,
2428,H2O,0,1,10,qvSZP,grimme_qvszp,tn_qc_opt+mol_map,,n/a,TN_QC_OPT (Cebule),COBYLA,,,3,2,phase,qasm_gen_grouped,,,,"N_Qubit unknown: requires a real Cebule MOL_MAP run for this molecule/basis (see mol_map row's note). Cebule QASM_GEN basis-state-pair-grouping measurement scheme. Expected to require fewer or equal distinct circuits per iteration than plain 'pauli' measurement (that's QASM_GEN's whole purpose), but the exact circuit count is an output of a real QASM_GEN/TN_QC_OPT run, not predictable in advance -- see docs.mqs.dk QASM_GEN section.",,
2429,H2O,0,1,10,qvSZP,grimme_qvszp,tn_qc_opt+mol_map,,n/a,TN_QC_OPT (Cebule),COBYLA,,,3,3,full,pauli,,,,N_Qubit unknown: requires a real Cebule MOL_MAP run for this molecule/basis (see mol_map row's note). Standard per-Pauli-string measurement (baseline).,,
2430,H2O,0,1,10,qvSZP,grimme_qvszp,tn_qc_opt+mol_map,,n/a,TN_QC_OPT (Cebule),COBYLA,,,3,3,full,qasm_gen_grouped,,,,"N_Qubit unknown: requires a real Cebule MOL_MAP run for this molecule/basis (see mol_map row's note). Cebule QASM_GEN basis-state-pair-grouping measurement scheme. Expected to require fewer or equal distinct circuits per iteration than plain 'pauli' measurement (that's QASM_GEN's whole purpose), but the exact circuit count is an output of a real QASM_GEN/TN_QC_OPT run, not predictable in advance -- see docs.mqs.dk QASM_GEN section.",,
2431,H2O,0,1,10,qvSZP,grimme_qvszp,tn_qc_opt+mol_map,,n/a,TN_QC_OPT (Cebule),COBYLA,,,3,3,phase,pauli,,,,N_Qubit unknown: requires a real Cebule MOL_MAP run for this molecule/basis (see mol_map row's note). Standard per-Pauli-string measurement (baseline).,,
2432,H2O,0,1,10,qvSZP,grimme_qvszp,tn_qc_opt+mol_map,,n/a,TN_QC_OPT (Cebule),COBYLA,,,3,3,phase,qasm_gen_grouped,,,,"N_Qubit unknown: requires a real Cebule MOL_MAP run for this molecule/basis (see mol_map row's note). Cebule QASM_GEN basis-state-pair-grouping measurement scheme. Expected to require fewer or equal distinct circuits per iteration than plain 'pauli' measurement (that's QASM_GEN's whole purpose), but the exact circuit count is an output of a real QASM_GEN/TN_QC_OPT run, not predictable in advance -- see docs.mqs.dk QASM_GEN section.",,
2433,H2O,0,1,10,qvSZP,grimme_qvszp,tn_qc_opt+mol_map,,n/a,TN_QC_OPT (Cebule),COBYLA,,,3,4,full,pauli,,,,N_Qubit unknown: requires a real Cebule MOL_MAP run for this molecule/basis (see mol_map row's note). Standard per-Pauli-string measurement (baseline).,,
2434,H2O,0,1,10,qvSZP,grimme_qvszp,tn_qc_opt+mol_map,,n/a,TN_QC_OPT (Cebule),COBYLA,,,3,4,full,qasm_gen_grouped,,,,"N_Qubit unknown: requires a real Cebule MOL_MAP run for this molecule/basis (see mol_map row's note). Cebule QASM_GEN basis-state-pair-grouping measurement scheme. Expected to require fewer or equal distinct circuits per iteration than plain 'pauli' measurement (that's QASM_GEN's whole purpose), but the exact circuit count is an output of a real QASM_GEN/TN_QC_OPT run, not predictable in advance -- see docs.mqs.dk QASM_GEN section.",,
2435,H2O,0,1,10,qvSZP,grimme_qvszp,tn_qc_opt+mol_map,,n/a,TN_QC_OPT (Cebule),COBYLA,,,3,4,phase,pauli,,,,N_Qubit unknown: requires a real Cebule MOL_MAP run for this molecule/basis (see mol_map row's note). Standard per-Pauli-string measurement (baseline).,,
2436,H2O,0,1,10,qvSZP,grimme_qvszp,tn_qc_opt+mol_map,,n/a,TN_QC_OPT (Cebule),COBYLA,,,3,4,phase,qasm_gen_grouped,,,,"N_Qubit unknown: requires a real Cebule MOL_MAP run for this molecule/basis (see mol_map row's note). Cebule QASM_GEN basis-state-pair-grouping measurement scheme. Expected to require fewer or equal distinct circuits per iteration than plain 'pauli' measurement (that's QASM_GEN's whole purpose), but the exact circuit count is an output of a real QASM_GEN/TN_QC_OPT run, not predictable in advance -- see docs.mqs.dk QASM_GEN section.",,
