Case_ID,Molecule,Charge,Multiplicity,Num_Electrons,Basis,Basis_Source,Mapper,N_Qubit,N_Qubit_Verified,Ansatz,Optimizer,Qiskit_Opt_Level,Shots,TN_Layers_Network,TN_Layers_Circuit,Rotation_Type,Measurement_Method,Num_Opt_Params_Phi,Num_Opt_Params_Theta,Num_ExpVals_Per_Iter,Notes,Est_QPU_Time_S_At_30_Iter,Est_QPU_Time_Cumulative_S
151,H2,0,1,2,sto-3g,basis_set_exchange,tn_qc_opt+mol_map,2,n/a,TN_QC_OPT (Cebule),COBYLA,,,1,1,phase,pauli,6,,,N_Qubit inherited from mol_map (see mol_map row) -- not independently re-verified. Standard per-Pauli-string measurement (baseline).,90.976,90.976
152,H2,0,1,2,sto-3g,basis_set_exchange,tn_qc_opt+mol_map,2,n/a,TN_QC_OPT (Cebule),COBYLA,,,1,1,phase,qasm_gen_grouped,6,,,"N_Qubit inherited from mol_map (see mol_map row) -- not independently re-verified. Cebule QASM_GEN basis-state-pair-grouping measurement scheme. Expected to require fewer or equal distinct circuits per iteration than plain 'pauli' measurement (that's QASM_GEN's whole purpose), but the exact circuit count is an output of a real QASM_GEN/TN_QC_OPT run, not predictable in advance -- see docs.mqs.dk QASM_GEN section.",90.976,181.951
165,H2,0,1,2,sto-3g,basis_set_exchange,tn_qc_opt+mol_map,2,n/a,TN_QC_OPT (Cebule),COBYLA,,,2,1,full,pauli,6,,,N_Qubit inherited from mol_map (see mol_map row) -- not independently re-verified. Standard per-Pauli-string measurement (baseline).,90.976,272.927
166,H2,0,1,2,sto-3g,basis_set_exchange,tn_qc_opt+mol_map,2,n/a,TN_QC_OPT (Cebule),COBYLA,,,2,1,full,qasm_gen_grouped,6,,,"N_Qubit inherited from mol_map (see mol_map row) -- not independently re-verified. Cebule QASM_GEN basis-state-pair-grouping measurement scheme. Expected to require fewer or equal distinct circuits per iteration than plain 'pauli' measurement (that's QASM_GEN's whole purpose), but the exact circuit count is an output of a real QASM_GEN/TN_QC_OPT run, not predictable in advance -- see docs.mqs.dk QASM_GEN section.",90.976,363.902
167,H2,0,1,2,sto-3g,basis_set_exchange,tn_qc_opt+mol_map,2,n/a,TN_QC_OPT (Cebule),COBYLA,,,2,1,phase,pauli,6,,,N_Qubit inherited from mol_map (see mol_map row) -- not independently re-verified. Standard per-Pauli-string measurement (baseline).,90.976,454.878
168,H2,0,1,2,sto-3g,basis_set_exchange,tn_qc_opt+mol_map,2,n/a,TN_QC_OPT (Cebule),COBYLA,,,2,1,phase,qasm_gen_grouped,6,,,"N_Qubit inherited from mol_map (see mol_map row) -- not independently re-verified. Cebule QASM_GEN basis-state-pair-grouping measurement scheme. Expected to require fewer or equal distinct circuits per iteration than plain 'pauli' measurement (that's QASM_GEN's whole purpose), but the exact circuit count is an output of a real QASM_GEN/TN_QC_OPT run, not predictable in advance -- see docs.mqs.dk QASM_GEN section.",90.976,545.854
181,H2,0,1,2,sto-3g,basis_set_exchange,tn_qc_opt+mol_map,2,n/a,TN_QC_OPT (Cebule),COBYLA,,,3,1,full,pauli,6,,,N_Qubit inherited from mol_map (see mol_map row) -- not independently re-verified. Standard per-Pauli-string measurement (baseline).,90.976,636.829
182,H2,0,1,2,sto-3g,basis_set_exchange,tn_qc_opt+mol_map,2,n/a,TN_QC_OPT (Cebule),COBYLA,,,3,1,full,qasm_gen_grouped,6,,,"N_Qubit inherited from mol_map (see mol_map row) -- not independently re-verified. Cebule QASM_GEN basis-state-pair-grouping measurement scheme. Expected to require fewer or equal distinct circuits per iteration than plain 'pauli' measurement (that's QASM_GEN's whole purpose), but the exact circuit count is an output of a real QASM_GEN/TN_QC_OPT run, not predictable in advance -- see docs.mqs.dk QASM_GEN section.",90.976,727.805
183,H2,0,1,2,sto-3g,basis_set_exchange,tn_qc_opt+mol_map,2,n/a,TN_QC_OPT (Cebule),COBYLA,,,3,1,phase,pauli,6,,,N_Qubit inherited from mol_map (see mol_map row) -- not independently re-verified. Standard per-Pauli-string measurement (baseline).,90.976,818.780
184,H2,0,1,2,sto-3g,basis_set_exchange,tn_qc_opt+mol_map,2,n/a,TN_QC_OPT (Cebule),COBYLA,,,3,1,phase,qasm_gen_grouped,6,,,"N_Qubit inherited from mol_map (see mol_map row) -- not independently re-verified. Cebule QASM_GEN basis-state-pair-grouping measurement scheme. Expected to require fewer or equal distinct circuits per iteration than plain 'pauli' measurement (that's QASM_GEN's whole purpose), but the exact circuit count is an output of a real QASM_GEN/TN_QC_OPT run, not predictable in advance -- see docs.mqs.dk QASM_GEN section.",90.976,909.756
143,H2,0,1,2,sto-3g,basis_set_exchange,tn_qc_opt+mol_map,2,n/a,TN_QC_OPT (Cebule),COBYLA,,,0,2,n/a (no TN layers),pauli,12,,,N_Qubit inherited from mol_map (see mol_map row) -- not independently re-verified. TN_Layers_Network=0 is the paper's 'circuit only' baseline -- equivalent to plain VQE with this Hamiltonian encoding and no TN preprocessing. Standard per-Pauli-string measurement (baseline).,91.064,1000.820
144,H2,0,1,2,sto-3g,basis_set_exchange,tn_qc_opt+mol_map,2,n/a,TN_QC_OPT (Cebule),COBYLA,,,0,2,n/a (no TN layers),qasm_gen_grouped,12,,,"N_Qubit inherited from mol_map (see mol_map row) -- not independently re-verified. TN_Layers_Network=0 is the paper's 'circuit only' baseline -- equivalent to plain VQE with this Hamiltonian encoding and no TN preprocessing. Cebule QASM_GEN basis-state-pair-grouping measurement scheme. Expected to require fewer or equal distinct circuits per iteration than plain 'pauli' measurement (that's QASM_GEN's whole purpose), but the exact circuit count is an output of a real QASM_GEN/TN_QC_OPT run, not predictable in advance -- see docs.mqs.dk QASM_GEN section.",91.064,1091.884
153,H2,0,1,2,sto-3g,basis_set_exchange,tn_qc_opt+mol_map,2,n/a,TN_QC_OPT (Cebule),COBYLA,,,1,2,full,pauli,12,,,N_Qubit inherited from mol_map (see mol_map row) -- not independently re-verified. Standard per-Pauli-string measurement (baseline).,91.064,1182.948
154,H2,0,1,2,sto-3g,basis_set_exchange,tn_qc_opt+mol_map,2,n/a,TN_QC_OPT (Cebule),COBYLA,,,1,2,full,qasm_gen_grouped,12,,,"N_Qubit inherited from mol_map (see mol_map row) -- not independently re-verified. Cebule QASM_GEN basis-state-pair-grouping measurement scheme. Expected to require fewer or equal distinct circuits per iteration than plain 'pauli' measurement (that's QASM_GEN's whole purpose), but the exact circuit count is an output of a real QASM_GEN/TN_QC_OPT run, not predictable in advance -- see docs.mqs.dk QASM_GEN section.",91.064,1274.012
155,H2,0,1,2,sto-3g,basis_set_exchange,tn_qc_opt+mol_map,2,n/a,TN_QC_OPT (Cebule),COBYLA,,,1,2,phase,pauli,12,,,N_Qubit inherited from mol_map (see mol_map row) -- not independently re-verified. Standard per-Pauli-string measurement (baseline).,91.064,1365.076
156,H2,0,1,2,sto-3g,basis_set_exchange,tn_qc_opt+mol_map,2,n/a,TN_QC_OPT (Cebule),COBYLA,,,1,2,phase,qasm_gen_grouped,12,,,"N_Qubit inherited from mol_map (see mol_map row) -- not independently re-verified. Cebule QASM_GEN basis-state-pair-grouping measurement scheme. Expected to require fewer or equal distinct circuits per iteration than plain 'pauli' measurement (that's QASM_GEN's whole purpose), but the exact circuit count is an output of a real QASM_GEN/TN_QC_OPT run, not predictable in advance -- see docs.mqs.dk QASM_GEN section.",91.064,1456.140
169,H2,0,1,2,sto-3g,basis_set_exchange,tn_qc_opt+mol_map,2,n/a,TN_QC_OPT (Cebule),COBYLA,,,2,2,full,pauli,12,,,N_Qubit inherited from mol_map (see mol_map row) -- not independently re-verified. Standard per-Pauli-string measurement (baseline).,91.064,1547.204
170,H2,0,1,2,sto-3g,basis_set_exchange,tn_qc_opt+mol_map,2,n/a,TN_QC_OPT (Cebule),COBYLA,,,2,2,full,qasm_gen_grouped,12,,,"N_Qubit inherited from mol_map (see mol_map row) -- not independently re-verified. Cebule QASM_GEN basis-state-pair-grouping measurement scheme. Expected to require fewer or equal distinct circuits per iteration than plain 'pauli' measurement (that's QASM_GEN's whole purpose), but the exact circuit count is an output of a real QASM_GEN/TN_QC_OPT run, not predictable in advance -- see docs.mqs.dk QASM_GEN section.",91.064,1638.268
171,H2,0,1,2,sto-3g,basis_set_exchange,tn_qc_opt+mol_map,2,n/a,TN_QC_OPT (Cebule),COBYLA,,,2,2,phase,pauli,12,,,N_Qubit inherited from mol_map (see mol_map row) -- not independently re-verified. Standard per-Pauli-string measurement (baseline).,91.064,1729.332
172,H2,0,1,2,sto-3g,basis_set_exchange,tn_qc_opt+mol_map,2,n/a,TN_QC_OPT (Cebule),COBYLA,,,2,2,phase,qasm_gen_grouped,12,,,"N_Qubit inherited from mol_map (see mol_map row) -- not independently re-verified. Cebule QASM_GEN basis-state-pair-grouping measurement scheme. Expected to require fewer or equal distinct circuits per iteration than plain 'pauli' measurement (that's QASM_GEN's whole purpose), but the exact circuit count is an output of a real QASM_GEN/TN_QC_OPT run, not predictable in advance -- see docs.mqs.dk QASM_GEN section.",91.064,1820.397
185,H2,0,1,2,sto-3g,basis_set_exchange,tn_qc_opt+mol_map,2,n/a,TN_QC_OPT (Cebule),COBYLA,,,3,2,full,pauli,12,,,N_Qubit inherited from mol_map (see mol_map row) -- not independently re-verified. Standard per-Pauli-string measurement (baseline).,91.064,1911.461
186,H2,0,1,2,sto-3g,basis_set_exchange,tn_qc_opt+mol_map,2,n/a,TN_QC_OPT (Cebule),COBYLA,,,3,2,full,qasm_gen_grouped,12,,,"N_Qubit inherited from mol_map (see mol_map row) -- not independently re-verified. Cebule QASM_GEN basis-state-pair-grouping measurement scheme. Expected to require fewer or equal distinct circuits per iteration than plain 'pauli' measurement (that's QASM_GEN's whole purpose), but the exact circuit count is an output of a real QASM_GEN/TN_QC_OPT run, not predictable in advance -- see docs.mqs.dk QASM_GEN section.",91.064,2002.525
187,H2,0,1,2,sto-3g,basis_set_exchange,tn_qc_opt+mol_map,2,n/a,TN_QC_OPT (Cebule),COBYLA,,,3,2,phase,pauli,12,,,N_Qubit inherited from mol_map (see mol_map row) -- not independently re-verified. Standard per-Pauli-string measurement (baseline).,91.064,2093.589
188,H2,0,1,2,sto-3g,basis_set_exchange,tn_qc_opt+mol_map,2,n/a,TN_QC_OPT (Cebule),COBYLA,,,3,2,phase,qasm_gen_grouped,12,,,"N_Qubit inherited from mol_map (see mol_map row) -- not independently re-verified. Cebule QASM_GEN basis-state-pair-grouping measurement scheme. Expected to require fewer or equal distinct circuits per iteration than plain 'pauli' measurement (that's QASM_GEN's whole purpose), but the exact circuit count is an output of a real QASM_GEN/TN_QC_OPT run, not predictable in advance -- see docs.mqs.dk QASM_GEN section.",91.064,2184.653
1,H2,0,1,2,sto-3g,basis_set_exchange,JW,4,yes,,,,,,,,pauli,,,,Standard per-Pauli-string measurement (baseline).,91.153,2275.805
2,H2,0,1,2,sto-3g,basis_set_exchange,JW,4,yes,,,,,,,,qasm_gen_grouped,,,,"Cebule QASM_GEN basis-state-pair-grouping measurement scheme. Expected to require fewer or equal distinct circuits per iteration than plain 'pauli' measurement (that's QASM_GEN's whole purpose), but the exact circuit count is an output of a real QASM_GEN/TN_QC_OPT run, not predictable in advance -- see docs.mqs.dk QASM_GEN section.",91.153,2366.958
7,H2,0,1,2,6-31g,basis_set_exchange,mol_map,4,n/a,,,,,,,,pauli,,,,From original draft; not independently re-verified. Standard per-Pauli-string measurement (baseline).,91.153,2458.110
8,H2,0,1,2,6-31g,basis_set_exchange,mol_map,4,n/a,,,,,,,,qasm_gen_grouped,,,,"From original draft; not independently re-verified. Cebule QASM_GEN basis-state-pair-grouping measurement scheme. Expected to require fewer or equal distinct circuits per iteration than plain 'pauli' measurement (that's QASM_GEN's whole purpose), but the exact circuit count is an output of a real QASM_GEN/TN_QC_OPT run, not predictable in advance -- see docs.mqs.dk QASM_GEN section.",91.153,2549.263
85,H2,0,1,2,sto-3g,basis_set_exchange,tn_qc_opt,4,yes,TN_QC_OPT (Cebule),COBYLA,,,0,1,n/a (no TN layers),pauli,12,,,"N_Qubit inherited from the JW-mapped Hamiltonian (verified, see JW row). TN_Layers_Network=0 is the paper's 'circuit only' baseline -- equivalent to plain VQE with this Hamiltonian encoding and no TN preprocessing. Standard per-Pauli-string measurement (baseline).",91.153,2640.415
86,H2,0,1,2,sto-3g,basis_set_exchange,tn_qc_opt,4,yes,TN_QC_OPT (Cebule),COBYLA,,,0,1,n/a (no TN layers),qasm_gen_grouped,12,,,"N_Qubit inherited from the JW-mapped Hamiltonian (verified, see JW row). TN_Layers_Network=0 is the paper's 'circuit only' baseline -- equivalent to plain VQE with this Hamiltonian encoding and no TN preprocessing. Cebule QASM_GEN basis-state-pair-grouping measurement scheme. Expected to require fewer or equal distinct circuits per iteration than plain 'pauli' measurement (that's QASM_GEN's whole purpose), but the exact circuit count is an output of a real QASM_GEN/TN_QC_OPT run, not predictable in advance -- see docs.mqs.dk QASM_GEN section.",91.153,2731.568
93,H2,0,1,2,sto-3g,basis_set_exchange,tn_qc_opt,4,yes,TN_QC_OPT (Cebule),COBYLA,,,1,1,full,pauli,12,,,"N_Qubit inherited from the JW-mapped Hamiltonian (verified, see JW row). Standard per-Pauli-string measurement (baseline).",91.153,2822.721
94,H2,0,1,2,sto-3g,basis_set_exchange,tn_qc_opt,4,yes,TN_QC_OPT (Cebule),COBYLA,,,1,1,full,qasm_gen_grouped,12,,,"N_Qubit inherited from the JW-mapped Hamiltonian (verified, see JW row). Cebule QASM_GEN basis-state-pair-grouping measurement scheme. Expected to require fewer or equal distinct circuits per iteration than plain 'pauli' measurement (that's QASM_GEN's whole purpose), but the exact circuit count is an output of a real QASM_GEN/TN_QC_OPT run, not predictable in advance -- see docs.mqs.dk QASM_GEN section.",91.153,2913.873
95,H2,0,1,2,sto-3g,basis_set_exchange,tn_qc_opt,4,yes,TN_QC_OPT (Cebule),COBYLA,,,1,1,phase,pauli,12,,,"N_Qubit inherited from the JW-mapped Hamiltonian (verified, see JW row). Standard per-Pauli-string measurement (baseline).",91.153,3005.026
96,H2,0,1,2,sto-3g,basis_set_exchange,tn_qc_opt,4,yes,TN_QC_OPT (Cebule),COBYLA,,,1,1,phase,qasm_gen_grouped,12,,,"N_Qubit inherited from the JW-mapped Hamiltonian (verified, see JW row). Cebule QASM_GEN basis-state-pair-grouping measurement scheme. Expected to require fewer or equal distinct circuits per iteration than plain 'pauli' measurement (that's QASM_GEN's whole purpose), but the exact circuit count is an output of a real QASM_GEN/TN_QC_OPT run, not predictable in advance -- see docs.mqs.dk QASM_GEN section.",91.153,3096.178
109,H2,0,1,2,sto-3g,basis_set_exchange,tn_qc_opt,4,yes,TN_QC_OPT (Cebule),COBYLA,,,2,1,full,pauli,12,,,"N_Qubit inherited from the JW-mapped Hamiltonian (verified, see JW row). Standard per-Pauli-string measurement (baseline).",91.153,3187.331
110,H2,0,1,2,sto-3g,basis_set_exchange,tn_qc_opt,4,yes,TN_QC_OPT (Cebule),COBYLA,,,2,1,full,qasm_gen_grouped,12,,,"N_Qubit inherited from the JW-mapped Hamiltonian (verified, see JW row). Cebule QASM_GEN basis-state-pair-grouping measurement scheme. Expected to require fewer or equal distinct circuits per iteration than plain 'pauli' measurement (that's QASM_GEN's whole purpose), but the exact circuit count is an output of a real QASM_GEN/TN_QC_OPT run, not predictable in advance -- see docs.mqs.dk QASM_GEN section.",91.153,3278.483
111,H2,0,1,2,sto-3g,basis_set_exchange,tn_qc_opt,4,yes,TN_QC_OPT (Cebule),COBYLA,,,2,1,phase,pauli,12,,,"N_Qubit inherited from the JW-mapped Hamiltonian (verified, see JW row). Standard per-Pauli-string measurement (baseline).",91.153,3369.636
112,H2,0,1,2,sto-3g,basis_set_exchange,tn_qc_opt,4,yes,TN_QC_OPT (Cebule),COBYLA,,,2,1,phase,qasm_gen_grouped,12,,,"N_Qubit inherited from the JW-mapped Hamiltonian (verified, see JW row). Cebule QASM_GEN basis-state-pair-grouping measurement scheme. Expected to require fewer or equal distinct circuits per iteration than plain 'pauli' measurement (that's QASM_GEN's whole purpose), but the exact circuit count is an output of a real QASM_GEN/TN_QC_OPT run, not predictable in advance -- see docs.mqs.dk QASM_GEN section.",91.153,3460.788
125,H2,0,1,2,sto-3g,basis_set_exchange,tn_qc_opt,4,yes,TN_QC_OPT (Cebule),COBYLA,,,3,1,full,pauli,12,,,"N_Qubit inherited from the JW-mapped Hamiltonian (verified, see JW row). Standard per-Pauli-string measurement (baseline).",91.153,3551.941
126,H2,0,1,2,sto-3g,basis_set_exchange,tn_qc_opt,4,yes,TN_QC_OPT (Cebule),COBYLA,,,3,1,full,qasm_gen_grouped,12,,,"N_Qubit inherited from the JW-mapped Hamiltonian (verified, see JW row). Cebule QASM_GEN basis-state-pair-grouping measurement scheme. Expected to require fewer or equal distinct circuits per iteration than plain 'pauli' measurement (that's QASM_GEN's whole purpose), but the exact circuit count is an output of a real QASM_GEN/TN_QC_OPT run, not predictable in advance -- see docs.mqs.dk QASM_GEN section.",91.153,3643.093
127,H2,0,1,2,sto-3g,basis_set_exchange,tn_qc_opt,4,yes,TN_QC_OPT (Cebule),COBYLA,,,3,1,phase,pauli,12,,,"N_Qubit inherited from the JW-mapped Hamiltonian (verified, see JW row). Standard per-Pauli-string measurement (baseline).",91.153,3734.246
128,H2,0,1,2,sto-3g,basis_set_exchange,tn_qc_opt,4,yes,TN_QC_OPT (Cebule),COBYLA,,,3,1,phase,qasm_gen_grouped,12,,,"N_Qubit inherited from the JW-mapped Hamiltonian (verified, see JW row). Cebule QASM_GEN basis-state-pair-grouping measurement scheme. Expected to require fewer or equal distinct circuits per iteration than plain 'pauli' measurement (that's QASM_GEN's whole purpose), but the exact circuit count is an output of a real QASM_GEN/TN_QC_OPT run, not predictable in advance -- see docs.mqs.dk QASM_GEN section.",91.153,3825.398
145,H2,0,1,2,sto-3g,basis_set_exchange,tn_qc_opt+mol_map,2,n/a,TN_QC_OPT (Cebule),COBYLA,,,0,3,n/a (no TN layers),pauli,18,,,N_Qubit inherited from mol_map (see mol_map row) -- not independently re-verified. TN_Layers_Network=0 is the paper's 'circuit only' baseline -- equivalent to plain VQE with this Hamiltonian encoding and no TN preprocessing. Standard per-Pauli-string measurement (baseline).,91.153,3916.551
146,H2,0,1,2,sto-3g,basis_set_exchange,tn_qc_opt+mol_map,2,n/a,TN_QC_OPT (Cebule),COBYLA,,,0,3,n/a (no TN layers),qasm_gen_grouped,18,,,"N_Qubit inherited from mol_map (see mol_map row) -- not independently re-verified. TN_Layers_Network=0 is the paper's 'circuit only' baseline -- equivalent to plain VQE with this Hamiltonian encoding and no TN preprocessing. Cebule QASM_GEN basis-state-pair-grouping measurement scheme. Expected to require fewer or equal distinct circuits per iteration than plain 'pauli' measurement (that's QASM_GEN's whole purpose), but the exact circuit count is an output of a real QASM_GEN/TN_QC_OPT run, not predictable in advance -- see docs.mqs.dk QASM_GEN section.",91.153,4007.704
157,H2,0,1,2,sto-3g,basis_set_exchange,tn_qc_opt+mol_map,2,n/a,TN_QC_OPT (Cebule),COBYLA,,,1,3,full,pauli,18,,,N_Qubit inherited from mol_map (see mol_map row) -- not independently re-verified. Standard per-Pauli-string measurement (baseline).,91.153,4098.856
158,H2,0,1,2,sto-3g,basis_set_exchange,tn_qc_opt+mol_map,2,n/a,TN_QC_OPT (Cebule),COBYLA,,,1,3,full,qasm_gen_grouped,18,,,"N_Qubit inherited from mol_map (see mol_map row) -- not independently re-verified. Cebule QASM_GEN basis-state-pair-grouping measurement scheme. Expected to require fewer or equal distinct circuits per iteration than plain 'pauli' measurement (that's QASM_GEN's whole purpose), but the exact circuit count is an output of a real QASM_GEN/TN_QC_OPT run, not predictable in advance -- see docs.mqs.dk QASM_GEN section.",91.153,4190.009
159,H2,0,1,2,sto-3g,basis_set_exchange,tn_qc_opt+mol_map,2,n/a,TN_QC_OPT (Cebule),COBYLA,,,1,3,phase,pauli,18,,,N_Qubit inherited from mol_map (see mol_map row) -- not independently re-verified. Standard per-Pauli-string measurement (baseline).,91.153,4281.161
160,H2,0,1,2,sto-3g,basis_set_exchange,tn_qc_opt+mol_map,2,n/a,TN_QC_OPT (Cebule),COBYLA,,,1,3,phase,qasm_gen_grouped,18,,,"N_Qubit inherited from mol_map (see mol_map row) -- not independently re-verified. Cebule QASM_GEN basis-state-pair-grouping measurement scheme. Expected to require fewer or equal distinct circuits per iteration than plain 'pauli' measurement (that's QASM_GEN's whole purpose), but the exact circuit count is an output of a real QASM_GEN/TN_QC_OPT run, not predictable in advance -- see docs.mqs.dk QASM_GEN section.",91.153,4372.314
173,H2,0,1,2,sto-3g,basis_set_exchange,tn_qc_opt+mol_map,2,n/a,TN_QC_OPT (Cebule),COBYLA,,,2,3,full,pauli,18,,,N_Qubit inherited from mol_map (see mol_map row) -- not independently re-verified. Standard per-Pauli-string measurement (baseline).,91.153,4463.466
174,H2,0,1,2,sto-3g,basis_set_exchange,tn_qc_opt+mol_map,2,n/a,TN_QC_OPT (Cebule),COBYLA,,,2,3,full,qasm_gen_grouped,18,,,"N_Qubit inherited from mol_map (see mol_map row) -- not independently re-verified. Cebule QASM_GEN basis-state-pair-grouping measurement scheme. Expected to require fewer or equal distinct circuits per iteration than plain 'pauli' measurement (that's QASM_GEN's whole purpose), but the exact circuit count is an output of a real QASM_GEN/TN_QC_OPT run, not predictable in advance -- see docs.mqs.dk QASM_GEN section.",91.153,4554.619
175,H2,0,1,2,sto-3g,basis_set_exchange,tn_qc_opt+mol_map,2,n/a,TN_QC_OPT (Cebule),COBYLA,,,2,3,phase,pauli,18,,,N_Qubit inherited from mol_map (see mol_map row) -- not independently re-verified. Standard per-Pauli-string measurement (baseline).,91.153,4645.771
176,H2,0,1,2,sto-3g,basis_set_exchange,tn_qc_opt+mol_map,2,n/a,TN_QC_OPT (Cebule),COBYLA,,,2,3,phase,qasm_gen_grouped,18,,,"N_Qubit inherited from mol_map (see mol_map row) -- not independently re-verified. Cebule QASM_GEN basis-state-pair-grouping measurement scheme. Expected to require fewer or equal distinct circuits per iteration than plain 'pauli' measurement (that's QASM_GEN's whole purpose), but the exact circuit count is an output of a real QASM_GEN/TN_QC_OPT run, not predictable in advance -- see docs.mqs.dk QASM_GEN section.",91.153,4736.924
189,H2,0,1,2,sto-3g,basis_set_exchange,tn_qc_opt+mol_map,2,n/a,TN_QC_OPT (Cebule),COBYLA,,,3,3,full,pauli,18,,,N_Qubit inherited from mol_map (see mol_map row) -- not independently re-verified. Standard per-Pauli-string measurement (baseline).,91.153,4828.076
190,H2,0,1,2,sto-3g,basis_set_exchange,tn_qc_opt+mol_map,2,n/a,TN_QC_OPT (Cebule),COBYLA,,,3,3,full,qasm_gen_grouped,18,,,"N_Qubit inherited from mol_map (see mol_map row) -- not independently re-verified. Cebule QASM_GEN basis-state-pair-grouping measurement scheme. Expected to require fewer or equal distinct circuits per iteration than plain 'pauli' measurement (that's QASM_GEN's whole purpose), but the exact circuit count is an output of a real QASM_GEN/TN_QC_OPT run, not predictable in advance -- see docs.mqs.dk QASM_GEN section.",91.153,4919.229
191,H2,0,1,2,sto-3g,basis_set_exchange,tn_qc_opt+mol_map,2,n/a,TN_QC_OPT (Cebule),COBYLA,,,3,3,phase,pauli,18,,,N_Qubit inherited from mol_map (see mol_map row) -- not independently re-verified. Standard per-Pauli-string measurement (baseline).,91.153,5010.381
192,H2,0,1,2,sto-3g,basis_set_exchange,tn_qc_opt+mol_map,2,n/a,TN_QC_OPT (Cebule),COBYLA,,,3,3,phase,qasm_gen_grouped,18,,,"N_Qubit inherited from mol_map (see mol_map row) -- not independently re-verified. Cebule QASM_GEN basis-state-pair-grouping measurement scheme. Expected to require fewer or equal distinct circuits per iteration than plain 'pauli' measurement (that's QASM_GEN's whole purpose), but the exact circuit count is an output of a real QASM_GEN/TN_QC_OPT run, not predictable in advance -- see docs.mqs.dk QASM_GEN section.",91.153,5101.534
253,H2,0,1,2,6-31g,basis_set_exchange,tn_qc_opt+mol_map,4,n/a,TN_QC_OPT (Cebule),COBYLA,,,0,1,n/a (no TN layers),pauli,12,,,N_Qubit inherited from mol_map (see mol_map row) -- not independently re-verified. TN_Layers_Network=0 is the paper's 'circuit only' baseline -- equivalent to plain VQE with this Hamiltonian encoding and no TN preprocessing. Standard per-Pauli-string measurement (baseline).,91.153,5192.687
254,H2,0,1,2,6-31g,basis_set_exchange,tn_qc_opt+mol_map,4,n/a,TN_QC_OPT (Cebule),COBYLA,,,0,1,n/a (no TN layers),qasm_gen_grouped,12,,,"N_Qubit inherited from mol_map (see mol_map row) -- not independently re-verified. TN_Layers_Network=0 is the paper's 'circuit only' baseline -- equivalent to plain VQE with this Hamiltonian encoding and no TN preprocessing. Cebule QASM_GEN basis-state-pair-grouping measurement scheme. Expected to require fewer or equal distinct circuits per iteration than plain 'pauli' measurement (that's QASM_GEN's whole purpose), but the exact circuit count is an output of a real QASM_GEN/TN_QC_OPT run, not predictable in advance -- see docs.mqs.dk QASM_GEN section.",91.153,5283.839
261,H2,0,1,2,6-31g,basis_set_exchange,tn_qc_opt+mol_map,4,n/a,TN_QC_OPT (Cebule),COBYLA,,,1,1,full,pauli,12,,,N_Qubit inherited from mol_map (see mol_map row) -- not independently re-verified. Standard per-Pauli-string measurement (baseline).,91.153,5374.992
262,H2,0,1,2,6-31g,basis_set_exchange,tn_qc_opt+mol_map,4,n/a,TN_QC_OPT (Cebule),COBYLA,,,1,1,full,qasm_gen_grouped,12,,,"N_Qubit inherited from mol_map (see mol_map row) -- not independently re-verified. Cebule QASM_GEN basis-state-pair-grouping measurement scheme. Expected to require fewer or equal distinct circuits per iteration than plain 'pauli' measurement (that's QASM_GEN's whole purpose), but the exact circuit count is an output of a real QASM_GEN/TN_QC_OPT run, not predictable in advance -- see docs.mqs.dk QASM_GEN section.",91.153,5466.144
263,H2,0,1,2,6-31g,basis_set_exchange,tn_qc_opt+mol_map,4,n/a,TN_QC_OPT (Cebule),COBYLA,,,1,1,phase,pauli,12,,,N_Qubit inherited from mol_map (see mol_map row) -- not independently re-verified. Standard per-Pauli-string measurement (baseline).,91.153,5557.297
264,H2,0,1,2,6-31g,basis_set_exchange,tn_qc_opt+mol_map,4,n/a,TN_QC_OPT (Cebule),COBYLA,,,1,1,phase,qasm_gen_grouped,12,,,"N_Qubit inherited from mol_map (see mol_map row) -- not independently re-verified. Cebule QASM_GEN basis-state-pair-grouping measurement scheme. Expected to require fewer or equal distinct circuits per iteration than plain 'pauli' measurement (that's QASM_GEN's whole purpose), but the exact circuit count is an output of a real QASM_GEN/TN_QC_OPT run, not predictable in advance -- see docs.mqs.dk QASM_GEN section.",91.153,5648.449
277,H2,0,1,2,6-31g,basis_set_exchange,tn_qc_opt+mol_map,4,n/a,TN_QC_OPT (Cebule),COBYLA,,,2,1,full,pauli,12,,,N_Qubit inherited from mol_map (see mol_map row) -- not independently re-verified. Standard per-Pauli-string measurement (baseline).,91.153,5739.602
278,H2,0,1,2,6-31g,basis_set_exchange,tn_qc_opt+mol_map,4,n/a,TN_QC_OPT (Cebule),COBYLA,,,2,1,full,qasm_gen_grouped,12,,,"N_Qubit inherited from mol_map (see mol_map row) -- not independently re-verified. Cebule QASM_GEN basis-state-pair-grouping measurement scheme. Expected to require fewer or equal distinct circuits per iteration than plain 'pauli' measurement (that's QASM_GEN's whole purpose), but the exact circuit count is an output of a real QASM_GEN/TN_QC_OPT run, not predictable in advance -- see docs.mqs.dk QASM_GEN section.",91.153,5830.754
279,H2,0,1,2,6-31g,basis_set_exchange,tn_qc_opt+mol_map,4,n/a,TN_QC_OPT (Cebule),COBYLA,,,2,1,phase,pauli,12,,,N_Qubit inherited from mol_map (see mol_map row) -- not independently re-verified. Standard per-Pauli-string measurement (baseline).,91.153,5921.907
280,H2,0,1,2,6-31g,basis_set_exchange,tn_qc_opt+mol_map,4,n/a,TN_QC_OPT (Cebule),COBYLA,,,2,1,phase,qasm_gen_grouped,12,,,"N_Qubit inherited from mol_map (see mol_map row) -- not independently re-verified. Cebule QASM_GEN basis-state-pair-grouping measurement scheme. Expected to require fewer or equal distinct circuits per iteration than plain 'pauli' measurement (that's QASM_GEN's whole purpose), but the exact circuit count is an output of a real QASM_GEN/TN_QC_OPT run, not predictable in advance -- see docs.mqs.dk QASM_GEN section.",91.153,6013.059
293,H2,0,1,2,6-31g,basis_set_exchange,tn_qc_opt+mol_map,4,n/a,TN_QC_OPT (Cebule),COBYLA,,,3,1,full,pauli,12,,,N_Qubit inherited from mol_map (see mol_map row) -- not independently re-verified. Standard per-Pauli-string measurement (baseline).,91.153,6104.212
294,H2,0,1,2,6-31g,basis_set_exchange,tn_qc_opt+mol_map,4,n/a,TN_QC_OPT (Cebule),COBYLA,,,3,1,full,qasm_gen_grouped,12,,,"N_Qubit inherited from mol_map (see mol_map row) -- not independently re-verified. Cebule QASM_GEN basis-state-pair-grouping measurement scheme. Expected to require fewer or equal distinct circuits per iteration than plain 'pauli' measurement (that's QASM_GEN's whole purpose), but the exact circuit count is an output of a real QASM_GEN/TN_QC_OPT run, not predictable in advance -- see docs.mqs.dk QASM_GEN section.",91.153,6195.364
295,H2,0,1,2,6-31g,basis_set_exchange,tn_qc_opt+mol_map,4,n/a,TN_QC_OPT (Cebule),COBYLA,,,3,1,phase,pauli,12,,,N_Qubit inherited from mol_map (see mol_map row) -- not independently re-verified. Standard per-Pauli-string measurement (baseline).,91.153,6286.517
296,H2,0,1,2,6-31g,basis_set_exchange,tn_qc_opt+mol_map,4,n/a,TN_QC_OPT (Cebule),COBYLA,,,3,1,phase,qasm_gen_grouped,12,,,"N_Qubit inherited from mol_map (see mol_map row) -- not independently re-verified. Cebule QASM_GEN basis-state-pair-grouping measurement scheme. Expected to require fewer or equal distinct circuits per iteration than plain 'pauli' measurement (that's QASM_GEN's whole purpose), but the exact circuit count is an output of a real QASM_GEN/TN_QC_OPT run, not predictable in advance -- see docs.mqs.dk QASM_GEN section.",91.153,6377.670
147,H2,0,1,2,sto-3g,basis_set_exchange,tn_qc_opt+mol_map,2,n/a,TN_QC_OPT (Cebule),COBYLA,,,0,4,n/a (no TN layers),pauli,24,,,N_Qubit inherited from mol_map (see mol_map row) -- not independently re-verified. TN_Layers_Network=0 is the paper's 'circuit only' baseline -- equivalent to plain VQE with this Hamiltonian encoding and no TN preprocessing. Standard per-Pauli-string measurement (baseline).,91.241,6468.911
148,H2,0,1,2,sto-3g,basis_set_exchange,tn_qc_opt+mol_map,2,n/a,TN_QC_OPT (Cebule),COBYLA,,,0,4,n/a (no TN layers),qasm_gen_grouped,24,,,"N_Qubit inherited from mol_map (see mol_map row) -- not independently re-verified. TN_Layers_Network=0 is the paper's 'circuit only' baseline -- equivalent to plain VQE with this Hamiltonian encoding and no TN preprocessing. Cebule QASM_GEN basis-state-pair-grouping measurement scheme. Expected to require fewer or equal distinct circuits per iteration than plain 'pauli' measurement (that's QASM_GEN's whole purpose), but the exact circuit count is an output of a real QASM_GEN/TN_QC_OPT run, not predictable in advance -- see docs.mqs.dk QASM_GEN section.",91.241,6560.152
161,H2,0,1,2,sto-3g,basis_set_exchange,tn_qc_opt+mol_map,2,n/a,TN_QC_OPT (Cebule),COBYLA,,,1,4,full,pauli,24,,,N_Qubit inherited from mol_map (see mol_map row) -- not independently re-verified. Standard per-Pauli-string measurement (baseline).,91.241,6651.393
162,H2,0,1,2,sto-3g,basis_set_exchange,tn_qc_opt+mol_map,2,n/a,TN_QC_OPT (Cebule),COBYLA,,,1,4,full,qasm_gen_grouped,24,,,"N_Qubit inherited from mol_map (see mol_map row) -- not independently re-verified. Cebule QASM_GEN basis-state-pair-grouping measurement scheme. Expected to require fewer or equal distinct circuits per iteration than plain 'pauli' measurement (that's QASM_GEN's whole purpose), but the exact circuit count is an output of a real QASM_GEN/TN_QC_OPT run, not predictable in advance -- see docs.mqs.dk QASM_GEN section.",91.241,6742.634
163,H2,0,1,2,sto-3g,basis_set_exchange,tn_qc_opt+mol_map,2,n/a,TN_QC_OPT (Cebule),COBYLA,,,1,4,phase,pauli,24,,,N_Qubit inherited from mol_map (see mol_map row) -- not independently re-verified. Standard per-Pauli-string measurement (baseline).,91.241,6833.875
164,H2,0,1,2,sto-3g,basis_set_exchange,tn_qc_opt+mol_map,2,n/a,TN_QC_OPT (Cebule),COBYLA,,,1,4,phase,qasm_gen_grouped,24,,,"N_Qubit inherited from mol_map (see mol_map row) -- not independently re-verified. Cebule QASM_GEN basis-state-pair-grouping measurement scheme. Expected to require fewer or equal distinct circuits per iteration than plain 'pauli' measurement (that's QASM_GEN's whole purpose), but the exact circuit count is an output of a real QASM_GEN/TN_QC_OPT run, not predictable in advance -- see docs.mqs.dk QASM_GEN section.",91.241,6925.116
177,H2,0,1,2,sto-3g,basis_set_exchange,tn_qc_opt+mol_map,2,n/a,TN_QC_OPT (Cebule),COBYLA,,,2,4,full,pauli,24,,,N_Qubit inherited from mol_map (see mol_map row) -- not independently re-verified. Standard per-Pauli-string measurement (baseline).,91.241,7016.357
178,H2,0,1,2,sto-3g,basis_set_exchange,tn_qc_opt+mol_map,2,n/a,TN_QC_OPT (Cebule),COBYLA,,,2,4,full,qasm_gen_grouped,24,,,"N_Qubit inherited from mol_map (see mol_map row) -- not independently re-verified. Cebule QASM_GEN basis-state-pair-grouping measurement scheme. Expected to require fewer or equal distinct circuits per iteration than plain 'pauli' measurement (that's QASM_GEN's whole purpose), but the exact circuit count is an output of a real QASM_GEN/TN_QC_OPT run, not predictable in advance -- see docs.mqs.dk QASM_GEN section.",91.241,7107.598
179,H2,0,1,2,sto-3g,basis_set_exchange,tn_qc_opt+mol_map,2,n/a,TN_QC_OPT (Cebule),COBYLA,,,2,4,phase,pauli,24,,,N_Qubit inherited from mol_map (see mol_map row) -- not independently re-verified. Standard per-Pauli-string measurement (baseline).,91.241,7198.839
180,H2,0,1,2,sto-3g,basis_set_exchange,tn_qc_opt+mol_map,2,n/a,TN_QC_OPT (Cebule),COBYLA,,,2,4,phase,qasm_gen_grouped,24,,,"N_Qubit inherited from mol_map (see mol_map row) -- not independently re-verified. Cebule QASM_GEN basis-state-pair-grouping measurement scheme. Expected to require fewer or equal distinct circuits per iteration than plain 'pauli' measurement (that's QASM_GEN's whole purpose), but the exact circuit count is an output of a real QASM_GEN/TN_QC_OPT run, not predictable in advance -- see docs.mqs.dk QASM_GEN section.",91.241,7290.080
193,H2,0,1,2,sto-3g,basis_set_exchange,tn_qc_opt+mol_map,2,n/a,TN_QC_OPT (Cebule),COBYLA,,,3,4,full,pauli,24,,,N_Qubit inherited from mol_map (see mol_map row) -- not independently re-verified. Standard per-Pauli-string measurement (baseline).,91.241,7381.321
194,H2,0,1,2,sto-3g,basis_set_exchange,tn_qc_opt+mol_map,2,n/a,TN_QC_OPT (Cebule),COBYLA,,,3,4,full,qasm_gen_grouped,24,,,"N_Qubit inherited from mol_map (see mol_map row) -- not independently re-verified. Cebule QASM_GEN basis-state-pair-grouping measurement scheme. Expected to require fewer or equal distinct circuits per iteration than plain 'pauli' measurement (that's QASM_GEN's whole purpose), but the exact circuit count is an output of a real QASM_GEN/TN_QC_OPT run, not predictable in advance -- see docs.mqs.dk QASM_GEN section.",91.241,7472.562
195,H2,0,1,2,sto-3g,basis_set_exchange,tn_qc_opt+mol_map,2,n/a,TN_QC_OPT (Cebule),COBYLA,,,3,4,phase,pauli,24,,,N_Qubit inherited from mol_map (see mol_map row) -- not independently re-verified. Standard per-Pauli-string measurement (baseline).,91.241,7563.803
196,H2,0,1,2,sto-3g,basis_set_exchange,tn_qc_opt+mol_map,2,n/a,TN_QC_OPT (Cebule),COBYLA,,,3,4,phase,qasm_gen_grouped,24,,,"N_Qubit inherited from mol_map (see mol_map row) -- not independently re-verified. Cebule QASM_GEN basis-state-pair-grouping measurement scheme. Expected to require fewer or equal distinct circuits per iteration than plain 'pauli' measurement (that's QASM_GEN's whole purpose), but the exact circuit count is an output of a real QASM_GEN/TN_QC_OPT run, not predictable in advance -- see docs.mqs.dk QASM_GEN section.",91.241,7655.044
87,H2,0,1,2,sto-3g,basis_set_exchange,tn_qc_opt,4,yes,TN_QC_OPT (Cebule),COBYLA,,,0,2,n/a (no TN layers),pauli,24,,,"N_Qubit inherited from the JW-mapped Hamiltonian (verified, see JW row). TN_Layers_Network=0 is the paper's 'circuit only' baseline -- equivalent to plain VQE with this Hamiltonian encoding and no TN preprocessing. Standard per-Pauli-string measurement (baseline).",91.329,7746.373
88,H2,0,1,2,sto-3g,basis_set_exchange,tn_qc_opt,4,yes,TN_QC_OPT (Cebule),COBYLA,,,0,2,n/a (no TN layers),qasm_gen_grouped,24,,,"N_Qubit inherited from the JW-mapped Hamiltonian (verified, see JW row). TN_Layers_Network=0 is the paper's 'circuit only' baseline -- equivalent to plain VQE with this Hamiltonian encoding and no TN preprocessing. Cebule QASM_GEN basis-state-pair-grouping measurement scheme. Expected to require fewer or equal distinct circuits per iteration than plain 'pauli' measurement (that's QASM_GEN's whole purpose), but the exact circuit count is an output of a real QASM_GEN/TN_QC_OPT run, not predictable in advance -- see docs.mqs.dk QASM_GEN section.",91.329,7837.703
97,H2,0,1,2,sto-3g,basis_set_exchange,tn_qc_opt,4,yes,TN_QC_OPT (Cebule),COBYLA,,,1,2,full,pauli,24,,,"N_Qubit inherited from the JW-mapped Hamiltonian (verified, see JW row). Standard per-Pauli-string measurement (baseline).",91.329,7929.032
98,H2,0,1,2,sto-3g,basis_set_exchange,tn_qc_opt,4,yes,TN_QC_OPT (Cebule),COBYLA,,,1,2,full,qasm_gen_grouped,24,,,"N_Qubit inherited from the JW-mapped Hamiltonian (verified, see JW row). Cebule QASM_GEN basis-state-pair-grouping measurement scheme. Expected to require fewer or equal distinct circuits per iteration than plain 'pauli' measurement (that's QASM_GEN's whole purpose), but the exact circuit count is an output of a real QASM_GEN/TN_QC_OPT run, not predictable in advance -- see docs.mqs.dk QASM_GEN section.",91.329,8020.362
99,H2,0,1,2,sto-3g,basis_set_exchange,tn_qc_opt,4,yes,TN_QC_OPT (Cebule),COBYLA,,,1,2,phase,pauli,24,,,"N_Qubit inherited from the JW-mapped Hamiltonian (verified, see JW row). Standard per-Pauli-string measurement (baseline).",91.329,8111.691
100,H2,0,1,2,sto-3g,basis_set_exchange,tn_qc_opt,4,yes,TN_QC_OPT (Cebule),COBYLA,,,1,2,phase,qasm_gen_grouped,24,,,"N_Qubit inherited from the JW-mapped Hamiltonian (verified, see JW row). Cebule QASM_GEN basis-state-pair-grouping measurement scheme. Expected to require fewer or equal distinct circuits per iteration than plain 'pauli' measurement (that's QASM_GEN's whole purpose), but the exact circuit count is an output of a real QASM_GEN/TN_QC_OPT run, not predictable in advance -- see docs.mqs.dk QASM_GEN section.",91.329,8203.021
113,H2,0,1,2,sto-3g,basis_set_exchange,tn_qc_opt,4,yes,TN_QC_OPT (Cebule),COBYLA,,,2,2,full,pauli,24,,,"N_Qubit inherited from the JW-mapped Hamiltonian (verified, see JW row). Standard per-Pauli-string measurement (baseline).",91.329,8294.350
114,H2,0,1,2,sto-3g,basis_set_exchange,tn_qc_opt,4,yes,TN_QC_OPT (Cebule),COBYLA,,,2,2,full,qasm_gen_grouped,24,,,"N_Qubit inherited from the JW-mapped Hamiltonian (verified, see JW row). Cebule QASM_GEN basis-state-pair-grouping measurement scheme. Expected to require fewer or equal distinct circuits per iteration than plain 'pauli' measurement (that's QASM_GEN's whole purpose), but the exact circuit count is an output of a real QASM_GEN/TN_QC_OPT run, not predictable in advance -- see docs.mqs.dk QASM_GEN section.",91.329,8385.680
115,H2,0,1,2,sto-3g,basis_set_exchange,tn_qc_opt,4,yes,TN_QC_OPT (Cebule),COBYLA,,,2,2,phase,pauli,24,,,"N_Qubit inherited from the JW-mapped Hamiltonian (verified, see JW row). Standard per-Pauli-string measurement (baseline).",91.329,8477.009
116,H2,0,1,2,sto-3g,basis_set_exchange,tn_qc_opt,4,yes,TN_QC_OPT (Cebule),COBYLA,,,2,2,phase,qasm_gen_grouped,24,,,"N_Qubit inherited from the JW-mapped Hamiltonian (verified, see JW row). Cebule QASM_GEN basis-state-pair-grouping measurement scheme. Expected to require fewer or equal distinct circuits per iteration than plain 'pauli' measurement (that's QASM_GEN's whole purpose), but the exact circuit count is an output of a real QASM_GEN/TN_QC_OPT run, not predictable in advance -- see docs.mqs.dk QASM_GEN section.",91.329,8568.339
129,H2,0,1,2,sto-3g,basis_set_exchange,tn_qc_opt,4,yes,TN_QC_OPT (Cebule),COBYLA,,,3,2,full,pauli,24,,,"N_Qubit inherited from the JW-mapped Hamiltonian (verified, see JW row). Standard per-Pauli-string measurement (baseline).",91.329,8659.668
130,H2,0,1,2,sto-3g,basis_set_exchange,tn_qc_opt,4,yes,TN_QC_OPT (Cebule),COBYLA,,,3,2,full,qasm_gen_grouped,24,,,"N_Qubit inherited from the JW-mapped Hamiltonian (verified, see JW row). Cebule QASM_GEN basis-state-pair-grouping measurement scheme. Expected to require fewer or equal distinct circuits per iteration than plain 'pauli' measurement (that's QASM_GEN's whole purpose), but the exact circuit count is an output of a real QASM_GEN/TN_QC_OPT run, not predictable in advance -- see docs.mqs.dk QASM_GEN section.",91.329,8750.998
131,H2,0,1,2,sto-3g,basis_set_exchange,tn_qc_opt,4,yes,TN_QC_OPT (Cebule),COBYLA,,,3,2,phase,pauli,24,,,"N_Qubit inherited from the JW-mapped Hamiltonian (verified, see JW row). Standard per-Pauli-string measurement (baseline).",91.329,8842.327
132,H2,0,1,2,sto-3g,basis_set_exchange,tn_qc_opt,4,yes,TN_QC_OPT (Cebule),COBYLA,,,3,2,phase,qasm_gen_grouped,24,,,"N_Qubit inherited from the JW-mapped Hamiltonian (verified, see JW row). Cebule QASM_GEN basis-state-pair-grouping measurement scheme. Expected to require fewer or equal distinct circuits per iteration than plain 'pauli' measurement (that's QASM_GEN's whole purpose), but the exact circuit count is an output of a real QASM_GEN/TN_QC_OPT run, not predictable in advance -- see docs.mqs.dk QASM_GEN section.",91.329,8933.656
255,H2,0,1,2,6-31g,basis_set_exchange,tn_qc_opt+mol_map,4,n/a,TN_QC_OPT (Cebule),COBYLA,,,0,2,n/a (no TN layers),pauli,24,,,N_Qubit inherited from mol_map (see mol_map row) -- not independently re-verified. TN_Layers_Network=0 is the paper's 'circuit only' baseline -- equivalent to plain VQE with this Hamiltonian encoding and no TN preprocessing. Standard per-Pauli-string measurement (baseline).,91.329,9024.986
256,H2,0,1,2,6-31g,basis_set_exchange,tn_qc_opt+mol_map,4,n/a,TN_QC_OPT (Cebule),COBYLA,,,0,2,n/a (no TN layers),qasm_gen_grouped,24,,,"N_Qubit inherited from mol_map (see mol_map row) -- not independently re-verified. TN_Layers_Network=0 is the paper's 'circuit only' baseline -- equivalent to plain VQE with this Hamiltonian encoding and no TN preprocessing. Cebule QASM_GEN basis-state-pair-grouping measurement scheme. Expected to require fewer or equal distinct circuits per iteration than plain 'pauli' measurement (that's QASM_GEN's whole purpose), but the exact circuit count is an output of a real QASM_GEN/TN_QC_OPT run, not predictable in advance -- see docs.mqs.dk QASM_GEN section.",91.329,9116.315
265,H2,0,1,2,6-31g,basis_set_exchange,tn_qc_opt+mol_map,4,n/a,TN_QC_OPT (Cebule),COBYLA,,,1,2,full,pauli,24,,,N_Qubit inherited from mol_map (see mol_map row) -- not independently re-verified. Standard per-Pauli-string measurement (baseline).,91.329,9207.645
266,H2,0,1,2,6-31g,basis_set_exchange,tn_qc_opt+mol_map,4,n/a,TN_QC_OPT (Cebule),COBYLA,,,1,2,full,qasm_gen_grouped,24,,,"N_Qubit inherited from mol_map (see mol_map row) -- not independently re-verified. Cebule QASM_GEN basis-state-pair-grouping measurement scheme. Expected to require fewer or equal distinct circuits per iteration than plain 'pauli' measurement (that's QASM_GEN's whole purpose), but the exact circuit count is an output of a real QASM_GEN/TN_QC_OPT run, not predictable in advance -- see docs.mqs.dk QASM_GEN section.",91.329,9298.974
267,H2,0,1,2,6-31g,basis_set_exchange,tn_qc_opt+mol_map,4,n/a,TN_QC_OPT (Cebule),COBYLA,,,1,2,phase,pauli,24,,,N_Qubit inherited from mol_map (see mol_map row) -- not independently re-verified. Standard per-Pauli-string measurement (baseline).,91.329,9390.304
268,H2,0,1,2,6-31g,basis_set_exchange,tn_qc_opt+mol_map,4,n/a,TN_QC_OPT (Cebule),COBYLA,,,1,2,phase,qasm_gen_grouped,24,,,"N_Qubit inherited from mol_map (see mol_map row) -- not independently re-verified. Cebule QASM_GEN basis-state-pair-grouping measurement scheme. Expected to require fewer or equal distinct circuits per iteration than plain 'pauli' measurement (that's QASM_GEN's whole purpose), but the exact circuit count is an output of a real QASM_GEN/TN_QC_OPT run, not predictable in advance -- see docs.mqs.dk QASM_GEN section.",91.329,9481.633
281,H2,0,1,2,6-31g,basis_set_exchange,tn_qc_opt+mol_map,4,n/a,TN_QC_OPT (Cebule),COBYLA,,,2,2,full,pauli,24,,,N_Qubit inherited from mol_map (see mol_map row) -- not independently re-verified. Standard per-Pauli-string measurement (baseline).,91.329,9572.963
282,H2,0,1,2,6-31g,basis_set_exchange,tn_qc_opt+mol_map,4,n/a,TN_QC_OPT (Cebule),COBYLA,,,2,2,full,qasm_gen_grouped,24,,,"N_Qubit inherited from mol_map (see mol_map row) -- not independently re-verified. Cebule QASM_GEN basis-state-pair-grouping measurement scheme. Expected to require fewer or equal distinct circuits per iteration than plain 'pauli' measurement (that's QASM_GEN's whole purpose), but the exact circuit count is an output of a real QASM_GEN/TN_QC_OPT run, not predictable in advance -- see docs.mqs.dk QASM_GEN section.",91.329,9664.292
283,H2,0,1,2,6-31g,basis_set_exchange,tn_qc_opt+mol_map,4,n/a,TN_QC_OPT (Cebule),COBYLA,,,2,2,phase,pauli,24,,,N_Qubit inherited from mol_map (see mol_map row) -- not independently re-verified. Standard per-Pauli-string measurement (baseline).,91.329,9755.622
284,H2,0,1,2,6-31g,basis_set_exchange,tn_qc_opt+mol_map,4,n/a,TN_QC_OPT (Cebule),COBYLA,,,2,2,phase,qasm_gen_grouped,24,,,"N_Qubit inherited from mol_map (see mol_map row) -- not independently re-verified. Cebule QASM_GEN basis-state-pair-grouping measurement scheme. Expected to require fewer or equal distinct circuits per iteration than plain 'pauli' measurement (that's QASM_GEN's whole purpose), but the exact circuit count is an output of a real QASM_GEN/TN_QC_OPT run, not predictable in advance -- see docs.mqs.dk QASM_GEN section.",91.329,9846.951
297,H2,0,1,2,6-31g,basis_set_exchange,tn_qc_opt+mol_map,4,n/a,TN_QC_OPT (Cebule),COBYLA,,,3,2,full,pauli,24,,,N_Qubit inherited from mol_map (see mol_map row) -- not independently re-verified. Standard per-Pauli-string measurement (baseline).,91.329,9938.281
298,H2,0,1,2,6-31g,basis_set_exchange,tn_qc_opt+mol_map,4,n/a,TN_QC_OPT (Cebule),COBYLA,,,3,2,full,qasm_gen_grouped,24,,,"N_Qubit inherited from mol_map (see mol_map row) -- not independently re-verified. Cebule QASM_GEN basis-state-pair-grouping measurement scheme. Expected to require fewer or equal distinct circuits per iteration than plain 'pauli' measurement (that's QASM_GEN's whole purpose), but the exact circuit count is an output of a real QASM_GEN/TN_QC_OPT run, not predictable in advance -- see docs.mqs.dk QASM_GEN section.",91.329,10029.610
299,H2,0,1,2,6-31g,basis_set_exchange,tn_qc_opt+mol_map,4,n/a,TN_QC_OPT (Cebule),COBYLA,,,3,2,phase,pauli,24,,,N_Qubit inherited from mol_map (see mol_map row) -- not independently re-verified. Standard per-Pauli-string measurement (baseline).,91.329,10120.940
300,H2,0,1,2,6-31g,basis_set_exchange,tn_qc_opt+mol_map,4,n/a,TN_QC_OPT (Cebule),COBYLA,,,3,2,phase,qasm_gen_grouped,24,,,"N_Qubit inherited from mol_map (see mol_map row) -- not independently re-verified. Cebule QASM_GEN basis-state-pair-grouping measurement scheme. Expected to require fewer or equal distinct circuits per iteration than plain 'pauli' measurement (that's QASM_GEN's whole purpose), but the exact circuit count is an output of a real QASM_GEN/TN_QC_OPT run, not predictable in advance -- see docs.mqs.dk QASM_GEN section.",91.329,10212.269
11,H2,0,1,2,cc-pvdz,basis_set_exchange,mol_map,7,n/a,,,,,,,,pauli,,,,From original draft; not independently re-verified. Standard per-Pauli-string measurement (baseline).,91.418,10303.687
12,H2,0,1,2,cc-pvdz,basis_set_exchange,mol_map,7,n/a,,,,,,,,qasm_gen_grouped,,,,"From original draft; not independently re-verified. Cebule QASM_GEN basis-state-pair-grouping measurement scheme. Expected to require fewer or equal distinct circuits per iteration than plain 'pauli' measurement (that's QASM_GEN's whole purpose), but the exact circuit count is an output of a real QASM_GEN/TN_QC_OPT run, not predictable in advance -- see docs.mqs.dk QASM_GEN section.",91.418,10395.105
365,H2,0,1,2,cc-pvdz,basis_set_exchange,tn_qc_opt+mol_map,7,n/a,TN_QC_OPT (Cebule),COBYLA,,,0,1,n/a (no TN layers),pauli,21,,,N_Qubit inherited from mol_map (see mol_map row) -- not independently re-verified. TN_Layers_Network=0 is the paper's 'circuit only' baseline -- equivalent to plain VQE with this Hamiltonian encoding and no TN preprocessing. Standard per-Pauli-string measurement (baseline).,91.418,10486.523
366,H2,0,1,2,cc-pvdz,basis_set_exchange,tn_qc_opt+mol_map,7,n/a,TN_QC_OPT (Cebule),COBYLA,,,0,1,n/a (no TN layers),qasm_gen_grouped,21,,,"N_Qubit inherited from mol_map (see mol_map row) -- not independently re-verified. TN_Layers_Network=0 is the paper's 'circuit only' baseline -- equivalent to plain VQE with this Hamiltonian encoding and no TN preprocessing. Cebule QASM_GEN basis-state-pair-grouping measurement scheme. Expected to require fewer or equal distinct circuits per iteration than plain 'pauli' measurement (that's QASM_GEN's whole purpose), but the exact circuit count is an output of a real QASM_GEN/TN_QC_OPT run, not predictable in advance -- see docs.mqs.dk QASM_GEN section.",91.418,10577.941
373,H2,0,1,2,cc-pvdz,basis_set_exchange,tn_qc_opt+mol_map,7,n/a,TN_QC_OPT (Cebule),COBYLA,,,1,1,full,pauli,21,,,N_Qubit inherited from mol_map (see mol_map row) -- not independently re-verified. Standard per-Pauli-string measurement (baseline).,91.418,10669.359
374,H2,0,1,2,cc-pvdz,basis_set_exchange,tn_qc_opt+mol_map,7,n/a,TN_QC_OPT (Cebule),COBYLA,,,1,1,full,qasm_gen_grouped,21,,,"N_Qubit inherited from mol_map (see mol_map row) -- not independently re-verified. Cebule QASM_GEN basis-state-pair-grouping measurement scheme. Expected to require fewer or equal distinct circuits per iteration than plain 'pauli' measurement (that's QASM_GEN's whole purpose), but the exact circuit count is an output of a real QASM_GEN/TN_QC_OPT run, not predictable in advance -- see docs.mqs.dk QASM_GEN section.",91.418,10760.777
375,H2,0,1,2,cc-pvdz,basis_set_exchange,tn_qc_opt+mol_map,7,n/a,TN_QC_OPT (Cebule),COBYLA,,,1,1,phase,pauli,21,,,N_Qubit inherited from mol_map (see mol_map row) -- not independently re-verified. Standard per-Pauli-string measurement (baseline).,91.418,10852.195
376,H2,0,1,2,cc-pvdz,basis_set_exchange,tn_qc_opt+mol_map,7,n/a,TN_QC_OPT (Cebule),COBYLA,,,1,1,phase,qasm_gen_grouped,21,,,"N_Qubit inherited from mol_map (see mol_map row) -- not independently re-verified. Cebule QASM_GEN basis-state-pair-grouping measurement scheme. Expected to require fewer or equal distinct circuits per iteration than plain 'pauli' measurement (that's QASM_GEN's whole purpose), but the exact circuit count is an output of a real QASM_GEN/TN_QC_OPT run, not predictable in advance -- see docs.mqs.dk QASM_GEN section.",91.418,10943.613
389,H2,0,1,2,cc-pvdz,basis_set_exchange,tn_qc_opt+mol_map,7,n/a,TN_QC_OPT (Cebule),COBYLA,,,2,1,full,pauli,21,,,N_Qubit inherited from mol_map (see mol_map row) -- not independently re-verified. Standard per-Pauli-string measurement (baseline).,91.418,11035.031
390,H2,0,1,2,cc-pvdz,basis_set_exchange,tn_qc_opt+mol_map,7,n/a,TN_QC_OPT (Cebule),COBYLA,,,2,1,full,qasm_gen_grouped,21,,,"N_Qubit inherited from mol_map (see mol_map row) -- not independently re-verified. Cebule QASM_GEN basis-state-pair-grouping measurement scheme. Expected to require fewer or equal distinct circuits per iteration than plain 'pauli' measurement (that's QASM_GEN's whole purpose), but the exact circuit count is an output of a real QASM_GEN/TN_QC_OPT run, not predictable in advance -- see docs.mqs.dk QASM_GEN section.",91.418,11126.449
391,H2,0,1,2,cc-pvdz,basis_set_exchange,tn_qc_opt+mol_map,7,n/a,TN_QC_OPT (Cebule),COBYLA,,,2,1,phase,pauli,21,,,N_Qubit inherited from mol_map (see mol_map row) -- not independently re-verified. Standard per-Pauli-string measurement (baseline).,91.418,11217.867
392,H2,0,1,2,cc-pvdz,basis_set_exchange,tn_qc_opt+mol_map,7,n/a,TN_QC_OPT (Cebule),COBYLA,,,2,1,phase,qasm_gen_grouped,21,,,"N_Qubit inherited from mol_map (see mol_map row) -- not independently re-verified. Cebule QASM_GEN basis-state-pair-grouping measurement scheme. Expected to require fewer or equal distinct circuits per iteration than plain 'pauli' measurement (that's QASM_GEN's whole purpose), but the exact circuit count is an output of a real QASM_GEN/TN_QC_OPT run, not predictable in advance -- see docs.mqs.dk QASM_GEN section.",91.418,11309.285
405,H2,0,1,2,cc-pvdz,basis_set_exchange,tn_qc_opt+mol_map,7,n/a,TN_QC_OPT (Cebule),COBYLA,,,3,1,full,pauli,21,,,N_Qubit inherited from mol_map (see mol_map row) -- not independently re-verified. Standard per-Pauli-string measurement (baseline).,91.418,11400.703
406,H2,0,1,2,cc-pvdz,basis_set_exchange,tn_qc_opt+mol_map,7,n/a,TN_QC_OPT (Cebule),COBYLA,,,3,1,full,qasm_gen_grouped,21,,,"N_Qubit inherited from mol_map (see mol_map row) -- not independently re-verified. Cebule QASM_GEN basis-state-pair-grouping measurement scheme. Expected to require fewer or equal distinct circuits per iteration than plain 'pauli' measurement (that's QASM_GEN's whole purpose), but the exact circuit count is an output of a real QASM_GEN/TN_QC_OPT run, not predictable in advance -- see docs.mqs.dk QASM_GEN section.",91.418,11492.121
407,H2,0,1,2,cc-pvdz,basis_set_exchange,tn_qc_opt+mol_map,7,n/a,TN_QC_OPT (Cebule),COBYLA,,,3,1,phase,pauli,21,,,N_Qubit inherited from mol_map (see mol_map row) -- not independently re-verified. Standard per-Pauli-string measurement (baseline).,91.418,11583.539
408,H2,0,1,2,cc-pvdz,basis_set_exchange,tn_qc_opt+mol_map,7,n/a,TN_QC_OPT (Cebule),COBYLA,,,3,1,phase,qasm_gen_grouped,21,,,"N_Qubit inherited from mol_map (see mol_map row) -- not independently re-verified. Cebule QASM_GEN basis-state-pair-grouping measurement scheme. Expected to require fewer or equal distinct circuits per iteration than plain 'pauli' measurement (that's QASM_GEN's whole purpose), but the exact circuit count is an output of a real QASM_GEN/TN_QC_OPT run, not predictable in advance -- see docs.mqs.dk QASM_GEN section.",91.418,11674.957
5,H2,0,1,2,6-31g,basis_set_exchange,JW,8,yes,,,,,,,,pauli,,,,Standard per-Pauli-string measurement (baseline).,91.506,11766.463
6,H2,0,1,2,6-31g,basis_set_exchange,JW,8,yes,,,,,,,,qasm_gen_grouped,,,,"Cebule QASM_GEN basis-state-pair-grouping measurement scheme. Expected to require fewer or equal distinct circuits per iteration than plain 'pauli' measurement (that's QASM_GEN's whole purpose), but the exact circuit count is an output of a real QASM_GEN/TN_QC_OPT run, not predictable in advance -- see docs.mqs.dk QASM_GEN section.",91.506,11857.969
89,H2,0,1,2,sto-3g,basis_set_exchange,tn_qc_opt,4,yes,TN_QC_OPT (Cebule),COBYLA,,,0,3,n/a (no TN layers),pauli,36,,,"N_Qubit inherited from the JW-mapped Hamiltonian (verified, see JW row). TN_Layers_Network=0 is the paper's 'circuit only' baseline -- equivalent to plain VQE with this Hamiltonian encoding and no TN preprocessing. Standard per-Pauli-string measurement (baseline).",91.506,11949.476
90,H2,0,1,2,sto-3g,basis_set_exchange,tn_qc_opt,4,yes,TN_QC_OPT (Cebule),COBYLA,,,0,3,n/a (no TN layers),qasm_gen_grouped,36,,,"N_Qubit inherited from the JW-mapped Hamiltonian (verified, see JW row). TN_Layers_Network=0 is the paper's 'circuit only' baseline -- equivalent to plain VQE with this Hamiltonian encoding and no TN preprocessing. Cebule QASM_GEN basis-state-pair-grouping measurement scheme. Expected to require fewer or equal distinct circuits per iteration than plain 'pauli' measurement (that's QASM_GEN's whole purpose), but the exact circuit count is an output of a real QASM_GEN/TN_QC_OPT run, not predictable in advance -- see docs.mqs.dk QASM_GEN section.",91.506,12040.982
101,H2,0,1,2,sto-3g,basis_set_exchange,tn_qc_opt,4,yes,TN_QC_OPT (Cebule),COBYLA,,,1,3,full,pauli,36,,,"N_Qubit inherited from the JW-mapped Hamiltonian (verified, see JW row). Standard per-Pauli-string measurement (baseline).",91.506,12132.489
102,H2,0,1,2,sto-3g,basis_set_exchange,tn_qc_opt,4,yes,TN_QC_OPT (Cebule),COBYLA,,,1,3,full,qasm_gen_grouped,36,,,"N_Qubit inherited from the JW-mapped Hamiltonian (verified, see JW row). Cebule QASM_GEN basis-state-pair-grouping measurement scheme. Expected to require fewer or equal distinct circuits per iteration than plain 'pauli' measurement (that's QASM_GEN's whole purpose), but the exact circuit count is an output of a real QASM_GEN/TN_QC_OPT run, not predictable in advance -- see docs.mqs.dk QASM_GEN section.",91.506,12223.995
103,H2,0,1,2,sto-3g,basis_set_exchange,tn_qc_opt,4,yes,TN_QC_OPT (Cebule),COBYLA,,,1,3,phase,pauli,36,,,"N_Qubit inherited from the JW-mapped Hamiltonian (verified, see JW row). Standard per-Pauli-string measurement (baseline).",91.506,12315.502
104,H2,0,1,2,sto-3g,basis_set_exchange,tn_qc_opt,4,yes,TN_QC_OPT (Cebule),COBYLA,,,1,3,phase,qasm_gen_grouped,36,,,"N_Qubit inherited from the JW-mapped Hamiltonian (verified, see JW row). Cebule QASM_GEN basis-state-pair-grouping measurement scheme. Expected to require fewer or equal distinct circuits per iteration than plain 'pauli' measurement (that's QASM_GEN's whole purpose), but the exact circuit count is an output of a real QASM_GEN/TN_QC_OPT run, not predictable in advance -- see docs.mqs.dk QASM_GEN section.",91.506,12407.008
117,H2,0,1,2,sto-3g,basis_set_exchange,tn_qc_opt,4,yes,TN_QC_OPT (Cebule),COBYLA,,,2,3,full,pauli,36,,,"N_Qubit inherited from the JW-mapped Hamiltonian (verified, see JW row). Standard per-Pauli-string measurement (baseline).",91.506,12498.514
118,H2,0,1,2,sto-3g,basis_set_exchange,tn_qc_opt,4,yes,TN_QC_OPT (Cebule),COBYLA,,,2,3,full,qasm_gen_grouped,36,,,"N_Qubit inherited from the JW-mapped Hamiltonian (verified, see JW row). Cebule QASM_GEN basis-state-pair-grouping measurement scheme. Expected to require fewer or equal distinct circuits per iteration than plain 'pauli' measurement (that's QASM_GEN's whole purpose), but the exact circuit count is an output of a real QASM_GEN/TN_QC_OPT run, not predictable in advance -- see docs.mqs.dk QASM_GEN section.",91.506,12590.021
119,H2,0,1,2,sto-3g,basis_set_exchange,tn_qc_opt,4,yes,TN_QC_OPT (Cebule),COBYLA,,,2,3,phase,pauli,36,,,"N_Qubit inherited from the JW-mapped Hamiltonian (verified, see JW row). Standard per-Pauli-string measurement (baseline).",91.506,12681.527
120,H2,0,1,2,sto-3g,basis_set_exchange,tn_qc_opt,4,yes,TN_QC_OPT (Cebule),COBYLA,,,2,3,phase,qasm_gen_grouped,36,,,"N_Qubit inherited from the JW-mapped Hamiltonian (verified, see JW row). Cebule QASM_GEN basis-state-pair-grouping measurement scheme. Expected to require fewer or equal distinct circuits per iteration than plain 'pauli' measurement (that's QASM_GEN's whole purpose), but the exact circuit count is an output of a real QASM_GEN/TN_QC_OPT run, not predictable in advance -- see docs.mqs.dk QASM_GEN section.",91.506,12773.034
133,H2,0,1,2,sto-3g,basis_set_exchange,tn_qc_opt,4,yes,TN_QC_OPT (Cebule),COBYLA,,,3,3,full,pauli,36,,,"N_Qubit inherited from the JW-mapped Hamiltonian (verified, see JW row). Standard per-Pauli-string measurement (baseline).",91.506,12864.540
134,H2,0,1,2,sto-3g,basis_set_exchange,tn_qc_opt,4,yes,TN_QC_OPT (Cebule),COBYLA,,,3,3,full,qasm_gen_grouped,36,,,"N_Qubit inherited from the JW-mapped Hamiltonian (verified, see JW row). Cebule QASM_GEN basis-state-pair-grouping measurement scheme. Expected to require fewer or equal distinct circuits per iteration than plain 'pauli' measurement (that's QASM_GEN's whole purpose), but the exact circuit count is an output of a real QASM_GEN/TN_QC_OPT run, not predictable in advance -- see docs.mqs.dk QASM_GEN section.",91.506,12956.047
135,H2,0,1,2,sto-3g,basis_set_exchange,tn_qc_opt,4,yes,TN_QC_OPT (Cebule),COBYLA,,,3,3,phase,pauli,36,,,"N_Qubit inherited from the JW-mapped Hamiltonian (verified, see JW row). Standard per-Pauli-string measurement (baseline).",91.506,13047.553
136,H2,0,1,2,sto-3g,basis_set_exchange,tn_qc_opt,4,yes,TN_QC_OPT (Cebule),COBYLA,,,3,3,phase,qasm_gen_grouped,36,,,"N_Qubit inherited from the JW-mapped Hamiltonian (verified, see JW row). Cebule QASM_GEN basis-state-pair-grouping measurement scheme. Expected to require fewer or equal distinct circuits per iteration than plain 'pauli' measurement (that's QASM_GEN's whole purpose), but the exact circuit count is an output of a real QASM_GEN/TN_QC_OPT run, not predictable in advance -- see docs.mqs.dk QASM_GEN section.",91.506,13139.060
197,H2,0,1,2,6-31g,basis_set_exchange,tn_qc_opt,8,yes,TN_QC_OPT (Cebule),COBYLA,,,0,1,n/a (no TN layers),pauli,24,,,"N_Qubit inherited from the JW-mapped Hamiltonian (verified, see JW row). TN_Layers_Network=0 is the paper's 'circuit only' baseline -- equivalent to plain VQE with this Hamiltonian encoding and no TN preprocessing. Standard per-Pauli-string measurement (baseline).",91.506,13230.566
198,H2,0,1,2,6-31g,basis_set_exchange,tn_qc_opt,8,yes,TN_QC_OPT (Cebule),COBYLA,,,0,1,n/a (no TN layers),qasm_gen_grouped,24,,,"N_Qubit inherited from the JW-mapped Hamiltonian (verified, see JW row). TN_Layers_Network=0 is the paper's 'circuit only' baseline -- equivalent to plain VQE with this Hamiltonian encoding and no TN preprocessing. Cebule QASM_GEN basis-state-pair-grouping measurement scheme. Expected to require fewer or equal distinct circuits per iteration than plain 'pauli' measurement (that's QASM_GEN's whole purpose), but the exact circuit count is an output of a real QASM_GEN/TN_QC_OPT run, not predictable in advance -- see docs.mqs.dk QASM_GEN section.",91.506,13322.072
205,H2,0,1,2,6-31g,basis_set_exchange,tn_qc_opt,8,yes,TN_QC_OPT (Cebule),COBYLA,,,1,1,full,pauli,24,,,"N_Qubit inherited from the JW-mapped Hamiltonian (verified, see JW row). Standard per-Pauli-string measurement (baseline).",91.506,13413.579
206,H2,0,1,2,6-31g,basis_set_exchange,tn_qc_opt,8,yes,TN_QC_OPT (Cebule),COBYLA,,,1,1,full,qasm_gen_grouped,24,,,"N_Qubit inherited from the JW-mapped Hamiltonian (verified, see JW row). Cebule QASM_GEN basis-state-pair-grouping measurement scheme. Expected to require fewer or equal distinct circuits per iteration than plain 'pauli' measurement (that's QASM_GEN's whole purpose), but the exact circuit count is an output of a real QASM_GEN/TN_QC_OPT run, not predictable in advance -- see docs.mqs.dk QASM_GEN section.",91.506,13505.085
207,H2,0,1,2,6-31g,basis_set_exchange,tn_qc_opt,8,yes,TN_QC_OPT (Cebule),COBYLA,,,1,1,phase,pauli,24,,,"N_Qubit inherited from the JW-mapped Hamiltonian (verified, see JW row). Standard per-Pauli-string measurement (baseline).",91.506,13596.592
208,H2,0,1,2,6-31g,basis_set_exchange,tn_qc_opt,8,yes,TN_QC_OPT (Cebule),COBYLA,,,1,1,phase,qasm_gen_grouped,24,,,"N_Qubit inherited from the JW-mapped Hamiltonian (verified, see JW row). Cebule QASM_GEN basis-state-pair-grouping measurement scheme. Expected to require fewer or equal distinct circuits per iteration than plain 'pauli' measurement (that's QASM_GEN's whole purpose), but the exact circuit count is an output of a real QASM_GEN/TN_QC_OPT run, not predictable in advance -- see docs.mqs.dk QASM_GEN section.",91.506,13688.098
221,H2,0,1,2,6-31g,basis_set_exchange,tn_qc_opt,8,yes,TN_QC_OPT (Cebule),COBYLA,,,2,1,full,pauli,24,,,"N_Qubit inherited from the JW-mapped Hamiltonian (verified, see JW row). Standard per-Pauli-string measurement (baseline).",91.506,13779.605
222,H2,0,1,2,6-31g,basis_set_exchange,tn_qc_opt,8,yes,TN_QC_OPT (Cebule),COBYLA,,,2,1,full,qasm_gen_grouped,24,,,"N_Qubit inherited from the JW-mapped Hamiltonian (verified, see JW row). Cebule QASM_GEN basis-state-pair-grouping measurement scheme. Expected to require fewer or equal distinct circuits per iteration than plain 'pauli' measurement (that's QASM_GEN's whole purpose), but the exact circuit count is an output of a real QASM_GEN/TN_QC_OPT run, not predictable in advance -- see docs.mqs.dk QASM_GEN section.",91.506,13871.111
223,H2,0,1,2,6-31g,basis_set_exchange,tn_qc_opt,8,yes,TN_QC_OPT (Cebule),COBYLA,,,2,1,phase,pauli,24,,,"N_Qubit inherited from the JW-mapped Hamiltonian (verified, see JW row). Standard per-Pauli-string measurement (baseline).",91.506,13962.617
224,H2,0,1,2,6-31g,basis_set_exchange,tn_qc_opt,8,yes,TN_QC_OPT (Cebule),COBYLA,,,2,1,phase,qasm_gen_grouped,24,,,"N_Qubit inherited from the JW-mapped Hamiltonian (verified, see JW row). Cebule QASM_GEN basis-state-pair-grouping measurement scheme. Expected to require fewer or equal distinct circuits per iteration than plain 'pauli' measurement (that's QASM_GEN's whole purpose), but the exact circuit count is an output of a real QASM_GEN/TN_QC_OPT run, not predictable in advance -- see docs.mqs.dk QASM_GEN section.",91.506,14054.124
237,H2,0,1,2,6-31g,basis_set_exchange,tn_qc_opt,8,yes,TN_QC_OPT (Cebule),COBYLA,,,3,1,full,pauli,24,,,"N_Qubit inherited from the JW-mapped Hamiltonian (verified, see JW row). Standard per-Pauli-string measurement (baseline).",91.506,14145.630
238,H2,0,1,2,6-31g,basis_set_exchange,tn_qc_opt,8,yes,TN_QC_OPT (Cebule),COBYLA,,,3,1,full,qasm_gen_grouped,24,,,"N_Qubit inherited from the JW-mapped Hamiltonian (verified, see JW row). Cebule QASM_GEN basis-state-pair-grouping measurement scheme. Expected to require fewer or equal distinct circuits per iteration than plain 'pauli' measurement (that's QASM_GEN's whole purpose), but the exact circuit count is an output of a real QASM_GEN/TN_QC_OPT run, not predictable in advance -- see docs.mqs.dk QASM_GEN section.",91.506,14237.137
239,H2,0,1,2,6-31g,basis_set_exchange,tn_qc_opt,8,yes,TN_QC_OPT (Cebule),COBYLA,,,3,1,phase,pauli,24,,,"N_Qubit inherited from the JW-mapped Hamiltonian (verified, see JW row). Standard per-Pauli-string measurement (baseline).",91.506,14328.643
240,H2,0,1,2,6-31g,basis_set_exchange,tn_qc_opt,8,yes,TN_QC_OPT (Cebule),COBYLA,,,3,1,phase,qasm_gen_grouped,24,,,"N_Qubit inherited from the JW-mapped Hamiltonian (verified, see JW row). Cebule QASM_GEN basis-state-pair-grouping measurement scheme. Expected to require fewer or equal distinct circuits per iteration than plain 'pauli' measurement (that's QASM_GEN's whole purpose), but the exact circuit count is an output of a real QASM_GEN/TN_QC_OPT run, not predictable in advance -- see docs.mqs.dk QASM_GEN section.",91.506,14420.150
257,H2,0,1,2,6-31g,basis_set_exchange,tn_qc_opt+mol_map,4,n/a,TN_QC_OPT (Cebule),COBYLA,,,0,3,n/a (no TN layers),pauli,36,,,N_Qubit inherited from mol_map (see mol_map row) -- not independently re-verified. TN_Layers_Network=0 is the paper's 'circuit only' baseline -- equivalent to plain VQE with this Hamiltonian encoding and no TN preprocessing. Standard per-Pauli-string measurement (baseline).,91.506,14511.656
258,H2,0,1,2,6-31g,basis_set_exchange,tn_qc_opt+mol_map,4,n/a,TN_QC_OPT (Cebule),COBYLA,,,0,3,n/a (no TN layers),qasm_gen_grouped,36,,,"N_Qubit inherited from mol_map (see mol_map row) -- not independently re-verified. TN_Layers_Network=0 is the paper's 'circuit only' baseline -- equivalent to plain VQE with this Hamiltonian encoding and no TN preprocessing. Cebule QASM_GEN basis-state-pair-grouping measurement scheme. Expected to require fewer or equal distinct circuits per iteration than plain 'pauli' measurement (that's QASM_GEN's whole purpose), but the exact circuit count is an output of a real QASM_GEN/TN_QC_OPT run, not predictable in advance -- see docs.mqs.dk QASM_GEN section.",91.506,14603.162
269,H2,0,1,2,6-31g,basis_set_exchange,tn_qc_opt+mol_map,4,n/a,TN_QC_OPT (Cebule),COBYLA,,,1,3,full,pauli,36,,,N_Qubit inherited from mol_map (see mol_map row) -- not independently re-verified. Standard per-Pauli-string measurement (baseline).,91.506,14694.669
270,H2,0,1,2,6-31g,basis_set_exchange,tn_qc_opt+mol_map,4,n/a,TN_QC_OPT (Cebule),COBYLA,,,1,3,full,qasm_gen_grouped,36,,,"N_Qubit inherited from mol_map (see mol_map row) -- not independently re-verified. Cebule QASM_GEN basis-state-pair-grouping measurement scheme. Expected to require fewer or equal distinct circuits per iteration than plain 'pauli' measurement (that's QASM_GEN's whole purpose), but the exact circuit count is an output of a real QASM_GEN/TN_QC_OPT run, not predictable in advance -- see docs.mqs.dk QASM_GEN section.",91.506,14786.175
271,H2,0,1,2,6-31g,basis_set_exchange,tn_qc_opt+mol_map,4,n/a,TN_QC_OPT (Cebule),COBYLA,,,1,3,phase,pauli,36,,,N_Qubit inherited from mol_map (see mol_map row) -- not independently re-verified. Standard per-Pauli-string measurement (baseline).,91.506,14877.682
272,H2,0,1,2,6-31g,basis_set_exchange,tn_qc_opt+mol_map,4,n/a,TN_QC_OPT (Cebule),COBYLA,,,1,3,phase,qasm_gen_grouped,36,,,"N_Qubit inherited from mol_map (see mol_map row) -- not independently re-verified. Cebule QASM_GEN basis-state-pair-grouping measurement scheme. Expected to require fewer or equal distinct circuits per iteration than plain 'pauli' measurement (that's QASM_GEN's whole purpose), but the exact circuit count is an output of a real QASM_GEN/TN_QC_OPT run, not predictable in advance -- see docs.mqs.dk QASM_GEN section.",91.506,14969.188
285,H2,0,1,2,6-31g,basis_set_exchange,tn_qc_opt+mol_map,4,n/a,TN_QC_OPT (Cebule),COBYLA,,,2,3,full,pauli,36,,,N_Qubit inherited from mol_map (see mol_map row) -- not independently re-verified. Standard per-Pauli-string measurement (baseline).,91.506,15060.695
286,H2,0,1,2,6-31g,basis_set_exchange,tn_qc_opt+mol_map,4,n/a,TN_QC_OPT (Cebule),COBYLA,,,2,3,full,qasm_gen_grouped,36,,,"N_Qubit inherited from mol_map (see mol_map row) -- not independently re-verified. Cebule QASM_GEN basis-state-pair-grouping measurement scheme. Expected to require fewer or equal distinct circuits per iteration than plain 'pauli' measurement (that's QASM_GEN's whole purpose), but the exact circuit count is an output of a real QASM_GEN/TN_QC_OPT run, not predictable in advance -- see docs.mqs.dk QASM_GEN section.",91.506,15152.201
287,H2,0,1,2,6-31g,basis_set_exchange,tn_qc_opt+mol_map,4,n/a,TN_QC_OPT (Cebule),COBYLA,,,2,3,phase,pauli,36,,,N_Qubit inherited from mol_map (see mol_map row) -- not independently re-verified. Standard per-Pauli-string measurement (baseline).,91.506,15243.707
288,H2,0,1,2,6-31g,basis_set_exchange,tn_qc_opt+mol_map,4,n/a,TN_QC_OPT (Cebule),COBYLA,,,2,3,phase,qasm_gen_grouped,36,,,"N_Qubit inherited from mol_map (see mol_map row) -- not independently re-verified. Cebule QASM_GEN basis-state-pair-grouping measurement scheme. Expected to require fewer or equal distinct circuits per iteration than plain 'pauli' measurement (that's QASM_GEN's whole purpose), but the exact circuit count is an output of a real QASM_GEN/TN_QC_OPT run, not predictable in advance -- see docs.mqs.dk QASM_GEN section.",91.506,15335.214
301,H2,0,1,2,6-31g,basis_set_exchange,tn_qc_opt+mol_map,4,n/a,TN_QC_OPT (Cebule),COBYLA,,,3,3,full,pauli,36,,,N_Qubit inherited from mol_map (see mol_map row) -- not independently re-verified. Standard per-Pauli-string measurement (baseline).,91.506,15426.720
302,H2,0,1,2,6-31g,basis_set_exchange,tn_qc_opt+mol_map,4,n/a,TN_QC_OPT (Cebule),COBYLA,,,3,3,full,qasm_gen_grouped,36,,,"N_Qubit inherited from mol_map (see mol_map row) -- not independently re-verified. Cebule QASM_GEN basis-state-pair-grouping measurement scheme. Expected to require fewer or equal distinct circuits per iteration than plain 'pauli' measurement (that's QASM_GEN's whole purpose), but the exact circuit count is an output of a real QASM_GEN/TN_QC_OPT run, not predictable in advance -- see docs.mqs.dk QASM_GEN section.",91.506,15518.227
303,H2,0,1,2,6-31g,basis_set_exchange,tn_qc_opt+mol_map,4,n/a,TN_QC_OPT (Cebule),COBYLA,,,3,3,phase,pauli,36,,,N_Qubit inherited from mol_map (see mol_map row) -- not independently re-verified. Standard per-Pauli-string measurement (baseline).,91.506,15609.733
304,H2,0,1,2,6-31g,basis_set_exchange,tn_qc_opt+mol_map,4,n/a,TN_QC_OPT (Cebule),COBYLA,,,3,3,phase,qasm_gen_grouped,36,,,"N_Qubit inherited from mol_map (see mol_map row) -- not independently re-verified. Cebule QASM_GEN basis-state-pair-grouping measurement scheme. Expected to require fewer or equal distinct circuits per iteration than plain 'pauli' measurement (that's QASM_GEN's whole purpose), but the exact circuit count is an output of a real QASM_GEN/TN_QC_OPT run, not predictable in advance -- see docs.mqs.dk QASM_GEN section.",91.506,15701.240
59,H2O,0,1,10,sto-3g,basis_set_exchange,mol_map,9,n/a,,,,,,,,pauli,,,,From original draft; not independently re-verified. Standard per-Pauli-string measurement (baseline).,91.595,15792.835
60,H2O,0,1,10,sto-3g,basis_set_exchange,mol_map,9,n/a,,,,,,,,qasm_gen_grouped,,,,"From original draft; not independently re-verified. Cebule QASM_GEN basis-state-pair-grouping measurement scheme. Expected to require fewer or equal distinct circuits per iteration than plain 'pauli' measurement (that's QASM_GEN's whole purpose), but the exact circuit count is an output of a real QASM_GEN/TN_QC_OPT run, not predictable in advance -- see docs.mqs.dk QASM_GEN section.",91.595,15884.429
367,H2,0,1,2,cc-pvdz,basis_set_exchange,tn_qc_opt+mol_map,7,n/a,TN_QC_OPT (Cebule),COBYLA,,,0,2,n/a (no TN layers),pauli,42,,,N_Qubit inherited from mol_map (see mol_map row) -- not independently re-verified. TN_Layers_Network=0 is the paper's 'circuit only' baseline -- equivalent to plain VQE with this Hamiltonian encoding and no TN preprocessing. Standard per-Pauli-string measurement (baseline).,91.595,15976.024
368,H2,0,1,2,cc-pvdz,basis_set_exchange,tn_qc_opt+mol_map,7,n/a,TN_QC_OPT (Cebule),COBYLA,,,0,2,n/a (no TN layers),qasm_gen_grouped,42,,,"N_Qubit inherited from mol_map (see mol_map row) -- not independently re-verified. TN_Layers_Network=0 is the paper's 'circuit only' baseline -- equivalent to plain VQE with this Hamiltonian encoding and no TN preprocessing. Cebule QASM_GEN basis-state-pair-grouping measurement scheme. Expected to require fewer or equal distinct circuits per iteration than plain 'pauli' measurement (that's QASM_GEN's whole purpose), but the exact circuit count is an output of a real QASM_GEN/TN_QC_OPT run, not predictable in advance -- see docs.mqs.dk QASM_GEN section.",91.595,16067.619
377,H2,0,1,2,cc-pvdz,basis_set_exchange,tn_qc_opt+mol_map,7,n/a,TN_QC_OPT (Cebule),COBYLA,,,1,2,full,pauli,42,,,N_Qubit inherited from mol_map (see mol_map row) -- not independently re-verified. Standard per-Pauli-string measurement (baseline).,91.595,16159.214
378,H2,0,1,2,cc-pvdz,basis_set_exchange,tn_qc_opt+mol_map,7,n/a,TN_QC_OPT (Cebule),COBYLA,,,1,2,full,qasm_gen_grouped,42,,,"N_Qubit inherited from mol_map (see mol_map row) -- not independently re-verified. Cebule QASM_GEN basis-state-pair-grouping measurement scheme. Expected to require fewer or equal distinct circuits per iteration than plain 'pauli' measurement (that's QASM_GEN's whole purpose), but the exact circuit count is an output of a real QASM_GEN/TN_QC_OPT run, not predictable in advance -- see docs.mqs.dk QASM_GEN section.",91.595,16250.809
379,H2,0,1,2,cc-pvdz,basis_set_exchange,tn_qc_opt+mol_map,7,n/a,TN_QC_OPT (Cebule),COBYLA,,,1,2,phase,pauli,42,,,N_Qubit inherited from mol_map (see mol_map row) -- not independently re-verified. Standard per-Pauli-string measurement (baseline).,91.595,16342.404
380,H2,0,1,2,cc-pvdz,basis_set_exchange,tn_qc_opt+mol_map,7,n/a,TN_QC_OPT (Cebule),COBYLA,,,1,2,phase,qasm_gen_grouped,42,,,"N_Qubit inherited from mol_map (see mol_map row) -- not independently re-verified. Cebule QASM_GEN basis-state-pair-grouping measurement scheme. Expected to require fewer or equal distinct circuits per iteration than plain 'pauli' measurement (that's QASM_GEN's whole purpose), but the exact circuit count is an output of a real QASM_GEN/TN_QC_OPT run, not predictable in advance -- see docs.mqs.dk QASM_GEN section.",91.595,16433.999
393,H2,0,1,2,cc-pvdz,basis_set_exchange,tn_qc_opt+mol_map,7,n/a,TN_QC_OPT (Cebule),COBYLA,,,2,2,full,pauli,42,,,N_Qubit inherited from mol_map (see mol_map row) -- not independently re-verified. Standard per-Pauli-string measurement (baseline).,91.595,16525.594
394,H2,0,1,2,cc-pvdz,basis_set_exchange,tn_qc_opt+mol_map,7,n/a,TN_QC_OPT (Cebule),COBYLA,,,2,2,full,qasm_gen_grouped,42,,,"N_Qubit inherited from mol_map (see mol_map row) -- not independently re-verified. Cebule QASM_GEN basis-state-pair-grouping measurement scheme. Expected to require fewer or equal distinct circuits per iteration than plain 'pauli' measurement (that's QASM_GEN's whole purpose), but the exact circuit count is an output of a real QASM_GEN/TN_QC_OPT run, not predictable in advance -- see docs.mqs.dk QASM_GEN section.",91.595,16617.189
395,H2,0,1,2,cc-pvdz,basis_set_exchange,tn_qc_opt+mol_map,7,n/a,TN_QC_OPT (Cebule),COBYLA,,,2,2,phase,pauli,42,,,N_Qubit inherited from mol_map (see mol_map row) -- not independently re-verified. Standard per-Pauli-string measurement (baseline).,91.595,16708.784
396,H2,0,1,2,cc-pvdz,basis_set_exchange,tn_qc_opt+mol_map,7,n/a,TN_QC_OPT (Cebule),COBYLA,,,2,2,phase,qasm_gen_grouped,42,,,"N_Qubit inherited from mol_map (see mol_map row) -- not independently re-verified. Cebule QASM_GEN basis-state-pair-grouping measurement scheme. Expected to require fewer or equal distinct circuits per iteration than plain 'pauli' measurement (that's QASM_GEN's whole purpose), but the exact circuit count is an output of a real QASM_GEN/TN_QC_OPT run, not predictable in advance -- see docs.mqs.dk QASM_GEN section.",91.595,16800.378
409,H2,0,1,2,cc-pvdz,basis_set_exchange,tn_qc_opt+mol_map,7,n/a,TN_QC_OPT (Cebule),COBYLA,,,3,2,full,pauli,42,,,N_Qubit inherited from mol_map (see mol_map row) -- not independently re-verified. Standard per-Pauli-string measurement (baseline).,91.595,16891.973
410,H2,0,1,2,cc-pvdz,basis_set_exchange,tn_qc_opt+mol_map,7,n/a,TN_QC_OPT (Cebule),COBYLA,,,3,2,full,qasm_gen_grouped,42,,,"N_Qubit inherited from mol_map (see mol_map row) -- not independently re-verified. Cebule QASM_GEN basis-state-pair-grouping measurement scheme. Expected to require fewer or equal distinct circuits per iteration than plain 'pauli' measurement (that's QASM_GEN's whole purpose), but the exact circuit count is an output of a real QASM_GEN/TN_QC_OPT run, not predictable in advance -- see docs.mqs.dk QASM_GEN section.",91.595,16983.568
411,H2,0,1,2,cc-pvdz,basis_set_exchange,tn_qc_opt+mol_map,7,n/a,TN_QC_OPT (Cebule),COBYLA,,,3,2,phase,pauli,42,,,N_Qubit inherited from mol_map (see mol_map row) -- not independently re-verified. Standard per-Pauli-string measurement (baseline).,91.595,17075.163
412,H2,0,1,2,cc-pvdz,basis_set_exchange,tn_qc_opt+mol_map,7,n/a,TN_QC_OPT (Cebule),COBYLA,,,3,2,phase,qasm_gen_grouped,42,,,"N_Qubit inherited from mol_map (see mol_map row) -- not independently re-verified. Cebule QASM_GEN basis-state-pair-grouping measurement scheme. Expected to require fewer or equal distinct circuits per iteration than plain 'pauli' measurement (that's QASM_GEN's whole purpose), but the exact circuit count is an output of a real QASM_GEN/TN_QC_OPT run, not predictable in advance -- see docs.mqs.dk QASM_GEN section.",91.595,17166.758
1709,H2O,0,1,10,sto-3g,basis_set_exchange,tn_qc_opt+mol_map,9,n/a,TN_QC_OPT (Cebule),COBYLA,,,0,1,n/a (no TN layers),pauli,27,,,N_Qubit inherited from mol_map (see mol_map row) -- not independently re-verified. TN_Layers_Network=0 is the paper's 'circuit only' baseline -- equivalent to plain VQE with this Hamiltonian encoding and no TN preprocessing. Standard per-Pauli-string measurement (baseline).,91.595,17258.353
1710,H2O,0,1,10,sto-3g,basis_set_exchange,tn_qc_opt+mol_map,9,n/a,TN_QC_OPT (Cebule),COBYLA,,,0,1,n/a (no TN layers),qasm_gen_grouped,27,,,"N_Qubit inherited from mol_map (see mol_map row) -- not independently re-verified. TN_Layers_Network=0 is the paper's 'circuit only' baseline -- equivalent to plain VQE with this Hamiltonian encoding and no TN preprocessing. Cebule QASM_GEN basis-state-pair-grouping measurement scheme. Expected to require fewer or equal distinct circuits per iteration than plain 'pauli' measurement (that's QASM_GEN's whole purpose), but the exact circuit count is an output of a real QASM_GEN/TN_QC_OPT run, not predictable in advance -- see docs.mqs.dk QASM_GEN section.",91.595,17349.948
1717,H2O,0,1,10,sto-3g,basis_set_exchange,tn_qc_opt+mol_map,9,n/a,TN_QC_OPT (Cebule),COBYLA,,,1,1,full,pauli,27,,,N_Qubit inherited from mol_map (see mol_map row) -- not independently re-verified. Standard per-Pauli-string measurement (baseline).,91.595,17441.543
1718,H2O,0,1,10,sto-3g,basis_set_exchange,tn_qc_opt+mol_map,9,n/a,TN_QC_OPT (Cebule),COBYLA,,,1,1,full,qasm_gen_grouped,27,,,"N_Qubit inherited from mol_map (see mol_map row) -- not independently re-verified. Cebule QASM_GEN basis-state-pair-grouping measurement scheme. Expected to require fewer or equal distinct circuits per iteration than plain 'pauli' measurement (that's QASM_GEN's whole purpose), but the exact circuit count is an output of a real QASM_GEN/TN_QC_OPT run, not predictable in advance -- see docs.mqs.dk QASM_GEN section.",91.595,17533.138
1719,H2O,0,1,10,sto-3g,basis_set_exchange,tn_qc_opt+mol_map,9,n/a,TN_QC_OPT (Cebule),COBYLA,,,1,1,phase,pauli,27,,,N_Qubit inherited from mol_map (see mol_map row) -- not independently re-verified. Standard per-Pauli-string measurement (baseline).,91.595,17624.733
1720,H2O,0,1,10,sto-3g,basis_set_exchange,tn_qc_opt+mol_map,9,n/a,TN_QC_OPT (Cebule),COBYLA,,,1,1,phase,qasm_gen_grouped,27,,,"N_Qubit inherited from mol_map (see mol_map row) -- not independently re-verified. Cebule QASM_GEN basis-state-pair-grouping measurement scheme. Expected to require fewer or equal distinct circuits per iteration than plain 'pauli' measurement (that's QASM_GEN's whole purpose), but the exact circuit count is an output of a real QASM_GEN/TN_QC_OPT run, not predictable in advance -- see docs.mqs.dk QASM_GEN section.",91.595,17716.328
1733,H2O,0,1,10,sto-3g,basis_set_exchange,tn_qc_opt+mol_map,9,n/a,TN_QC_OPT (Cebule),COBYLA,,,2,1,full,pauli,27,,,N_Qubit inherited from mol_map (see mol_map row) -- not independently re-verified. Standard per-Pauli-string measurement (baseline).,91.595,17807.922
1734,H2O,0,1,10,sto-3g,basis_set_exchange,tn_qc_opt+mol_map,9,n/a,TN_QC_OPT (Cebule),COBYLA,,,2,1,full,qasm_gen_grouped,27,,,"N_Qubit inherited from mol_map (see mol_map row) -- not independently re-verified. Cebule QASM_GEN basis-state-pair-grouping measurement scheme. Expected to require fewer or equal distinct circuits per iteration than plain 'pauli' measurement (that's QASM_GEN's whole purpose), but the exact circuit count is an output of a real QASM_GEN/TN_QC_OPT run, not predictable in advance -- see docs.mqs.dk QASM_GEN section.",91.595,17899.517
1735,H2O,0,1,10,sto-3g,basis_set_exchange,tn_qc_opt+mol_map,9,n/a,TN_QC_OPT (Cebule),COBYLA,,,2,1,phase,pauli,27,,,N_Qubit inherited from mol_map (see mol_map row) -- not independently re-verified. Standard per-Pauli-string measurement (baseline).,91.595,17991.112
1736,H2O,0,1,10,sto-3g,basis_set_exchange,tn_qc_opt+mol_map,9,n/a,TN_QC_OPT (Cebule),COBYLA,,,2,1,phase,qasm_gen_grouped,27,,,"N_Qubit inherited from mol_map (see mol_map row) -- not independently re-verified. Cebule QASM_GEN basis-state-pair-grouping measurement scheme. Expected to require fewer or equal distinct circuits per iteration than plain 'pauli' measurement (that's QASM_GEN's whole purpose), but the exact circuit count is an output of a real QASM_GEN/TN_QC_OPT run, not predictable in advance -- see docs.mqs.dk QASM_GEN section.",91.595,18082.707
1749,H2O,0,1,10,sto-3g,basis_set_exchange,tn_qc_opt+mol_map,9,n/a,TN_QC_OPT (Cebule),COBYLA,,,3,1,full,pauli,27,,,N_Qubit inherited from mol_map (see mol_map row) -- not independently re-verified. Standard per-Pauli-string measurement (baseline).,91.595,18174.302
1750,H2O,0,1,10,sto-3g,basis_set_exchange,tn_qc_opt+mol_map,9,n/a,TN_QC_OPT (Cebule),COBYLA,,,3,1,full,qasm_gen_grouped,27,,,"N_Qubit inherited from mol_map (see mol_map row) -- not independently re-verified. Cebule QASM_GEN basis-state-pair-grouping measurement scheme. Expected to require fewer or equal distinct circuits per iteration than plain 'pauli' measurement (that's QASM_GEN's whole purpose), but the exact circuit count is an output of a real QASM_GEN/TN_QC_OPT run, not predictable in advance -- see docs.mqs.dk QASM_GEN section.",91.595,18265.897
1751,H2O,0,1,10,sto-3g,basis_set_exchange,tn_qc_opt+mol_map,9,n/a,TN_QC_OPT (Cebule),COBYLA,,,3,1,phase,pauli,27,,,N_Qubit inherited from mol_map (see mol_map row) -- not independently re-verified. Standard per-Pauli-string measurement (baseline).,91.595,18357.492
1752,H2O,0,1,10,sto-3g,basis_set_exchange,tn_qc_opt+mol_map,9,n/a,TN_QC_OPT (Cebule),COBYLA,,,3,1,phase,qasm_gen_grouped,27,,,"N_Qubit inherited from mol_map (see mol_map row) -- not independently re-verified. Cebule QASM_GEN basis-state-pair-grouping measurement scheme. Expected to require fewer or equal distinct circuits per iteration than plain 'pauli' measurement (that's QASM_GEN's whole purpose), but the exact circuit count is an output of a real QASM_GEN/TN_QC_OPT run, not predictable in advance -- see docs.mqs.dk QASM_GEN section.",91.595,18449.087
15,H2,0,1,2,cc-pvtz,basis_set_exchange,mol_map,10,n/a,,,,,,,,pauli,,,,From original draft; not independently re-verified. Standard per-Pauli-string measurement (baseline).,91.683,18540.770
16,H2,0,1,2,cc-pvtz,basis_set_exchange,mol_map,10,n/a,,,,,,,,qasm_gen_grouped,,,,"From original draft; not independently re-verified. Cebule QASM_GEN basis-state-pair-grouping measurement scheme. Expected to require fewer or equal distinct circuits per iteration than plain 'pauli' measurement (that's QASM_GEN's whole purpose), but the exact circuit count is an output of a real QASM_GEN/TN_QC_OPT run, not predictable in advance -- see docs.mqs.dk QASM_GEN section.",91.683,18632.454
91,H2,0,1,2,sto-3g,basis_set_exchange,tn_qc_opt,4,yes,TN_QC_OPT (Cebule),COBYLA,,,0,4,n/a (no TN layers),pauli,48,,,"N_Qubit inherited from the JW-mapped Hamiltonian (verified, see JW row). TN_Layers_Network=0 is the paper's 'circuit only' baseline -- equivalent to plain VQE with this Hamiltonian encoding and no TN preprocessing. Standard per-Pauli-string measurement (baseline).",91.683,18724.137
92,H2,0,1,2,sto-3g,basis_set_exchange,tn_qc_opt,4,yes,TN_QC_OPT (Cebule),COBYLA,,,0,4,n/a (no TN layers),qasm_gen_grouped,48,,,"N_Qubit inherited from the JW-mapped Hamiltonian (verified, see JW row). TN_Layers_Network=0 is the paper's 'circuit only' baseline -- equivalent to plain VQE with this Hamiltonian encoding and no TN preprocessing. Cebule QASM_GEN basis-state-pair-grouping measurement scheme. Expected to require fewer or equal distinct circuits per iteration than plain 'pauli' measurement (that's QASM_GEN's whole purpose), but the exact circuit count is an output of a real QASM_GEN/TN_QC_OPT run, not predictable in advance -- see docs.mqs.dk QASM_GEN section.",91.683,18815.820
105,H2,0,1,2,sto-3g,basis_set_exchange,tn_qc_opt,4,yes,TN_QC_OPT (Cebule),COBYLA,,,1,4,full,pauli,48,,,"N_Qubit inherited from the JW-mapped Hamiltonian (verified, see JW row). Standard per-Pauli-string measurement (baseline).",91.683,18907.504
106,H2,0,1,2,sto-3g,basis_set_exchange,tn_qc_opt,4,yes,TN_QC_OPT (Cebule),COBYLA,,,1,4,full,qasm_gen_grouped,48,,,"N_Qubit inherited from the JW-mapped Hamiltonian (verified, see JW row). Cebule QASM_GEN basis-state-pair-grouping measurement scheme. Expected to require fewer or equal distinct circuits per iteration than plain 'pauli' measurement (that's QASM_GEN's whole purpose), but the exact circuit count is an output of a real QASM_GEN/TN_QC_OPT run, not predictable in advance -- see docs.mqs.dk QASM_GEN section.",91.683,18999.187
107,H2,0,1,2,sto-3g,basis_set_exchange,tn_qc_opt,4,yes,TN_QC_OPT (Cebule),COBYLA,,,1,4,phase,pauli,48,,,"N_Qubit inherited from the JW-mapped Hamiltonian (verified, see JW row). Standard per-Pauli-string measurement (baseline).",91.683,19090.870
108,H2,0,1,2,sto-3g,basis_set_exchange,tn_qc_opt,4,yes,TN_QC_OPT (Cebule),COBYLA,,,1,4,phase,qasm_gen_grouped,48,,,"N_Qubit inherited from the JW-mapped Hamiltonian (verified, see JW row). Cebule QASM_GEN basis-state-pair-grouping measurement scheme. Expected to require fewer or equal distinct circuits per iteration than plain 'pauli' measurement (that's QASM_GEN's whole purpose), but the exact circuit count is an output of a real QASM_GEN/TN_QC_OPT run, not predictable in advance -- see docs.mqs.dk QASM_GEN section.",91.683,19182.554
121,H2,0,1,2,sto-3g,basis_set_exchange,tn_qc_opt,4,yes,TN_QC_OPT (Cebule),COBYLA,,,2,4,full,pauli,48,,,"N_Qubit inherited from the JW-mapped Hamiltonian (verified, see JW row). Standard per-Pauli-string measurement (baseline).",91.683,19274.237
122,H2,0,1,2,sto-3g,basis_set_exchange,tn_qc_opt,4,yes,TN_QC_OPT (Cebule),COBYLA,,,2,4,full,qasm_gen_grouped,48,,,"N_Qubit inherited from the JW-mapped Hamiltonian (verified, see JW row). Cebule QASM_GEN basis-state-pair-grouping measurement scheme. Expected to require fewer or equal distinct circuits per iteration than plain 'pauli' measurement (that's QASM_GEN's whole purpose), but the exact circuit count is an output of a real QASM_GEN/TN_QC_OPT run, not predictable in advance -- see docs.mqs.dk QASM_GEN section.",91.683,19365.921
123,H2,0,1,2,sto-3g,basis_set_exchange,tn_qc_opt,4,yes,TN_QC_OPT (Cebule),COBYLA,,,2,4,phase,pauli,48,,,"N_Qubit inherited from the JW-mapped Hamiltonian (verified, see JW row). Standard per-Pauli-string measurement (baseline).",91.683,19457.604
124,H2,0,1,2,sto-3g,basis_set_exchange,tn_qc_opt,4,yes,TN_QC_OPT (Cebule),COBYLA,,,2,4,phase,qasm_gen_grouped,48,,,"N_Qubit inherited from the JW-mapped Hamiltonian (verified, see JW row). Cebule QASM_GEN basis-state-pair-grouping measurement scheme. Expected to require fewer or equal distinct circuits per iteration than plain 'pauli' measurement (that's QASM_GEN's whole purpose), but the exact circuit count is an output of a real QASM_GEN/TN_QC_OPT run, not predictable in advance -- see docs.mqs.dk QASM_GEN section.",91.683,19549.287
137,H2,0,1,2,sto-3g,basis_set_exchange,tn_qc_opt,4,yes,TN_QC_OPT (Cebule),COBYLA,,,3,4,full,pauli,48,,,"N_Qubit inherited from the JW-mapped Hamiltonian (verified, see JW row). Standard per-Pauli-string measurement (baseline).",91.683,19640.971
138,H2,0,1,2,sto-3g,basis_set_exchange,tn_qc_opt,4,yes,TN_QC_OPT (Cebule),COBYLA,,,3,4,full,qasm_gen_grouped,48,,,"N_Qubit inherited from the JW-mapped Hamiltonian (verified, see JW row). Cebule QASM_GEN basis-state-pair-grouping measurement scheme. Expected to require fewer or equal distinct circuits per iteration than plain 'pauli' measurement (that's QASM_GEN's whole purpose), but the exact circuit count is an output of a real QASM_GEN/TN_QC_OPT run, not predictable in advance -- see docs.mqs.dk QASM_GEN section.",91.683,19732.654
139,H2,0,1,2,sto-3g,basis_set_exchange,tn_qc_opt,4,yes,TN_QC_OPT (Cebule),COBYLA,,,3,4,phase,pauli,48,,,"N_Qubit inherited from the JW-mapped Hamiltonian (verified, see JW row). Standard per-Pauli-string measurement (baseline).",91.683,19824.337
140,H2,0,1,2,sto-3g,basis_set_exchange,tn_qc_opt,4,yes,TN_QC_OPT (Cebule),COBYLA,,,3,4,phase,qasm_gen_grouped,48,,,"N_Qubit inherited from the JW-mapped Hamiltonian (verified, see JW row). Cebule QASM_GEN basis-state-pair-grouping measurement scheme. Expected to require fewer or equal distinct circuits per iteration than plain 'pauli' measurement (that's QASM_GEN's whole purpose), but the exact circuit count is an output of a real QASM_GEN/TN_QC_OPT run, not predictable in advance -- see docs.mqs.dk QASM_GEN section.",91.683,19916.021
199,H2,0,1,2,6-31g,basis_set_exchange,tn_qc_opt,8,yes,TN_QC_OPT (Cebule),COBYLA,,,0,2,n/a (no TN layers),pauli,48,,,"N_Qubit inherited from the JW-mapped Hamiltonian (verified, see JW row). TN_Layers_Network=0 is the paper's 'circuit only' baseline -- equivalent to plain VQE with this Hamiltonian encoding and no TN preprocessing. Standard per-Pauli-string measurement (baseline).",91.683,20007.704
200,H2,0,1,2,6-31g,basis_set_exchange,tn_qc_opt,8,yes,TN_QC_OPT (Cebule),COBYLA,,,0,2,n/a (no TN layers),qasm_gen_grouped,48,,,"N_Qubit inherited from the JW-mapped Hamiltonian (verified, see JW row). TN_Layers_Network=0 is the paper's 'circuit only' baseline -- equivalent to plain VQE with this Hamiltonian encoding and no TN preprocessing. Cebule QASM_GEN basis-state-pair-grouping measurement scheme. Expected to require fewer or equal distinct circuits per iteration than plain 'pauli' measurement (that's QASM_GEN's whole purpose), but the exact circuit count is an output of a real QASM_GEN/TN_QC_OPT run, not predictable in advance -- see docs.mqs.dk QASM_GEN section.",91.683,20099.388
209,H2,0,1,2,6-31g,basis_set_exchange,tn_qc_opt,8,yes,TN_QC_OPT (Cebule),COBYLA,,,1,2,full,pauli,48,,,"N_Qubit inherited from the JW-mapped Hamiltonian (verified, see JW row). Standard per-Pauli-string measurement (baseline).",91.683,20191.071
210,H2,0,1,2,6-31g,basis_set_exchange,tn_qc_opt,8,yes,TN_QC_OPT (Cebule),COBYLA,,,1,2,full,qasm_gen_grouped,48,,,"N_Qubit inherited from the JW-mapped Hamiltonian (verified, see JW row). Cebule QASM_GEN basis-state-pair-grouping measurement scheme. Expected to require fewer or equal distinct circuits per iteration than plain 'pauli' measurement (that's QASM_GEN's whole purpose), but the exact circuit count is an output of a real QASM_GEN/TN_QC_OPT run, not predictable in advance -- see docs.mqs.dk QASM_GEN section.",91.683,20282.754
211,H2,0,1,2,6-31g,basis_set_exchange,tn_qc_opt,8,yes,TN_QC_OPT (Cebule),COBYLA,,,1,2,phase,pauli,48,,,"N_Qubit inherited from the JW-mapped Hamiltonian (verified, see JW row). Standard per-Pauli-string measurement (baseline).",91.683,20374.438
212,H2,0,1,2,6-31g,basis_set_exchange,tn_qc_opt,8,yes,TN_QC_OPT (Cebule),COBYLA,,,1,2,phase,qasm_gen_grouped,48,,,"N_Qubit inherited from the JW-mapped Hamiltonian (verified, see JW row). Cebule QASM_GEN basis-state-pair-grouping measurement scheme. Expected to require fewer or equal distinct circuits per iteration than plain 'pauli' measurement (that's QASM_GEN's whole purpose), but the exact circuit count is an output of a real QASM_GEN/TN_QC_OPT run, not predictable in advance -- see docs.mqs.dk QASM_GEN section.",91.683,20466.121
225,H2,0,1,2,6-31g,basis_set_exchange,tn_qc_opt,8,yes,TN_QC_OPT (Cebule),COBYLA,,,2,2,full,pauli,48,,,"N_Qubit inherited from the JW-mapped Hamiltonian (verified, see JW row). Standard per-Pauli-string measurement (baseline).",91.683,20557.804
226,H2,0,1,2,6-31g,basis_set_exchange,tn_qc_opt,8,yes,TN_QC_OPT (Cebule),COBYLA,,,2,2,full,qasm_gen_grouped,48,,,"N_Qubit inherited from the JW-mapped Hamiltonian (verified, see JW row). Cebule QASM_GEN basis-state-pair-grouping measurement scheme. Expected to require fewer or equal distinct circuits per iteration than plain 'pauli' measurement (that's QASM_GEN's whole purpose), but the exact circuit count is an output of a real QASM_GEN/TN_QC_OPT run, not predictable in advance -- see docs.mqs.dk QASM_GEN section.",91.683,20649.488
227,H2,0,1,2,6-31g,basis_set_exchange,tn_qc_opt,8,yes,TN_QC_OPT (Cebule),COBYLA,,,2,2,phase,pauli,48,,,"N_Qubit inherited from the JW-mapped Hamiltonian (verified, see JW row). Standard per-Pauli-string measurement (baseline).",91.683,20741.171
228,H2,0,1,2,6-31g,basis_set_exchange,tn_qc_opt,8,yes,TN_QC_OPT (Cebule),COBYLA,,,2,2,phase,qasm_gen_grouped,48,,,"N_Qubit inherited from the JW-mapped Hamiltonian (verified, see JW row). Cebule QASM_GEN basis-state-pair-grouping measurement scheme. Expected to require fewer or equal distinct circuits per iteration than plain 'pauli' measurement (that's QASM_GEN's whole purpose), but the exact circuit count is an output of a real QASM_GEN/TN_QC_OPT run, not predictable in advance -- see docs.mqs.dk QASM_GEN section.",91.683,20832.855
241,H2,0,1,2,6-31g,basis_set_exchange,tn_qc_opt,8,yes,TN_QC_OPT (Cebule),COBYLA,,,3,2,full,pauli,48,,,"N_Qubit inherited from the JW-mapped Hamiltonian (verified, see JW row). Standard per-Pauli-string measurement (baseline).",91.683,20924.538
242,H2,0,1,2,6-31g,basis_set_exchange,tn_qc_opt,8,yes,TN_QC_OPT (Cebule),COBYLA,,,3,2,full,qasm_gen_grouped,48,,,"N_Qubit inherited from the JW-mapped Hamiltonian (verified, see JW row). Cebule QASM_GEN basis-state-pair-grouping measurement scheme. Expected to require fewer or equal distinct circuits per iteration than plain 'pauli' measurement (that's QASM_GEN's whole purpose), but the exact circuit count is an output of a real QASM_GEN/TN_QC_OPT run, not predictable in advance -- see docs.mqs.dk QASM_GEN section.",91.683,21016.221
243,H2,0,1,2,6-31g,basis_set_exchange,tn_qc_opt,8,yes,TN_QC_OPT (Cebule),COBYLA,,,3,2,phase,pauli,48,,,"N_Qubit inherited from the JW-mapped Hamiltonian (verified, see JW row). Standard per-Pauli-string measurement (baseline).",91.683,21107.905
244,H2,0,1,2,6-31g,basis_set_exchange,tn_qc_opt,8,yes,TN_QC_OPT (Cebule),COBYLA,,,3,2,phase,qasm_gen_grouped,48,,,"N_Qubit inherited from the JW-mapped Hamiltonian (verified, see JW row). Cebule QASM_GEN basis-state-pair-grouping measurement scheme. Expected to require fewer or equal distinct circuits per iteration than plain 'pauli' measurement (that's QASM_GEN's whole purpose), but the exact circuit count is an output of a real QASM_GEN/TN_QC_OPT run, not predictable in advance -- see docs.mqs.dk QASM_GEN section.",91.683,21199.588
259,H2,0,1,2,6-31g,basis_set_exchange,tn_qc_opt+mol_map,4,n/a,TN_QC_OPT (Cebule),COBYLA,,,0,4,n/a (no TN layers),pauli,48,,,N_Qubit inherited from mol_map (see mol_map row) -- not independently re-verified. TN_Layers_Network=0 is the paper's 'circuit only' baseline -- equivalent to plain VQE with this Hamiltonian encoding and no TN preprocessing. Standard per-Pauli-string measurement (baseline).,91.683,21291.272
260,H2,0,1,2,6-31g,basis_set_exchange,tn_qc_opt+mol_map,4,n/a,TN_QC_OPT (Cebule),COBYLA,,,0,4,n/a (no TN layers),qasm_gen_grouped,48,,,"N_Qubit inherited from mol_map (see mol_map row) -- not independently re-verified. TN_Layers_Network=0 is the paper's 'circuit only' baseline -- equivalent to plain VQE with this Hamiltonian encoding and no TN preprocessing. Cebule QASM_GEN basis-state-pair-grouping measurement scheme. Expected to require fewer or equal distinct circuits per iteration than plain 'pauli' measurement (that's QASM_GEN's whole purpose), but the exact circuit count is an output of a real QASM_GEN/TN_QC_OPT run, not predictable in advance -- see docs.mqs.dk QASM_GEN section.",91.683,21382.955
273,H2,0,1,2,6-31g,basis_set_exchange,tn_qc_opt+mol_map,4,n/a,TN_QC_OPT (Cebule),COBYLA,,,1,4,full,pauli,48,,,N_Qubit inherited from mol_map (see mol_map row) -- not independently re-verified. Standard per-Pauli-string measurement (baseline).,91.683,21474.638
274,H2,0,1,2,6-31g,basis_set_exchange,tn_qc_opt+mol_map,4,n/a,TN_QC_OPT (Cebule),COBYLA,,,1,4,full,qasm_gen_grouped,48,,,"N_Qubit inherited from mol_map (see mol_map row) -- not independently re-verified. Cebule QASM_GEN basis-state-pair-grouping measurement scheme. Expected to require fewer or equal distinct circuits per iteration than plain 'pauli' measurement (that's QASM_GEN's whole purpose), but the exact circuit count is an output of a real QASM_GEN/TN_QC_OPT run, not predictable in advance -- see docs.mqs.dk QASM_GEN section.",91.683,21566.322
275,H2,0,1,2,6-31g,basis_set_exchange,tn_qc_opt+mol_map,4,n/a,TN_QC_OPT (Cebule),COBYLA,,,1,4,phase,pauli,48,,,N_Qubit inherited from mol_map (see mol_map row) -- not independently re-verified. Standard per-Pauli-string measurement (baseline).,91.683,21658.005
276,H2,0,1,2,6-31g,basis_set_exchange,tn_qc_opt+mol_map,4,n/a,TN_QC_OPT (Cebule),COBYLA,,,1,4,phase,qasm_gen_grouped,48,,,"N_Qubit inherited from mol_map (see mol_map row) -- not independently re-verified. Cebule QASM_GEN basis-state-pair-grouping measurement scheme. Expected to require fewer or equal distinct circuits per iteration than plain 'pauli' measurement (that's QASM_GEN's whole purpose), but the exact circuit count is an output of a real QASM_GEN/TN_QC_OPT run, not predictable in advance -- see docs.mqs.dk QASM_GEN section.",91.683,21749.688
289,H2,0,1,2,6-31g,basis_set_exchange,tn_qc_opt+mol_map,4,n/a,TN_QC_OPT (Cebule),COBYLA,,,2,4,full,pauli,48,,,N_Qubit inherited from mol_map (see mol_map row) -- not independently re-verified. Standard per-Pauli-string measurement (baseline).,91.683,21841.372
290,H2,0,1,2,6-31g,basis_set_exchange,tn_qc_opt+mol_map,4,n/a,TN_QC_OPT (Cebule),COBYLA,,,2,4,full,qasm_gen_grouped,48,,,"N_Qubit inherited from mol_map (see mol_map row) -- not independently re-verified. Cebule QASM_GEN basis-state-pair-grouping measurement scheme. Expected to require fewer or equal distinct circuits per iteration than plain 'pauli' measurement (that's QASM_GEN's whole purpose), but the exact circuit count is an output of a real QASM_GEN/TN_QC_OPT run, not predictable in advance -- see docs.mqs.dk QASM_GEN section.",91.683,21933.055
291,H2,0,1,2,6-31g,basis_set_exchange,tn_qc_opt+mol_map,4,n/a,TN_QC_OPT (Cebule),COBYLA,,,2,4,phase,pauli,48,,,N_Qubit inherited from mol_map (see mol_map row) -- not independently re-verified. Standard per-Pauli-string measurement (baseline).,91.683,22024.739
292,H2,0,1,2,6-31g,basis_set_exchange,tn_qc_opt+mol_map,4,n/a,TN_QC_OPT (Cebule),COBYLA,,,2,4,phase,qasm_gen_grouped,48,,,"N_Qubit inherited from mol_map (see mol_map row) -- not independently re-verified. Cebule QASM_GEN basis-state-pair-grouping measurement scheme. Expected to require fewer or equal distinct circuits per iteration than plain 'pauli' measurement (that's QASM_GEN's whole purpose), but the exact circuit count is an output of a real QASM_GEN/TN_QC_OPT run, not predictable in advance -- see docs.mqs.dk QASM_GEN section.",91.683,22116.422
305,H2,0,1,2,6-31g,basis_set_exchange,tn_qc_opt+mol_map,4,n/a,TN_QC_OPT (Cebule),COBYLA,,,3,4,full,pauli,48,,,N_Qubit inherited from mol_map (see mol_map row) -- not independently re-verified. Standard per-Pauli-string measurement (baseline).,91.683,22208.105
306,H2,0,1,2,6-31g,basis_set_exchange,tn_qc_opt+mol_map,4,n/a,TN_QC_OPT (Cebule),COBYLA,,,3,4,full,qasm_gen_grouped,48,,,"N_Qubit inherited from mol_map (see mol_map row) -- not independently re-verified. Cebule QASM_GEN basis-state-pair-grouping measurement scheme. Expected to require fewer or equal distinct circuits per iteration than plain 'pauli' measurement (that's QASM_GEN's whole purpose), but the exact circuit count is an output of a real QASM_GEN/TN_QC_OPT run, not predictable in advance -- see docs.mqs.dk QASM_GEN section.",91.683,22299.789
307,H2,0,1,2,6-31g,basis_set_exchange,tn_qc_opt+mol_map,4,n/a,TN_QC_OPT (Cebule),COBYLA,,,3,4,phase,pauli,48,,,N_Qubit inherited from mol_map (see mol_map row) -- not independently re-verified. Standard per-Pauli-string measurement (baseline).,91.683,22391.472
308,H2,0,1,2,6-31g,basis_set_exchange,tn_qc_opt+mol_map,4,n/a,TN_QC_OPT (Cebule),COBYLA,,,3,4,phase,qasm_gen_grouped,48,,,"N_Qubit inherited from mol_map (see mol_map row) -- not independently re-verified. Cebule QASM_GEN basis-state-pair-grouping measurement scheme. Expected to require fewer or equal distinct circuits per iteration than plain 'pauli' measurement (that's QASM_GEN's whole purpose), but the exact circuit count is an output of a real QASM_GEN/TN_QC_OPT run, not predictable in advance -- see docs.mqs.dk QASM_GEN section.",91.683,22483.155
477,H2,0,1,2,cc-pvtz,basis_set_exchange,tn_qc_opt+mol_map,10,n/a,TN_QC_OPT (Cebule),COBYLA,,,0,1,n/a (no TN layers),pauli,30,,,N_Qubit inherited from mol_map (see mol_map row) -- not independently re-verified. TN_Layers_Network=0 is the paper's 'circuit only' baseline -- equivalent to plain VQE with this Hamiltonian encoding and no TN preprocessing. Standard per-Pauli-string measurement (baseline).,91.683,22574.839
478,H2,0,1,2,cc-pvtz,basis_set_exchange,tn_qc_opt+mol_map,10,n/a,TN_QC_OPT (Cebule),COBYLA,,,0,1,n/a (no TN layers),qasm_gen_grouped,30,,,"N_Qubit inherited from mol_map (see mol_map row) -- not independently re-verified. TN_Layers_Network=0 is the paper's 'circuit only' baseline -- equivalent to plain VQE with this Hamiltonian encoding and no TN preprocessing. Cebule QASM_GEN basis-state-pair-grouping measurement scheme. Expected to require fewer or equal distinct circuits per iteration than plain 'pauli' measurement (that's QASM_GEN's whole purpose), but the exact circuit count is an output of a real QASM_GEN/TN_QC_OPT run, not predictable in advance -- see docs.mqs.dk QASM_GEN section.",91.683,22666.522
485,H2,0,1,2,cc-pvtz,basis_set_exchange,tn_qc_opt+mol_map,10,n/a,TN_QC_OPT (Cebule),COBYLA,,,1,1,full,pauli,30,,,N_Qubit inherited from mol_map (see mol_map row) -- not independently re-verified. Standard per-Pauli-string measurement (baseline).,91.683,22758.206
486,H2,0,1,2,cc-pvtz,basis_set_exchange,tn_qc_opt+mol_map,10,n/a,TN_QC_OPT (Cebule),COBYLA,,,1,1,full,qasm_gen_grouped,30,,,"N_Qubit inherited from mol_map (see mol_map row) -- not independently re-verified. Cebule QASM_GEN basis-state-pair-grouping measurement scheme. Expected to require fewer or equal distinct circuits per iteration than plain 'pauli' measurement (that's QASM_GEN's whole purpose), but the exact circuit count is an output of a real QASM_GEN/TN_QC_OPT run, not predictable in advance -- see docs.mqs.dk QASM_GEN section.",91.683,22849.889
487,H2,0,1,2,cc-pvtz,basis_set_exchange,tn_qc_opt+mol_map,10,n/a,TN_QC_OPT (Cebule),COBYLA,,,1,1,phase,pauli,30,,,N_Qubit inherited from mol_map (see mol_map row) -- not independently re-verified. Standard per-Pauli-string measurement (baseline).,91.683,22941.572
488,H2,0,1,2,cc-pvtz,basis_set_exchange,tn_qc_opt+mol_map,10,n/a,TN_QC_OPT (Cebule),COBYLA,,,1,1,phase,qasm_gen_grouped,30,,,"N_Qubit inherited from mol_map (see mol_map row) -- not independently re-verified. Cebule QASM_GEN basis-state-pair-grouping measurement scheme. Expected to require fewer or equal distinct circuits per iteration than plain 'pauli' measurement (that's QASM_GEN's whole purpose), but the exact circuit count is an output of a real QASM_GEN/TN_QC_OPT run, not predictable in advance -- see docs.mqs.dk QASM_GEN section.",91.683,23033.256
501,H2,0,1,2,cc-pvtz,basis_set_exchange,tn_qc_opt+mol_map,10,n/a,TN_QC_OPT (Cebule),COBYLA,,,2,1,full,pauli,30,,,N_Qubit inherited from mol_map (see mol_map row) -- not independently re-verified. Standard per-Pauli-string measurement (baseline).,91.683,23124.939
502,H2,0,1,2,cc-pvtz,basis_set_exchange,tn_qc_opt+mol_map,10,n/a,TN_QC_OPT (Cebule),COBYLA,,,2,1,full,qasm_gen_grouped,30,,,"N_Qubit inherited from mol_map (see mol_map row) -- not independently re-verified. Cebule QASM_GEN basis-state-pair-grouping measurement scheme. Expected to require fewer or equal distinct circuits per iteration than plain 'pauli' measurement (that's QASM_GEN's whole purpose), but the exact circuit count is an output of a real QASM_GEN/TN_QC_OPT run, not predictable in advance -- see docs.mqs.dk QASM_GEN section.",91.683,23216.622
503,H2,0,1,2,cc-pvtz,basis_set_exchange,tn_qc_opt+mol_map,10,n/a,TN_QC_OPT (Cebule),COBYLA,,,2,1,phase,pauli,30,,,N_Qubit inherited from mol_map (see mol_map row) -- not independently re-verified. Standard per-Pauli-string measurement (baseline).,91.683,23308.306
504,H2,0,1,2,cc-pvtz,basis_set_exchange,tn_qc_opt+mol_map,10,n/a,TN_QC_OPT (Cebule),COBYLA,,,2,1,phase,qasm_gen_grouped,30,,,"N_Qubit inherited from mol_map (see mol_map row) -- not independently re-verified. Cebule QASM_GEN basis-state-pair-grouping measurement scheme. Expected to require fewer or equal distinct circuits per iteration than plain 'pauli' measurement (that's QASM_GEN's whole purpose), but the exact circuit count is an output of a real QASM_GEN/TN_QC_OPT run, not predictable in advance -- see docs.mqs.dk QASM_GEN section.",91.683,23399.989
517,H2,0,1,2,cc-pvtz,basis_set_exchange,tn_qc_opt+mol_map,10,n/a,TN_QC_OPT (Cebule),COBYLA,,,3,1,full,pauli,30,,,N_Qubit inherited from mol_map (see mol_map row) -- not independently re-verified. Standard per-Pauli-string measurement (baseline).,91.683,23491.673
518,H2,0,1,2,cc-pvtz,basis_set_exchange,tn_qc_opt+mol_map,10,n/a,TN_QC_OPT (Cebule),COBYLA,,,3,1,full,qasm_gen_grouped,30,,,"N_Qubit inherited from mol_map (see mol_map row) -- not independently re-verified. Cebule QASM_GEN basis-state-pair-grouping measurement scheme. Expected to require fewer or equal distinct circuits per iteration than plain 'pauli' measurement (that's QASM_GEN's whole purpose), but the exact circuit count is an output of a real QASM_GEN/TN_QC_OPT run, not predictable in advance -- see docs.mqs.dk QASM_GEN section.",91.683,23583.356
519,H2,0,1,2,cc-pvtz,basis_set_exchange,tn_qc_opt+mol_map,10,n/a,TN_QC_OPT (Cebule),COBYLA,,,3,1,phase,pauli,30,,,N_Qubit inherited from mol_map (see mol_map row) -- not independently re-verified. Standard per-Pauli-string measurement (baseline).,91.683,23675.039
520,H2,0,1,2,cc-pvtz,basis_set_exchange,tn_qc_opt+mol_map,10,n/a,TN_QC_OPT (Cebule),COBYLA,,,3,1,phase,qasm_gen_grouped,30,,,"N_Qubit inherited from mol_map (see mol_map row) -- not independently re-verified. Cebule QASM_GEN basis-state-pair-grouping measurement scheme. Expected to require fewer or equal distinct circuits per iteration than plain 'pauli' measurement (that's QASM_GEN's whole purpose), but the exact circuit count is an output of a real QASM_GEN/TN_QC_OPT run, not predictable in advance -- see docs.mqs.dk QASM_GEN section.",91.683,23766.723
369,H2,0,1,2,cc-pvdz,basis_set_exchange,tn_qc_opt+mol_map,7,n/a,TN_QC_OPT (Cebule),COBYLA,,,0,3,n/a (no TN layers),pauli,63,,,N_Qubit inherited from mol_map (see mol_map row) -- not independently re-verified. TN_Layers_Network=0 is the paper's 'circuit only' baseline -- equivalent to plain VQE with this Hamiltonian encoding and no TN preprocessing. Standard per-Pauli-string measurement (baseline).,91.772,23858.495
370,H2,0,1,2,cc-pvdz,basis_set_exchange,tn_qc_opt+mol_map,7,n/a,TN_QC_OPT (Cebule),COBYLA,,,0,3,n/a (no TN layers),qasm_gen_grouped,63,,,"N_Qubit inherited from mol_map (see mol_map row) -- not independently re-verified. TN_Layers_Network=0 is the paper's 'circuit only' baseline -- equivalent to plain VQE with this Hamiltonian encoding and no TN preprocessing. Cebule QASM_GEN basis-state-pair-grouping measurement scheme. Expected to require fewer or equal distinct circuits per iteration than plain 'pauli' measurement (that's QASM_GEN's whole purpose), but the exact circuit count is an output of a real QASM_GEN/TN_QC_OPT run, not predictable in advance -- see docs.mqs.dk QASM_GEN section.",91.772,23950.266
